Price,Adj Close,Close,High,Low,Open,Volume
Ticker,EURUSD=X,EURUSD=X,EURUSD=X,EURUSD=X,EURUSD=X,EURUSD=X
Datetime,,,,,,
2024-10-04 11:55:00+00:00,1.1033873558044434,1.1033873558044434,1.1035091876983643,1.103265643119812,1.1035091876983643,0
2024-10-04 12:00:00+00:00,1.103265643119812,1.103265643119812,1.1035091876983643,1.103265643119812,1.1035091876983643,0
2024-10-04 12:05:00+00:00,1.103265643119812,1.103265643119812,1.1035091876983643,1.103265643119812,1.103265643119812,0
2024-10-04 12:10:00+00:00,1.1030223369598389,1.1030223369598389,1.1031439304351807,1.1030223369598389,1.1031439304351807,0
2024-10-04 12:15:00+00:00,1.103265643119812,1.103265643119812,1.103265643119812,1.1030223369598389,1.1031439304351807,0
2024-10-04 12:20:00+00:00,1.1031439304351807,1.1031439304351807,1.1031439304351807,1.1030223369598389,1.1031439304351807,0
2024-10-04 12:25:00+00:00,1.1033873558044434,1.1033873558044434,1.1033873558044434,1.1030223369598389,1.1030223369598389,0
2024-10-04 12:30:00+00:00,1.0974539518356323,1.0974539518356323,1.1007153987884521,1.0968520641326904,1.1007153987884521,0
2024-10-04 12:35:00+00:00,1.0984183549880981,1.0984183549880981,1.098538875579834,1.0973334312438965,1.0979359149932861,0
2024-10-04 12:40:00+00:00,1.0974539518356323,1.0974539518356323,1.0984183549880981,1.0974539518356323,1.0981770753860474,0
2024-10-04 12:45:00+00:00,1.0967316627502441,1.0967316627502441,1.0972130298614502,1.096611499786377,1.0970927476882935,0
2024-10-04 12:50:00+00:00,1.0968520641326904,1.0968520641326904,1.0968520641326904,1.0963709354400635,1.0968520641326904,0
2024-10-04 12:55:00+00:00,1.0963709354400635,1.0963709354400635,1.096611499786377,1.0962508916854858,1.096611499786377,0
2024-10-04 13:00:00+00:00,1.096611499786377,1.096611499786377,1.096611499786377,1.0962508916854858,1.0964912176132202,0
2024-10-04 13:05:00+00:00,1.0975743532180786,1.0975743532180786,1.0976948738098145,1.0973334312438965,1.0973334312438965,0
2024-10-04 13:10:00+00:00,1.0975743532180786,1.0975743532180786,1.0975743532180786,1.0970927476882935,1.0974539518356323,0
2024-10-04 13:15:00+00:00,1.0973334312438965,1.0973334312438965,1.0978153944015503,1.0970927476882935,1.0978153944015503,0
2024-10-04 13:20:00+00:00,1.0964912176132202,1.0964912176132202,1.0972130298614502,1.0964912176132202,1.0969723463058472,0
2024-10-04 13:25:00+00:00,1.0967316627502441,1.0967316627502441,1.0970927476882935,1.0967316627502441,1.0967316627502441,0
2024-10-04 13:30:00+00:00,1.0970927476882935,1.0970927476882935,1.0974539518356323,1.0967316627502441,1.0967316627502441,0
2024-10-04 13:35:00+00:00,1.0976948738098145,1.0976948738098145,1.0976948738098145,1.0972130298614502,1.0972130298614502,0
2024-10-04 13:40:00+00:00,1.098056435585022,1.098056435585022,1.098056435585022,1.0978153944015503,1.0978153944015503,0
2024-10-04 13:45:00+00:00,1.0978153944015503,1.0978153944015503,1.0979359149932861,1.0975743532180786,1.0979359149932861,0
2024-10-04 13:50:00+00:00,1.0978153944015503,1.0978153944015503,1.098056435585022,1.0976948738098145,1.0976948738098145,0
2024-10-04 13:55:00+00:00,1.0976948738098145,1.0976948738098145,1.0976948738098145,1.0974539518356323,1.0976948738098145,0
2024-10-04 14:00:00+00:00,1.0978153944015503,1.0978153944015503,1.0978153944015503,1.0974539518356323,1.0976948738098145,0
2024-10-04 14:05:00+00:00,1.0984183549880981,1.0984183549880981,1.0984183549880981,1.0979359149932861,1.0979359149932861,0
2024-10-04 14:10:00+00:00,1.0978153944015503,1.0978153944015503,1.0982975959777832,1.0978153944015503,1.0981770753860474,0
2024-10-04 14:15:00+00:00,1.0981770753860474,1.0981770753860474,1.0981770753860474,1.0979359149932861,1.0979359149932861,0
2024-10-04 14:20:00+00:00,1.0976948738098145,1.0976948738098145,1.0981770753860474,1.0976948738098145,1.0981770753860474,0
2024-10-04 14:25:00+00:00,1.0974539518356323,1.0974539518356323,1.0976948738098145,1.0973334312438965,1.0976948738098145,0
2024-10-04 14:30:00+00:00,1.0974539518356323,1.0974539518356323,1.0974539518356323,1.0972130298614502,1.0972130298614502,0
2024-10-04 14:35:00+00:00,1.0970927476882935,1.0970927476882935,1.0976948738098145,1.0970927476882935,1.0976948738098145,0
2024-10-04 14:40:00+00:00,1.0975743532180786,1.0975743532180786,1.0975743532180786,1.0970927476882935,1.0972130298614502,0
2024-10-04 14:45:00+00:00,1.0974539518356323,1.0974539518356323,1.0978153944015503,1.0974539518356323,1.0978153944015503,0
2024-10-04 14:50:00+00:00,1.0978153944015503,1.0978153944015503,1.0979359149932861,1.0978153944015503,1.0978153944015503,0
2024-10-04 14:55:00+00:00,1.0972130298614502,1.0972130298614502,1.0974539518356323,1.0972130298614502,1.0974539518356323,0
2024-10-04 15:00:00+00:00,1.0974539518356323,1.0974539518356323,1.0975743532180786,1.0972130298614502,1.0972130298614502,0
2024-10-04 15:05:00+00:00,1.0970927476882935,1.0970927476882935,1.0975743532180786,1.0970927476882935,1.0975743532180786,0
2024-10-04 15:10:00+00:00,1.0973334312438965,1.0973334312438965,1.0973334312438965,1.0970927476882935,1.0970927476882935,0
2024-10-04 15:15:00+00:00,1.0968520641326904,1.0968520641326904,1.0975743532180786,1.0968520641326904,1.0975743532180786,0
2024-10-04 15:20:00+00:00,1.096611499786377,1.096611499786377,1.0968520641326904,1.096611499786377,1.0968520641326904,0
2024-10-04 15:25:00+00:00,1.0962508916854858,1.0962508916854858,1.0964912176132202,1.0962508916854858,1.0964912176132202,0
2024-10-04 15:30:00+00:00,1.0964912176132202,1.0964912176132202,1.096611499786377,1.0960105657577515,1.0960105657577515,0
2024-10-04 15:35:00+00:00,1.0963709354400635,1.0963709354400635,1.0968520641326904,1.0963709354400635,1.0967316627502441,0
2024-10-04 15:40:00+00:00,1.0962508916854858,1.0962508916854858,1.0967316627502441,1.0962508916854858,1.0967316627502441,0
2024-10-04 15:45:00+00:00,1.0960105657577515,1.0960105657577515,1.0962508916854858,1.0960105657577515,1.0961307287216187,0
2024-10-04 15:50:00+00:00,1.0961307287216187,1.0961307287216187,1.0961307287216187,1.0958904027938843,1.0958904027938843,0
2024-10-04 15:55:00+00:00,1.0962508916854858,1.0962508916854858,1.0963709354400635,1.0961307287216187,1.0961307287216187,0
2024-10-04 16:00:00+00:00,1.0962508916854858,1.0962508916854858,1.0963709354400635,1.0962508916854858,1.0963709354400635,0
2024-10-04 16:05:00+00:00,1.0960105657577515,1.0960105657577515,1.0961307287216187,1.0960105657577515,1.0961307287216187,0
2024-10-04 16:10:00+00:00,1.0960105657577515,1.0960105657577515,1.0960105657577515,1.0958904027938843,1.0958904027938843,0
2024-10-04 16:15:00+00:00,1.0957703590393066,1.0957703590393066,1.0957703590393066,1.095650315284729,1.0957703590393066,0
2024-10-04 16:20:00+00:00,1.095650315284729,1.095650315284729,1.0957703590393066,1.0955302715301514,1.0957703590393066,0
2024-10-04 16:25:00+00:00,1.0955302715301514,1.0955302715301514,1.095650315284729,1.0955302715301514,1.095650315284729,0
2024-10-04 16:30:00+00:00,1.0955302715301514,1.0955302715301514,1.095650315284729,1.0954102277755737,1.095650315284729,0
2024-10-04 16:35:00+00:00,1.0960105657577515,1.0960105657577515,1.0960105657577515,1.095650315284729,1.095650315284729,0
2024-10-04 16:40:00+00:00,1.0962508916854858,1.0962508916854858,1.0962508916854858,1.0960105657577515,1.0960105657577515,0
2024-10-04 16:45:00+00:00,1.0964912176132202,1.0964912176132202,1.0964912176132202,1.0961307287216187,1.0961307287216187,0
2024-10-04 16:50:00+00:00,1.0963709354400635,1.0963709354400635,1.0963709354400635,1.0962508916854858,1.0963709354400635,0
2024-10-04 16:55:00+00:00,1.0962508916854858,1.0962508916854858,1.0963709354400635,1.0961307287216187,1.0963709354400635,0
2024-10-04 17:00:00+00:00,1.0962508916854858,1.0962508916854858,1.0962508916854858,1.0962508916854858,1.0962508916854858,0
2024-10-04 17:05:00+00:00,1.0963709354400635,1.0963709354400635,1.0963709354400635,1.0963709354400635,1.0963709354400635,0
2024-10-04 17:10:00+00:00,1.0967316627502441,1.0967316627502441,1.0967316627502441,1.0964912176132202,1.0964912176132202,0
2024-10-04 17:15:00+00:00,1.0967316627502441,1.0967316627502441,1.0968520641326904,1.0967316627502441,1.0967316627502441,0
2024-10-04 17:20:00+00:00,1.0969723463058472,1.0969723463058472,1.0969723463058472,1.0967316627502441,1.0967316627502441,0
2024-10-04 17:25:00+00:00,1.0967316627502441,1.0967316627502441,1.0970927476882935,1.0967316627502441,1.0970927476882935,0
2024-10-04 17:30:00+00:00,1.0968520641326904,1.0968520641326904,1.0968520641326904,1.096611499786377,1.0967316627502441,0
2024-10-04 17:35:00+00:00,1.0967316627502441,1.0967316627502441,1.0968520641326904,1.0967316627502441,1.0968520641326904,0
2024-10-04 17:40:00+00:00,1.0970927476882935,1.0970927476882935,1.0970927476882935,1.0969723463058472,1.0969723463058472,0
2024-10-04 17:45:00+00:00,1.0970927476882935,1.0970927476882935,1.0972130298614502,1.0970927476882935,1.0970927476882935,0
2024-10-04 17:50:00+00:00,1.0969723463058472,1.0969723463058472,1.0970927476882935,1.0969723463058472,1.0970927476882935,0
2024-10-04 17:55:00+00:00,1.0970927476882935,1.0970927476882935,1.0972130298614502,1.0969723463058472,1.0969723463058472,0
2024-10-04 18:00:00+00:00,1.0968520641326904,1.0968520641326904,1.0970927476882935,1.0968520641326904,1.0970927476882935,0
2024-10-04 18:05:00+00:00,1.0970927476882935,1.0970927476882935,1.0972130298614502,1.0969723463058472,1.0969723463058472,0
2024-10-04 18:10:00+00:00,1.0969723463058472,1.0969723463058472,1.0969723463058472,1.0968520641326904,1.0969723463058472,0
2024-10-04 18:15:00+00:00,1.0969723463058472,1.0969723463058472,1.0970927476882935,1.0968520641326904,1.0969723463058472,0
2024-10-04 18:20:00+00:00,1.0970927476882935,1.0970927476882935,1.0970927476882935,1.0969723463058472,1.0969723463058472,0
2024-10-04 18:25:00+00:00,1.0970927476882935,1.0970927476882935,1.0970927476882935,1.0970927476882935,1.0970927476882935,0
2024-10-04 18:30:00+00:00,1.0972130298614502,1.0972130298614502,1.0972130298614502,1.0970927476882935,1.0970927476882935,0
2024-10-04 18:35:00+00:00,1.0970927476882935,1.0970927476882935,1.0970927476882935,1.0970927476882935,1.0970927476882935,0
2024-10-04 18:40:00+00:00,1.0970927476882935,1.0970927476882935,1.0970927476882935,1.0970927476882935,1.0970927476882935,0
2024-10-04 18:45:00+00:00,1.0974539518356323,1.0974539518356323,1.0974539518356323,1.0972130298614502,1.0972130298614502,0
2024-10-04 18:50:00+00:00,1.0974539518356323,1.0974539518356323,1.0974539518356323,1.0973334312438965,1.0973334312438965,0
2024-10-04 18:55:00+00:00,1.0975743532180786,1.0975743532180786,1.0975743532180786,1.0974539518356323,1.0974539518356323,0
2024-10-04 19:00:00+00:00,1.0973334312438965,1.0973334312438965,1.0975743532180786,1.0973334312438965,1.0974539518356323,0
2024-10-04 19:05:00+00:00,1.0975743532180786,1.0975743532180786,1.0975743532180786,1.0974539518356323,1.0975743532180786,0
2024-10-04 19:10:00+00:00,1.0975743532180786,1.0975743532180786,1.0975743532180786,1.0975743532180786,1.0975743532180786,0
2024-10-04 19:15:00+00:00,1.0975743532180786,1.0975743532180786,1.0976948738098145,1.0975743532180786,1.0976948738098145,0
2024-10-04 19:20:00+00:00,1.0976948738098145,1.0976948738098145,1.0976948738098145,1.0976948738098145,1.0976948738098145,0
2024-10-04 19:25:00+00:00,1.0976948738098145,1.0976948738098145,1.0976948738098145,1.0976948738098145,1.0976948738098145,0
2024-10-04 19:30:00+00:00,1.0979359149932861,1.0979359149932861,1.0979359149932861,1.0976948738098145,1.0976948738098145,0
2024-10-04 19:35:00+00:00,1.0979359149932861,1.0979359149932861,1.0979359149932861,1.0979359149932861,1.0979359149932861,0
2024-10-04 19:40:00+00:00,1.098056435585022,1.098056435585022,1.098056435585022,1.0979359149932861,1.0979359149932861,0
2024-10-04 19:45:00+00:00,1.098056435585022,1.098056435585022,1.098056435585022,1.098056435585022,1.098056435585022,0
2024-10-04 19:50:00+00:00,1.0979359149932861,1.0979359149932861,1.098056435585022,1.0979359149932861,1.098056435585022,0
2024-10-04 19:55:00+00:00,1.0979359149932861,1.0979359149932861,1.0979359149932861,1.0978153944015503,1.0978153944015503,0
2024-10-04 20:00:00+00:00,1.098056435585022,1.098056435585022,1.098056435585022,1.0979359149932861,1.0979359149932861,0
2024-10-04 20:05:00+00:00,1.0979359149932861,1.0979359149932861,1.098056435585022,1.0979359149932861,1.098056435585022,0
2024-10-04 20:10:00+00:00,1.0978153944015503,1.0978153944015503,1.0979359149932861,1.0978153944015503,1.0979359149932861,0
2024-10-04 20:15:00+00:00,1.0979359149932861,1.0979359149932861,1.0979359149932861,1.0979359149932861,1.0979359149932861,0
2024-10-04 20:20:00+00:00,1.0979359149932861,1.0979359149932861,1.0979359149932861,1.0979359149932861,1.0979359149932861,0
2024-10-04 20:25:00+00:00,1.0979359149932861,1.0979359149932861,1.098056435585022,1.0979359149932861,1.0979359149932861,0
2024-10-04 20:30:00+00:00,1.0976948738098145,1.0976948738098145,1.0979359149932861,1.0976948738098145,1.0979359149932861,0
2024-10-04 20:35:00+00:00,1.0978153944015503,1.0978153944015503,1.0978153944015503,1.0976948738098145,1.0976948738098145,0
2024-10-04 20:40:00+00:00,1.0975743532180786,1.0975743532180786,1.0976948738098145,1.0975743532180786,1.0976948738098145,0
2024-10-04 20:45:00+00:00,1.0976948738098145,1.0976948738098145,1.0979359149932861,1.0975743532180786,1.0976948738098145,0
2024-10-04 20:50:00+00:00,1.0978153944015503,1.0978153944015503,1.0978153944015503,1.0976948738098145,1.0976948738098145,0
2024-10-04 20:55:00+00:00,1.098056435585022,1.098056435585022,1.098056435585022,1.0976948738098145,1.0979359149932861,0
2024-10-04 21:00:00+00:00,1.0972130298614502,1.0972130298614502,1.0973334312438965,1.0972130298614502,1.0973334312438965,0
2024-10-04 21:05:00+00:00,1.0972130298614502,1.0972130298614502,1.0972130298614502,1.0972130298614502,1.0972130298614502,0
2024-10-04 21:10:00+00:00,1.0972130298614502,1.0972130298614502,1.0972130298614502,1.0972130298614502,1.0972130298614502,0
2024-10-04 21:15:00+00:00,1.0972130298614502,1.0972130298614502,1.0972130298614502,1.0972130298614502,1.0972130298614502,0
2024-10-04 21:20:00+00:00,1.0972130298614502,1.0972130298614502,1.0972130298614502,1.0972130298614502,1.0972130298614502,0
2024-10-04 21:25:00+00:00,1.0972130298614502,1.0972130298614502,1.0972130298614502,1.0972130298614502,1.0972130298614502,0
2024-10-06 23:00:00+00:00,1.0973334312438965,1.0973334312438965,1.0973334312438965,1.0972130298614502,1.0973334312438965,0
2024-10-06 23:05:00+00:00,1.0973334312438965,1.0973334312438965,1.0973334312438965,1.0972130298614502,1.0972130298614502,0
2024-10-06 23:10:00+00:00,1.0973334312438965,1.0973334312438965,1.0973334312438965,1.0973334312438965,1.0973334312438965,0
2024-10-06 23:15:00+00:00,1.0973334312438965,1.0973334312438965,1.0973334312438965,1.0972130298614502,1.0972130298614502,0
2024-10-06 23:20:00+00:00,1.0972130298614502,1.0972130298614502,1.0973334312438965,1.0972130298614502,1.0973334312438965,0
2024-10-06 23:25:00+00:00,1.0972130298614502,1.0972130298614502,1.0972130298614502,1.0972130298614502,1.0972130298614502,0
2024-10-06 23:30:00+00:00,1.0973334312438965,1.0973334312438965,1.0973334312438965,1.0972130298614502,1.0972130298614502,0
2024-10-06 23:35:00+00:00,1.0973334312438965,1.0973334312438965,1.0973334312438965,1.0972130298614502,1.0972130298614502,0
2024-10-06 23:40:00+00:00,1.0973334312438965,1.0973334312438965,1.0973334312438965,1.0973334312438965,1.0973334312438965,0
2024-10-06 23:45:00+00:00,1.0974539518356323,1.0974539518356323,1.0974539518356323,1.0974539518356323,1.0974539518356323,0
2024-10-06 23:50:00+00:00,1.0973334312438965,1.0973334312438965,1.0973334312438965,1.0970927476882935,1.0973334312438965,0
2024-10-06 23:55:00+00:00,1.0974539518356323,1.0974539518356323,1.0974539518356323,1.0973334312438965,1.0973334312438965,0
2024-10-07 00:00:00+00:00,1.0974539518356323,1.0974539518356323,1.0974539518356323,1.0973334312438965,1.0973334312438965,0
2024-10-07 00:05:00+00:00,1.0974539518356323,1.0974539518356323,1.0974539518356323,1.0973334312438965,1.0973334312438965,0
2024-10-07 00:10:00+00:00,1.0974539518356323,1.0974539518356323,1.0974539518356323,1.0973334312438965,1.0974539518356323,0
2024-10-07 00:15:00+00:00,1.0976948738098145,1.0976948738098145,1.0976948738098145,1.0976948738098145,1.0976948738098145,0
2024-10-07 00:20:00+00:00,1.0976948738098145,1.0976948738098145,1.0976948738098145,1.0976948738098145,1.0976948738098145,0
2024-10-07 00:25:00+00:00,1.0978153944015503,1.0978153944015503,1.0978153944015503,1.0976948738098145,1.0976948738098145,0
2024-10-07 00:30:00+00:00,1.0975743532180786,1.0975743532180786,1.0978153944015503,1.0975743532180786,1.0978153944015503,0
2024-10-07 00:35:00+00:00,1.0976948738098145,1.0976948738098145,1.0976948738098145,1.0975743532180786,1.0975743532180786,0
2024-10-07 00:40:00+00:00,1.0974539518356323,1.0974539518356323,1.0975743532180786,1.0974539518356323,1.0975743532180786,0
2024-10-07 00:45:00+00:00,1.0973334312438965,1.0973334312438965,1.0974539518356323,1.0973334312438965,1.0974539518356323,0
2024-10-07 00:50:00+00:00,1.0973334312438965,1.0973334312438965,1.0973334312438965,1.0972130298614502,1.0972130298614502,0
2024-10-07 00:55:00+00:00,1.0974539518356323,1.0974539518356323,1.0974539518356323,1.0973334312438965,1.0973334312438965,0
2024-10-07 01:00:00+00:00,1.0976948738098145,1.0976948738098145,1.0976948738098145,1.0974539518356323,1.0974539518356323,0
2024-10-07 01:05:00+00:00,1.0978153944015503,1.0978153944015503,1.0978153944015503,1.0976948738098145,1.0976948738098145,0
2024-10-07 01:10:00+00:00,1.0974539518356323,1.0974539518356323,1.0978153944015503,1.0974539518356323,1.0978153944015503,0
2024-10-07 01:15:00+00:00,1.0974539518356323,1.0974539518356323,1.0974539518356323,1.0973334312438965,1.0973334312438965,0
2024-10-07 01:20:00+00:00,1.0974539518356323,1.0974539518356323,1.0975743532180786,1.0973334312438965,1.0973334312438965,0
2024-10-07 01:25:00+00:00,1.0975743532180786,1.0975743532180786,1.0975743532180786,1.0974539518356323,1.0974539518356323,0
2024-10-07 01:30:00+00:00,1.0979359149932861,1.0979359149932861,1.0979359149932861,1.0976948738098145,1.0976948738098145,0
2024-10-07 01:35:00+00:00,1.0979359149932861,1.0979359149932861,1.098056435585022,1.0979359149932861,1.0979359149932861,0
2024-10-07 01:40:00+00:00,1.0976948738098145,1.0976948738098145,1.0978153944015503,1.0976948738098145,1.0978153944015503,0
2024-10-07 01:45:00+00:00,1.0975743532180786,1.0975743532180786,1.0978153944015503,1.0974539518356323,1.0978153944015503,0
2024-10-07 01:50:00+00:00,1.0975743532180786,1.0975743532180786,1.0975743532180786,1.0975743532180786,1.0975743532180786,0
2024-10-07 01:55:00+00:00,1.0976948738098145,1.0976948738098145,1.0976948738098145,1.0975743532180786,1.0975743532180786,0
2024-10-07 02:00:00+00:00,1.0978153944015503,1.0978153944015503,1.0978153944015503,1.0976948738098145,1.0978153944015503,0
2024-10-07 02:05:00+00:00,1.0978153944015503,1.0978153944015503,1.0979359149932861,1.0978153944015503,1.0978153944015503,0
2024-10-07 02:10:00+00:00,1.0978153944015503,1.0978153944015503,1.0978153944015503,1.0975743532180786,1.0976948738098145,0
2024-10-07 02:15:00+00:00,1.0979359149932861,1.0979359149932861,1.0979359149932861,1.0978153944015503,1.0978153944015503,0
2024-10-07 02:20:00+00:00,1.0979359149932861,1.0979359149932861,1.098056435585022,1.0979359149932861,1.0979359149932861,0
2024-10-07 02:25:00+00:00,1.0978153944015503,1.0978153944015503,1.0979359149932861,1.0978153944015503,1.0979359149932861,0
2024-10-07 02:30:00+00:00,1.0979359149932861,1.0979359149932861,1.098056435585022,1.0979359149932861,1.0979359149932861,0
2024-10-07 02:35:00+00:00,1.098056435585022,1.098056435585022,1.098056435585022,1.0978153944015503,1.0979359149932861,0
2024-10-07 02:40:00+00:00,1.0976948738098145,1.0976948738098145,1.0979359149932861,1.0976948738098145,1.0979359149932861,0
2024-10-07 02:45:00+00:00,1.0976948738098145,1.0976948738098145,1.0976948738098145,1.0976948738098145,1.0976948738098145,0
2024-10-07 02:50:00+00:00,1.0976948738098145,1.0976948738098145,1.0978153944015503,1.0976948738098145,1.0976948738098145,0
2024-10-07 02:55:00+00:00,1.0974539518356323,1.0974539518356323,1.0976948738098145,1.0974539518356323,1.0976948738098145,0
2024-10-07 03:00:00+00:00,1.0975743532180786,1.0975743532180786,1.0975743532180786,1.0974539518356323,1.0974539518356323,0
2024-10-07 03:05:00+00:00,1.0974539518356323,1.0974539518356323,1.0976948738098145,1.0974539518356323,1.0976948738098145,0
2024-10-07 03:10:00+00:00,1.0974539518356323,1.0974539518356323,1.0975743532180786,1.0974539518356323,1.0974539518356323,0
2024-10-07 03:15:00+00:00,1.0974539518356323,1.0974539518356323,1.0974539518356323,1.0973334312438965,1.0974539518356323,0
2024-10-07 03:20:00+00:00,1.0973334312438965,1.0973334312438965,1.0974539518356323,1.0973334312438965,1.0973334312438965,0
2024-10-07 03:25:00+00:00,1.0973334312438965,1.0973334312438965,1.0974539518356323,1.0973334312438965,1.0974539518356323,0
2024-10-07 03:30:00+00:00,1.0974539518356323,1.0974539518356323,1.0974539518356323,1.0973334312438965,1.0974539518356323,0
2024-10-07 03:35:00+00:00,1.0975743532180786,1.0975743532180786,1.0975743532180786,1.0974539518356323,1.0974539518356323,0
2024-10-07 03:40:00+00:00,1.0974539518356323,1.0974539518356323,1.0974539518356323,1.0974539518356323,1.0974539518356323,0
2024-10-07 03:45:00+00:00,1.0974539518356323,1.0974539518356323,1.0974539518356323,1.0974539518356323,1.0974539518356323,0
2024-10-07 03:50:00+00:00,1.0974539518356323,1.0974539518356323,1.0974539518356323,1.0974539518356323,1.0974539518356323,0
2024-10-07 03:55:00+00:00,1.0975743532180786,1.0975743532180786,1.0975743532180786,1.0974539518356323,1.0974539518356323,0
2024-10-07 04:00:00+00:00,1.0974539518356323,1.0974539518356323,1.0975743532180786,1.0974539518356323,1.0974539518356323,0
2024-10-07 04:05:00+00:00,1.0974539518356323,1.0974539518356323,1.0975743532180786,1.0974539518356323,1.0974539518356323,0
2024-10-07 04:10:00+00:00,1.0974539518356323,1.0974539518356323,1.0975743532180786,1.0974539518356323,1.0974539518356323,0
2024-10-07 04:15:00+00:00,1.0975743532180786,1.0975743532180786,1.0975743532180786,1.0975743532180786,1.0975743532180786,0
2024-10-07 04:20:00+00:00,1.0976948738098145,1.0976948738098145,1.0976948738098145,1.0975743532180786,1.0975743532180786,0
2024-10-07 04:25:00+00:00,1.0975743532180786,1.0975743532180786,1.0975743532180786,1.0975743532180786,1.0975743532180786,0
2024-10-07 04:30:00+00:00,1.0974539518356323,1.0974539518356323,1.0975743532180786,1.0974539518356323,1.0975743532180786,0
2024-10-07 04:35:00+00:00,1.0974539518356323,1.0974539518356323,1.0975743532180786,1.0974539518356323,1.0975743532180786,0
2024-10-07 04:40:00+00:00,1.0974539518356323,1.0974539518356323,1.0974539518356323,1.0973334312438965,1.0974539518356323,0
2024-10-07 04:45:00+00:00,1.0973334312438965,1.0973334312438965,1.0974539518356323,1.0973334312438965,1.0974539518356323,0
2024-10-07 04:50:00+00:00,1.0972130298614502,1.0972130298614502,1.0973334312438965,1.0972130298614502,1.0973334312438965,0
2024-10-07 04:55:00+00:00,1.0972130298614502,1.0972130298614502,1.0972130298614502,1.0970927476882935,1.0970927476882935,0
2024-10-07 05:00:00+00:00,1.0970927476882935,1.0970927476882935,1.0972130298614502,1.0970927476882935,1.0972130298614502,0
2024-10-07 05:05:00+00:00,1.0969723463058472,1.0969723463058472,1.0969723463058472,1.0969723463058472,1.0969723463058472,0
2024-10-07 05:10:00+00:00,1.0968520641326904,1.0968520641326904,1.0969723463058472,1.0968520641326904,1.0969723463058472,0
2024-10-07 05:15:00+00:00,1.0969723463058472,1.0969723463058472,1.0969723463058472,1.0968520641326904,1.0969723463058472,0
2024-10-07 05:20:00+00:00,1.0968520641326904,1.0968520641326904,1.0970927476882935,1.0968520641326904,1.0970927476882935,0
2024-10-07 05:25:00+00:00,1.0967316627502441,1.0967316627502441,1.0969723463058472,1.0967316627502441,1.0969723463058472,0
2024-10-07 05:30:00+00:00,1.0968520641326904,1.0968520641326904,1.0968520641326904,1.0967316627502441,1.0967316627502441,0
2024-10-07 05:35:00+00:00,1.0968520641326904,1.0968520641326904,1.0968520641326904,1.0968520641326904,1.0968520641326904,0
2024-10-07 05:40:00+00:00,1.0969723463058472,1.0969723463058472,1.0970927476882935,1.0969723463058472,1.0969723463058472,0
2024-10-07 05:45:00+00:00,1.0968520641326904,1.0968520641326904,1.0969723463058472,1.0968520641326904,1.0969723463058472,0
2024-10-07 05:50:00+00:00,1.0970927476882935,1.0970927476882935,1.0970927476882935,1.0968520641326904,1.0968520641326904,0
2024-10-07 05:55:00+00:00,1.0972130298614502,1.0972130298614502,1.0972130298614502,1.0970927476882935,1.0970927476882935,0
2024-10-07 06:00:00+00:00,1.0968520641326904,1.0968520641326904,1.0968520641326904,1.0967316627502441,1.0967316627502441,0
2024-10-07 06:05:00+00:00,1.0970927476882935,1.0970927476882935,1.0970927476882935,1.0967316627502441,1.0967316627502441,0
2024-10-07 06:10:00+00:00,1.0972130298614502,1.0972130298614502,1.0972130298614502,1.0969723463058472,1.0969723463058472,0
2024-10-07 06:15:00+00:00,1.0972130298614502,1.0972130298614502,1.0972130298614502,1.0969723463058472,1.0970927476882935,0
2024-10-07 06:20:00+00:00,1.0972130298614502,1.0972130298614502,1.0973334312438965,1.0972130298614502,1.0973334312438965,0
2024-10-07 06:25:00+00:00,1.0970927476882935,1.0970927476882935,1.0970927476882935,1.0967316627502441,1.0969723463058472,0
2024-10-07 06:30:00+00:00,1.0972130298614502,1.0972130298614502,1.0972130298614502,1.0970927476882935,1.0970927476882935,0
2024-10-07 06:35:00+00:00,1.0972130298614502,1.0972130298614502,1.0972130298614502,1.0970927476882935,1.0970927476882935,0
2024-10-07 06:40:00+00:00,1.0973334312438965,1.0973334312438965,1.0973334312438965,1.0970927476882935,1.0970927476882935,0
2024-10-07 06:45:00+00:00,1.0972130298614502,1.0972130298614502,1.0974539518356323,1.0972130298614502,1.0973334312438965,0
2024-10-07 06:50:00+00:00,1.0972130298614502,1.0972130298614502,1.0973334312438965,1.0970927476882935,1.0973334312438965,0
2024-10-07 06:55:00+00:00,1.0974539518356323,1.0974539518356323,1.0974539518356323,1.0970927476882935,1.0970927476882935,0
2024-10-07 07:00:00+00:00,1.0975743532180786,1.0975743532180786,1.0975743532180786,1.0973334312438965,1.0973334312438965,0
2024-10-07 07:05:00+00:00,1.0974539518356323,1.0974539518356323,1.0975743532180786,1.0974539518356323,1.0975743532180786,0
2024-10-07 07:10:00+00:00,1.0970927476882935,1.0970927476882935,1.0974539518356323,1.0970927476882935,1.0973334312438965,0
2024-10-07 07:15:00+00:00,1.0968520641326904,1.0968520641326904,1.0969723463058472,1.0968520641326904,1.0968520641326904,0
2024-10-07 07:20:00+00:00,1.096611499786377,1.096611499786377,1.096611499786377,1.0962508916854858,1.0964912176132202,0
2024-10-07 07:25:00+00:00,1.096611499786377,1.096611499786377,1.096611499786377,1.0963709354400635,1.0964912176132202,0
2024-10-07 07:30:00+00:00,1.096611499786377,1.096611499786377,1.0967316627502441,1.096611499786377,1.0967316627502441,0
2024-10-07 07:35:00+00:00,1.0972130298614502,1.0972130298614502,1.0972130298614502,1.096611499786377,1.096611499786377,0
2024-10-07 07:40:00+00:00,1.0967316627502441,1.0967316627502441,1.0973334312438965,1.0967316627502441,1.0973334312438965,0
2024-10-07 07:45:00+00:00,1.0970927476882935,1.0970927476882935,1.0972130298614502,1.0967316627502441,1.0968520641326904,0
2024-10-07 07:50:00+00:00,1.0970927476882935,1.0970927476882935,1.0972130298614502,1.0970927476882935,1.0972130298614502,0
2024-10-07 07:55:00+00:00,1.0972130298614502,1.0972130298614502,1.0972130298614502,1.0969723463058472,1.0972130298614502,0
2024-10-07 08:00:00+00:00,1.0970927476882935,1.0970927476882935,1.0972130298614502,1.0969723463058472,1.0972130298614502,0
2024-10-07 08:05:00+00:00,1.0975743532180786,1.0975743532180786,1.0975743532180786,1.0969723463058472,1.0969723463058472,0
2024-10-07 08:10:00+00:00,1.0975743532180786,1.0975743532180786,1.0976948738098145,1.0975743532180786,1.0976948738098145,0
2024-10-07 08:15:00+00:00,1.0975743532180786,1.0975743532180786,1.0975743532180786,1.0974539518356323,1.0975743532180786,0
2024-10-07 08:20:00+00:00,1.098056435585022,1.098056435585022,1.098056435585022,1.0976948738098145,1.0976948738098145,0
2024-10-07 08:25:00+00:00,1.0978153944015503,1.0978153944015503,1.098056435585022,1.0978153944015503,1.098056435585022,0
2024-10-07 08:30:00+00:00,1.0978153944015503,1.0978153944015503,1.0979359149932861,1.0976948738098145,1.0976948738098145,0
2024-10-07 08:35:00+00:00,1.0978153944015503,1.0978153944015503,1.098056435585022,1.0978153944015503,1.098056435585022,0
2024-10-07 08:40:00+00:00,1.0975743532180786,1.0975743532180786,1.0979359149932861,1.0975743532180786,1.0976948738098145,0
2024-10-07 08:45:00+00:00,1.0972130298614502,1.0972130298614502,1.0975743532180786,1.0972130298614502,1.0975743532180786,0
2024-10-07 08:50:00+00:00,1.0974539518356323,1.0974539518356323,1.0975743532180786,1.0974539518356323,1.0974539518356323,0
2024-10-07 08:55:00+00:00,1.0972130298614502,1.0972130298614502,1.0974539518356323,1.0970927476882935,1.0974539518356323,0
2024-10-07 09:00:00+00:00,1.0967316627502441,1.0967316627502441,1.0972130298614502,1.0967316627502441,1.0972130298614502,0
2024-10-07 09:05:00+00:00,1.0967316627502441,1.0967316627502441,1.0970927476882935,1.0967316627502441,1.0968520641326904,0
2024-10-07 09:10:00+00:00,1.096611499786377,1.096611499786377,1.0967316627502441,1.096611499786377,1.0967316627502441,0
2024-10-07 09:15:00+00:00,1.096611499786377,1.096611499786377,1.096611499786377,1.096611499786377,1.096611499786377,0
2024-10-07 09:20:00+00:00,1.0963709354400635,1.0963709354400635,1.0968520641326904,1.0963709354400635,1.0967316627502441,0
2024-10-07 09:25:00+00:00,1.0963709354400635,1.0963709354400635,1.096611499786377,1.0962508916854858,1.096611499786377,0
2024-10-07 09:30:00+00:00,1.0961307287216187,1.0961307287216187,1.0964912176132202,1.0961307287216187,1.0964912176132202,0
2024-10-07 09:35:00+00:00,1.0963709354400635,1.0963709354400635,1.0963709354400635,1.0962508916854858,1.0963709354400635,0
2024-10-07 09:40:00+00:00,1.096611499786377,1.096611499786377,1.096611499786377,1.0964912176132202,1.0964912176132202,0
2024-10-07 09:45:00+00:00,1.0961307287216187,1.0961307287216187,1.096611499786377,1.0961307287216187,1.096611499786377,0
2024-10-07 09:50:00+00:00,1.0961307287216187,1.0961307287216187,1.0961307287216187,1.0958904027938843,1.0958904027938843,0
2024-10-07 09:55:00+00:00,1.0962508916854858,1.0962508916854858,1.0963709354400635,1.0961307287216187,1.0961307287216187,0
2024-10-07 10:00:00+00:00,1.0964912176132202,1.0964912176132202,1.096611499786377,1.0961307287216187,1.0963709354400635,0
2024-10-07 10:05:00+00:00,1.096611499786377,1.096611499786377,1.096611499786377,1.0964912176132202,1.0964912176132202,0
2024-10-07 10:10:00+00:00,1.096611499786377,1.096611499786377,1.0967316627502441,1.096611499786377,1.096611499786377,0
2024-10-07 10:15:00+00:00,1.0970927476882935,1.0970927476882935,1.0972130298614502,1.0967316627502441,1.0967316627502441,0
2024-10-07 10:20:00+00:00,1.0969723463058472,1.0969723463058472,1.0970927476882935,1.0968520641326904,1.0970927476882935,0
2024-10-07 10:25:00+00:00,1.0967316627502441,1.0967316627502441,1.0969723463058472,1.0967316627502441,1.0969723463058472,0
2024-10-07 10:30:00+00:00,1.0967316627502441,1.0967316627502441,1.0968520641326904,1.0967316627502441,1.0967316627502441,0
2024-10-07 10:35:00+00:00,1.0970927476882935,1.0970927476882935,1.0970927476882935,1.0969723463058472,1.0969723463058472,0
2024-10-07 10:40:00+00:00,1.0969723463058472,1.0969723463058472,1.0970927476882935,1.0969723463058472,1.0970927476882935,0
2024-10-07 10:45:00+00:00,1.0970927476882935,1.0970927476882935,1.0970927476882935,1.0968520641326904,1.0968520641326904,0
2024-10-07 10:50:00+00:00,1.0969723463058472,1.0969723463058472,1.0970927476882935,1.0969723463058472,1.0970927476882935,0
2024-10-07 10:55:00+00:00,1.0969723463058472,1.0969723463058472,1.0972130298614502,1.0969723463058472,1.0972130298614502,0
2024-10-07 11:00:00+00:00,1.0967316627502441,1.0967316627502441,1.0969723463058472,1.0967316627502441,1.0968520641326904,0
2024-10-07 11:05:00+00:00,1.0967316627502441,1.0967316627502441,1.0967316627502441,1.096611499786377,1.0967316627502441,0
2024-10-07 11:10:00+00:00,1.0973334312438965,1.0973334312438965,1.0973334312438965,1.0968520641326904,1.0968520641326904,0
2024-10-07 11:15:00+00:00,1.0973334312438965,1.0973334312438965,1.0974539518356323,1.0973334312438965,1.0974539518356323,0
2024-10-07 11:20:00+00:00,1.0975743532180786,1.0975743532180786,1.0975743532180786,1.0973334312438965,1.0975743532180786,0
2024-10-07 11:25:00+00:00,1.0974539518356323,1.0974539518356323,1.0976948738098145,1.0974539518356323,1.0976948738098145,0
2024-10-07 11:30:00+00:00,1.0978153944015503,1.0978153944015503,1.0978153944015503,1.0974539518356323,1.0974539518356323,0
2024-10-07 11:35:00+00:00,1.0979359149932861,1.0979359149932861,1.0979359149932861,1.0976948738098145,1.0979359149932861,0
2024-10-07 11:40:00+00:00,1.098056435585022,1.098056435585022,1.0982975959777832,1.0979359149932861,1.0979359149932861,0
2024-10-07 11:45:00+00:00,1.098056435585022,1.098056435585022,1.0981770753860474,1.0979359149932861,1.0981770753860474,0
2024-10-07 11:50:00+00:00,1.0981770753860474,1.0981770753860474,1.0982975959777832,1.0981770753860474,1.0981770753860474,0
2024-10-07 11:55:00+00:00,1.098056435585022,1.098056435585022,1.098056435585022,1.0979359149932861,1.0979359149932861,0
2024-10-07 12:00:00+00:00,1.0982975959777832,1.0982975959777832,1.0982975959777832,1.0981770753860474,1.0981770753860474,0
2024-10-07 12:05:00+00:00,1.098659634590149,1.098659634590149,1.098659634590149,1.0982975959777832,1.0982975959777832,0
2024-10-07 12:10:00+00:00,1.0984183549880981,1.0984183549880981,1.098659634590149,1.0984183549880981,1.098538875579834,0
2024-10-07 12:15:00+00:00,1.0982975959777832,1.0982975959777832,1.0984183549880981,1.0982975959777832,1.0982975959777832,0
2024-10-07 12:20:00+00:00,1.0979359149932861,1.0979359149932861,1.0982975959777832,1.0979359149932861,1.0982975959777832,0
2024-10-07 12:25:00+00:00,1.0978153944015503,1.0978153944015503,1.0978153944015503,1.0976948738098145,1.0978153944015503,0
2024-10-07 12:30:00+00:00,1.0976948738098145,1.0976948738098145,1.0976948738098145,1.0975743532180786,1.0976948738098145,0
2024-10-07 12:35:00+00:00,1.0976948738098145,1.0976948738098145,1.0978153944015503,1.0974539518356323,1.0978153944015503,0
2024-10-07 12:40:00+00:00,1.0976948738098145,1.0976948738098145,1.0979359149932861,1.0976948738098145,1.0978153944015503,0
2024-10-07 12:45:00+00:00,1.0981770753860474,1.0981770753860474,1.0981770753860474,1.0976948738098145,1.0978153944015503,0
2024-10-07 12:50:00+00:00,1.0978153944015503,1.0978153944015503,1.0981770753860474,1.0978153944015503,1.0981770753860474,0
2024-10-07 12:55:00+00:00,1.0981770753860474,1.0981770753860474,1.0981770753860474,1.0978153944015503,1.0978153944015503,0
2024-10-07 13:00:00+00:00,1.098056435585022,1.098056435585022,1.0981770753860474,1.0979359149932861,1.0981770753860474,0
2024-10-07 13:05:00+00:00,1.0982975959777832,1.0982975959777832,1.0984183549880981,1.098056435585022,1.0982975959777832,0
2024-10-07 13:10:00+00:00,1.0982975959777832,1.0982975959777832,1.0982975959777832,1.098056435585022,1.0982975959777832,0
2024-10-07 13:15:00+00:00,1.0984183549880981,1.0984183549880981,1.0984183549880981,1.0984183549880981,1.0984183549880981,0
2024-10-07 13:20:00+00:00,1.0979359149932861,1.0979359149932861,1.098056435585022,1.0979359149932861,1.098056435585022,0
2024-10-07 13:25:00+00:00,1.0978153944015503,1.0978153944015503,1.0978153944015503,1.0976948738098145,1.0976948738098145,0
2024-10-07 13:30:00+00:00,1.0978153944015503,1.0978153944015503,1.0978153944015503,1.0975743532180786,1.0976948738098145,0
2024-10-07 13:35:00+00:00,1.098056435585022,1.098056435585022,1.0981770753860474,1.0978153944015503,1.0978153944015503,0
2024-10-07 13:40:00+00:00,1.0981770753860474,1.0981770753860474,1.0981770753860474,1.0981770753860474,1.0981770753860474,0
2024-10-07 13:45:00+00:00,1.0979359149932861,1.0979359149932861,1.0981770753860474,1.0979359149932861,1.0981770753860474,0
2024-10-07 13:50:00+00:00,1.0981770753860474,1.0981770753860474,1.0981770753860474,1.0979359149932861,1.0979359149932861,0
2024-10-07 13:55:00+00:00,1.0982975959777832,1.0982975959777832,1.0982975959777832,1.098056435585022,1.0982975959777832,0
2024-10-07 14:00:00+00:00,1.098538875579834,1.098538875579834,1.0987803936004639,1.0984183549880981,1.0984183549880981,0
2024-10-07 14:05:00+00:00,1.0979359149932861,1.0979359149932861,1.0982975959777832,1.0979359149932861,1.0982975959777832,0
2024-10-07 14:10:00+00:00,1.098659634590149,1.098659634590149,1.098659634590149,1.098056435585022,1.0981770753860474,0
2024-10-07 14:15:00+00:00,1.0978153944015503,1.0978153944015503,1.0984183549880981,1.0978153944015503,1.0984183549880981,0
2024-10-07 14:20:00+00:00,1.0979359149932861,1.0979359149932861,1.0979359149932861,1.0976948738098145,1.0978153944015503,0
2024-10-07 14:25:00+00:00,1.0978153944015503,1.0978153944015503,1.098056435585022,1.0978153944015503,1.098056435585022,0
2024-10-07 14:30:00+00:00,1.0975743532180786,1.0975743532180786,1.098056435585022,1.0975743532180786,1.098056435585022,0
2024-10-07 14:35:00+00:00,1.0978153944015503,1.0978153944015503,1.0979359149932861,1.0975743532180786,1.0975743532180786,0
2024-10-07 14:40:00+00:00,1.098056435585022,1.098056435585022,1.098056435585022,1.0979359149932861,1.098056435585022,0
2024-10-07 14:45:00+00:00,1.0974539518356323,1.0974539518356323,1.0979359149932861,1.0974539518356323,1.0978153944015503,0
2024-10-07 14:50:00+00:00,1.0976948738098145,1.0976948738098145,1.0976948738098145,1.0973334312438965,1.0973334312438965,0
2024-10-07 14:55:00+00:00,1.0978153944015503,1.0978153944015503,1.0979359149932861,1.0976948738098145,1.0978153944015503,0
2024-10-07 15:00:00+00:00,1.0979359149932861,1.0979359149932861,1.0979359149932861,1.0978153944015503,1.0978153944015503,0
2024-10-07 15:05:00+00:00,1.0976948738098145,1.0976948738098145,1.0979359149932861,1.0976948738098145,1.0979359149932861,0
2024-10-07 15:10:00+00:00,1.0978153944015503,1.0978153944015503,1.0978153944015503,1.0975743532180786,1.0978153944015503,0
2024-10-07 15:15:00+00:00,1.0975743532180786,1.0975743532180786,1.0978153944015503,1.0975743532180786,1.0978153944015503,0
2024-10-07 15:20:00+00:00,1.0978153944015503,1.0978153944015503,1.098056435585022,1.0978153944015503,1.0978153944015503,0
2024-10-07 15:25:00+00:00,1.0979359149932861,1.0979359149932861,1.098056435585022,1.0979359149932861,1.098056435585022,0
2024-10-07 15:30:00+00:00,1.0979359149932861,1.0979359149932861,1.0979359149932861,1.0978153944015503,1.0979359149932861,0
2024-10-07 15:35:00+00:00,1.098056435585022,1.098056435585022,1.098056435585022,1.0978153944015503,1.0978153944015503,0
2024-10-07 15:40:00+00:00,1.0978153944015503,1.0978153944015503,1.0981770753860474,1.0978153944015503,1.0981770753860474,0
2024-10-07 15:45:00+00:00,1.0979359149932861,1.0979359149932861,1.0979359149932861,1.0976948738098145,1.0978153944015503,0
2024-10-07 15:50:00+00:00,1.0979359149932861,1.0979359149932861,1.098056435585022,1.0979359149932861,1.098056435585022,0
2024-10-07 15:55:00+00:00,1.0978153944015503,1.0978153944015503,1.0979359149932861,1.0978153944015503,1.0979359149932861,0
2024-10-07 16:00:00+00:00,1.098056435585022,1.098056435585022,1.098056435585022,1.0979359149932861,1.0979359149932861,0
2024-10-07 16:05:00+00:00,1.098056435585022,1.098056435585022,1.0981770753860474,1.098056435585022,1.0981770753860474,0
2024-10-07 16:10:00+00:00,1.098056435585022,1.098056435585022,1.0981770753860474,1.098056435585022,1.0981770753860474,0
2024-10-07 16:15:00+00:00,1.0982975959777832,1.0982975959777832,1.0982975959777832,1.098056435585022,1.098056435585022,0
2024-10-07 16:20:00+00:00,1.098659634590149,1.098659634590149,1.098659634590149,1.0982975959777832,1.0982975959777832,0
2024-10-07 16:25:00+00:00,1.0982975959777832,1.0982975959777832,1.098538875579834,1.0982975959777832,1.098538875579834,0
2024-10-07 16:30:00+00:00,1.0981770753860474,1.0981770753860474,1.0982975959777832,1.0981770753860474,1.0982975959777832,0
2024-10-07 16:35:00+00:00,1.0982975959777832,1.0982975959777832,1.0984183549880981,1.0981770753860474,1.0981770753860474,0
2024-10-07 16:40:00+00:00,1.098538875579834,1.098538875579834,1.098538875579834,1.0982975959777832,1.0982975959777832,0
2024-10-07 16:45:00+00:00,1.0984183549880981,1.0984183549880981,1.098538875579834,1.0984183549880981,1.098538875579834,0
2024-10-07 16:50:00+00:00,1.098659634590149,1.098659634590149,1.098659634590149,1.098538875579834,1.098538875579834,0
2024-10-07 16:55:00+00:00,1.098659634590149,1.098659634590149,1.0987803936004639,1.098659634590149,1.098659634590149,0
2024-10-07 17:00:00+00:00,1.0987803936004639,1.0987803936004639,1.0987803936004639,1.098659634590149,1.098659634590149,0
2024-10-07 17:05:00+00:00,1.098659634590149,1.098659634590149,1.0987803936004639,1.098659634590149,1.0987803936004639,0
2024-10-07 17:10:00+00:00,1.0987803936004639,1.0987803936004639,1.0987803936004639,1.098659634590149,1.098659634590149,0
2024-10-07 17:15:00+00:00,1.098538875579834,1.098538875579834,1.0987803936004639,1.098538875579834,1.0987803936004639,0
2024-10-07 17:20:00+00:00,1.0984183549880981,1.0984183549880981,1.098659634590149,1.0984183549880981,1.098659634590149,0
2024-10-07 17:25:00+00:00,1.098659634590149,1.098659634590149,1.0987803936004639,1.0984183549880981,1.0984183549880981,0
2024-10-07 17:30:00+00:00,1.0987803936004639,1.0987803936004639,1.0987803936004639,1.098659634590149,1.098659634590149,0
2024-10-07 17:35:00+00:00,1.0989010334014893,1.0989010334014893,1.0989010334014893,1.0987803936004639,1.0987803936004639,0
2024-10-07 17:40:00+00:00,1.0987803936004639,1.0987803936004639,1.0990219116210938,1.0987803936004639,1.0989010334014893,0
2024-10-07 17:45:00+00:00,1.0987803936004639,1.0987803936004639,1.0987803936004639,1.0987803936004639,1.0987803936004639,0
2024-10-07 17:50:00+00:00,1.098659634590149,1.098659634590149,1.0987803936004639,1.098659634590149,1.0987803936004639,0
2024-10-07 17:55:00+00:00,1.098538875579834,1.098538875579834,1.098538875579834,1.0984183549880981,1.098538875579834,0
2024-10-07 18:00:00+00:00,1.0981770753860474,1.0981770753860474,1.0984183549880981,1.0981770753860474,1.0984183549880981,0
2024-10-07 18:05:00+00:00,1.0981770753860474,1.0981770753860474,1.0982975959777832,1.0981770753860474,1.0982975959777832,0
2024-10-07 18:10:00+00:00,1.0978153944015503,1.0978153944015503,1.0981770753860474,1.0978153944015503,1.0981770753860474,0
2024-10-07 18:15:00+00:00,1.0978153944015503,1.0978153944015503,1.0978153944015503,1.0978153944015503,1.0978153944015503,0
2024-10-07 18:20:00+00:00,1.0976948738098145,1.0976948738098145,1.0979359149932861,1.0976948738098145,1.0979359149932861,0
2024-10-07 18:25:00+00:00,1.0976948738098145,1.0976948738098145,1.0978153944015503,1.0976948738098145,1.0976948738098145,0
2024-10-07 18:30:00+00:00,1.0979359149932861,1.0979359149932861,1.0979359149932861,1.0976948738098145,1.0976948738098145,0
2024-10-07 18:35:00+00:00,1.0976948738098145,1.0976948738098145,1.0979359149932861,1.0976948738098145,1.0976948738098145,0
2024-10-07 18:40:00+00:00,1.0975743532180786,1.0975743532180786,1.0978153944015503,1.0975743532180786,1.0978153944015503,0
2024-10-07 18:45:00+00:00,1.0975743532180786,1.0975743532180786,1.0975743532180786,1.0974539518356323,1.0975743532180786,0
2024-10-07 18:50:00+00:00,1.0972130298614502,1.0972130298614502,1.0974539518356323,1.0972130298614502,1.0974539518356323,0
2024-10-07 18:55:00+00:00,1.0972130298614502,1.0972130298614502,1.0974539518356323,1.0972130298614502,1.0972130298614502,0
2024-10-07 19:00:00+00:00,1.0968520641326904,1.0968520641326904,1.0970927476882935,1.0968520641326904,1.0970927476882935,0
2024-10-07 19:05:00+00:00,1.0969723463058472,1.0969723463058472,1.0969723463058472,1.0968520641326904,1.0968520641326904,0
2024-10-07 19:10:00+00:00,1.0972130298614502,1.0972130298614502,1.0972130298614502,1.0969723463058472,1.0969723463058472,0
2024-10-07 19:15:00+00:00,1.0973334312438965,1.0973334312438965,1.0973334312438965,1.0973334312438965,1.0973334312438965,0
2024-10-07 19:20:00+00:00,1.0973334312438965,1.0973334312438965,1.0974539518356323,1.0973334312438965,1.0974539518356323,0
2024-10-07 19:25:00+00:00,1.0973334312438965,1.0973334312438965,1.0974539518356323,1.0973334312438965,1.0974539518356323,0
2024-10-07 19:30:00+00:00,1.0972130298614502,1.0972130298614502,1.0973334312438965,1.0970927476882935,1.0972130298614502,0
2024-10-07 19:35:00+00:00,1.0970927476882935,1.0970927476882935,1.0972130298614502,1.0970927476882935,1.0972130298614502,0
2024-10-07 19:40:00+00:00,1.0972130298614502,1.0972130298614502,1.0972130298614502,1.0972130298614502,1.0972130298614502,0
2024-10-07 19:45:00+00:00,1.0972130298614502,1.0972130298614502,1.0973334312438965,1.0972130298614502,1.0972130298614502,0
2024-10-07 19:50:00+00:00,1.0974539518356323,1.0974539518356323,1.0974539518356323,1.0972130298614502,1.0972130298614502,0
2024-10-07 19:55:00+00:00,1.0975743532180786,1.0975743532180786,1.0975743532180786,1.0973334312438965,1.0973334312438965,0
2024-10-07 20:00:00+00:00,1.0975743532180786,1.0975743532180786,1.0975743532180786,1.0974539518356323,1.0975743532180786,0
2024-10-07 20:05:00+00:00,1.0976948738098145,1.0976948738098145,1.0976948738098145,1.0975743532180786,1.0975743532180786,0
2024-10-07 20:10:00+00:00,1.0975743532180786,1.0975743532180786,1.0975743532180786,1.0975743532180786,1.0975743532180786,0
2024-10-07 20:15:00+00:00,1.0976948738098145,1.0976948738098145,1.0976948738098145,1.0975743532180786,1.0975743532180786,0
2024-10-07 20:20:00+00:00,1.0975743532180786,1.0975743532180786,1.0975743532180786,1.0975743532180786,1.0975743532180786,0
2024-10-07 20:25:00+00:00,1.0975743532180786,1.0975743532180786,1.0976948738098145,1.0975743532180786,1.0975743532180786,0
2024-10-07 20:30:00+00:00,1.0974539518356323,1.0974539518356323,1.0976948738098145,1.0974539518356323,1.0976948738098145,0
2024-10-07 20:35:00+00:00,1.0976948738098145,1.0976948738098145,1.0976948738098145,1.0974539518356323,1.0974539518356323,0
2024-10-07 20:40:00+00:00,1.0976948738098145,1.0976948738098145,1.0976948738098145,1.0976948738098145,1.0976948738098145,0
2024-10-07 20:45:00+00:00,1.0976948738098145,1.0976948738098145,1.0976948738098145,1.0976948738098145,1.0976948738098145,0
2024-10-07 20:50:00+00:00,1.0975743532180786,1.0975743532180786,1.0976948738098145,1.0975743532180786,1.0976948738098145,0
2024-10-07 20:55:00+00:00,1.0976948738098145,1.0976948738098145,1.0976948738098145,1.0976948738098145,1.0976948738098145,0
2024-10-07 21:00:00+00:00,1.0978153944015503,1.0978153944015503,1.0979359149932861,1.0976948738098145,1.0976948738098145,0
2024-10-07 21:05:00+00:00,1.0979359149932861,1.0979359149932861,1.0979359149932861,1.0976948738098145,1.0976948738098145,0
2024-10-07 21:10:00+00:00,1.0975743532180786,1.0975743532180786,1.0976948738098145,1.0974539518356323,1.0976948738098145,0
2024-10-07 21:15:00+00:00,1.0976948738098145,1.0976948738098145,1.0979359149932861,1.0976948738098145,1.0978153944015503,0
2024-10-07 21:20:00+00:00,1.0974539518356323,1.0974539518356323,1.0978153944015503,1.0974539518356323,1.0978153944015503,0
2024-10-07 21:25:00+00:00,1.0979359149932861,1.0979359149932861,1.0979359149932861,1.0975743532180786,1.0978153944015503,0
2024-10-07 21:30:00+00:00,1.0976948738098145,1.0976948738098145,1.0978153944015503,1.0975743532180786,1.0975743532180786,0
2024-10-07 21:35:00+00:00,1.0978153944015503,1.0978153944015503,1.0978153944015503,1.0976948738098145,1.0978153944015503,0
2024-10-07 21:40:00+00:00,1.0976948738098145,1.0976948738098145,1.0978153944015503,1.0976948738098145,1.0976948738098145,0
2024-10-07 21:45:00+00:00,1.0976948738098145,1.0976948738098145,1.0978153944015503,1.0976948738098145,1.0978153944015503,0
2024-10-07 21:50:00+00:00,1.0976948738098145,1.0976948738098145,1.0978153944015503,1.0976948738098145,1.0978153944015503,0
2024-10-07 21:55:00+00:00,1.0978153944015503,1.0978153944015503,1.0978153944015503,1.0976948738098145,1.0978153944015503,0
2024-10-07 22:00:00+00:00,1.0978153944015503,1.0978153944015503,1.098056435585022,1.0978153944015503,1.0978153944015503,0
2024-10-07 22:05:00+00:00,1.0979359149932861,1.0979359149932861,1.0979359149932861,1.0978153944015503,1.0978153944015503,0
2024-10-07 22:10:00+00:00,1.098056435585022,1.098056435585022,1.098056435585022,1.0979359149932861,1.0979359149932861,0
2024-10-07 22:15:00+00:00,1.098056435585022,1.098056435585022,1.098056435585022,1.098056435585022,1.098056435585022,0
2024-10-07 22:20:00+00:00,1.098056435585022,1.098056435585022,1.098056435585022,1.098056435585022,1.098056435585022,0
2024-10-07 22:25:00+00:00,1.098056435585022,1.098056435585022,1.098056435585022,1.098056435585022,1.098056435585022,0
2024-10-07 22:30:00+00:00,1.0981770753860474,1.0981770753860474,1.0981770753860474,1.0979359149932861,1.0979359149932861,0
2024-10-07 22:35:00+00:00,1.098056435585022,1.098056435585022,1.0981770753860474,1.098056435585022,1.098056435585022,0
2024-10-07 22:40:00+00:00,1.0981770753860474,1.0981770753860474,1.0981770753860474,1.098056435585022,1.098056435585022,0
2024-10-07 22:45:00+00:00,1.098056435585022,1.098056435585022,1.0981770753860474,1.098056435585022,1.098056435585022,0
2024-10-07 22:50:00+00:00,1.098056435585022,1.098056435585022,1.0981770753860474,1.098056435585022,1.098056435585022,0
2024-10-07 22:55:00+00:00,1.098056435585022,1.098056435585022,1.098056435585022,1.0979359149932861,1.098056435585022,0
2024-10-07 23:00:00+00:00,1.098056435585022,1.098056435585022,1.0981770753860474,1.098056435585022,1.0981770753860474,0
2024-10-07 23:05:00+00:00,1.098056435585022,1.098056435585022,1.098056435585022,1.098056435585022,1.098056435585022,0
2024-10-07 23:10:00+00:00,1.0979359149932861,1.0979359149932861,1.098056435585022,1.0979359149932861,1.098056435585022,0
2024-10-07 23:15:00+00:00,1.098056435585022,1.098056435585022,1.098056435585022,1.0979359149932861,1.0979359149932861,0
2024-10-07 23:20:00+00:00,1.098056435585022,1.098056435585022,1.098056435585022,1.0979359149932861,1.098056435585022,0
2024-10-07 23:25:00+00:00,1.0979359149932861,1.0979359149932861,1.098056435585022,1.0979359149932861,1.098056435585022,0
2024-10-07 23:30:00+00:00,1.0979359149932861,1.0979359149932861,1.0979359149932861,1.0978153944015503,1.0979359149932861,0
2024-10-07 23:35:00+00:00,1.098056435585022,1.098056435585022,1.098056435585022,1.0979359149932861,1.0979359149932861,0
2024-10-07 23:40:00+00:00,1.0979359149932861,1.0979359149932861,1.0979359149932861,1.0979359149932861,1.0979359149932861,0
2024-10-07 23:45:00+00:00,1.0978153944015503,1.0978153944015503,1.0979359149932861,1.0978153944015503,1.0979359149932861,0
2024-10-07 23:50:00+00:00,1.0978153944015503,1.0978153944015503,1.0979359149932861,1.0978153944015503,1.0978153944015503,0
2024-10-07 23:55:00+00:00,1.0976948738098145,1.0976948738098145,1.0978153944015503,1.0976948738098145,1.0976948738098145,0
2024-10-08 00:00:00+00:00,1.0978153944015503,1.0978153944015503,1.0978153944015503,1.0978153944015503,1.0978153944015503,0
2024-10-08 00:05:00+00:00,1.0978153944015503,1.0978153944015503,1.0978153944015503,1.0978153944015503,1.0978153944015503,0
2024-10-08 00:10:00+00:00,1.098056435585022,1.098056435585022,1.098056435585022,1.0978153944015503,1.0978153944015503,0
2024-10-08 00:15:00+00:00,1.0981770753860474,1.0981770753860474,1.0981770753860474,1.098056435585022,1.098056435585022,0
2024-10-08 00:20:00+00:00,1.0981770753860474,1.0981770753860474,1.0982975959777832,1.0981770753860474,1.0981770753860474,0
2024-10-08 00:25:00+00:00,1.0982975959777832,1.0982975959777832,1.0982975959777832,1.0981770753860474,1.0981770753860474,0
2024-10-08 00:30:00+00:00,1.0982975959777832,1.0982975959777832,1.0982975959777832,1.0982975959777832,1.0982975959777832,0
2024-10-08 00:35:00+00:00,1.0984183549880981,1.0984183549880981,1.0984183549880981,1.0982975959777832,1.0982975959777832,0
2024-10-08 00:40:00+00:00,1.0984183549880981,1.0984183549880981,1.0984183549880981,1.0984183549880981,1.0984183549880981,0
2024-10-08 00:45:00+00:00,1.098538875579834,1.098538875579834,1.098538875579834,1.0984183549880981,1.098538875579834,0
2024-10-08 00:50:00+00:00,1.0984183549880981,1.0984183549880981,1.098659634590149,1.0984183549880981,1.098538875579834,0
2024-10-08 00:55:00+00:00,1.0984183549880981,1.0984183549880981,1.0984183549880981,1.0984183549880981,1.0984183549880981,0
2024-10-08 01:00:00+00:00,1.0984183549880981,1.0984183549880981,1.098538875579834,1.0984183549880981,1.0984183549880981,0
2024-10-08 01:05:00+00:00,1.098659634590149,1.098659634590149,1.098659634590149,1.0984183549880981,1.0984183549880981,0
2024-10-08 01:10:00+00:00,1.098659634590149,1.098659634590149,1.098659634590149,1.098659634590149,1.098659634590149,0
2024-10-08 01:15:00+00:00,1.098538875579834,1.098538875579834,1.098659634590149,1.098538875579834,1.098538875579834,0
2024-10-08 01:20:00+00:00,1.098659634590149,1.098659634590149,1.098659634590149,1.098659634590149,1.098659634590149,0
2024-10-08 01:25:00+00:00,1.098659634590149,1.098659634590149,1.098659634590149,1.098538875579834,1.098659634590149,0
2024-10-08 01:30:00+00:00,1.098659634590149,1.098659634590149,1.098659634590149,1.098538875579834,1.098538875579834,0
2024-10-08 01:35:00+00:00,1.098538875579834,1.098538875579834,1.098659634590149,1.098538875579834,1.098538875579834,0
2024-10-08 01:40:00+00:00,1.098659634590149,1.098659634590149,1.0987803936004639,1.098659634590149,1.098659634590149,0
2024-10-08 01:45:00+00:00,1.098659634590149,1.098659634590149,1.0987803936004639,1.098659634590149,1.098659634590149,0
2024-10-08 01:50:00+00:00,1.098659634590149,1.098659634590149,1.098659634590149,1.098659634590149,1.098659634590149,0
2024-10-08 01:55:00+00:00,1.098659634590149,1.098659634590149,1.098659634590149,1.098659634590149,1.098659634590149,0
2024-10-08 02:00:00+00:00,1.098659634590149,1.098659634590149,1.098659634590149,1.098659634590149,1.098659634590149,0
2024-10-08 02:05:00+00:00,1.098538875579834,1.098538875579834,1.098659634590149,1.0984183549880981,1.098659634590149,0
2024-10-08 02:10:00+00:00,1.0984183549880981,1.0984183549880981,1.098538875579834,1.0984183549880981,1.098538875579834,0
2024-10-08 02:15:00+00:00,1.0981770753860474,1.0981770753860474,1.0984183549880981,1.0981770753860474,1.0982975959777832,0
2024-10-08 02:20:00+00:00,1.0979359149932861,1.0979359149932861,1.0981770753860474,1.0979359149932861,1.0981770753860474,0
2024-10-08 02:25:00+00:00,1.098056435585022,1.098056435585022,1.0981770753860474,1.098056435585022,1.098056435585022,0
2024-10-08 02:30:00+00:00,1.0976948738098145,1.0976948738098145,1.0978153944015503,1.0976948738098145,1.0978153944015503,0
2024-10-08 02:35:00+00:00,1.0979359149932861,1.0979359149932861,1.098056435585022,1.0975743532180786,1.0975743532180786,0
2024-10-08 02:40:00+00:00,1.0979359149932861,1.0979359149932861,1.0979359149932861,1.0976948738098145,1.0978153944015503,0
2024-10-08 02:45:00+00:00,1.0981770753860474,1.0981770753860474,1.0981770753860474,1.0979359149932861,1.0979359149932861,0
2024-10-08 02:50:00+00:00,1.0981770753860474,1.0981770753860474,1.0981770753860474,1.0981770753860474,1.0981770753860474,0
2024-10-08 02:55:00+00:00,1.0984183549880981,1.0984183549880981,1.0984183549880981,1.0981770753860474,1.0981770753860474,0
2024-10-08 03:00:00+00:00,1.0987803936004639,1.0987803936004639,1.0987803936004639,1.098538875579834,1.098538875579834,0
2024-10-08 03:05:00+00:00,1.098538875579834,1.098538875579834,1.0987803936004639,1.098538875579834,1.0987803936004639,0
2024-10-08 03:10:00+00:00,1.098659634590149,1.098659634590149,1.098659634590149,1.098538875579834,1.098538875579834,0
2024-10-08 03:15:00+00:00,1.0987803936004639,1.0987803936004639,1.0987803936004639,1.0987803936004639,1.0987803936004639,0
2024-10-08 03:20:00+00:00,1.098659634590149,1.098659634590149,1.098659634590149,1.098659634590149,1.098659634590149,0
2024-10-08 03:25:00+00:00,1.098659634590149,1.098659634590149,1.098659634590149,1.098538875579834,1.098538875579834,0
2024-10-08 03:30:00+00:00,1.0987803936004639,1.0987803936004639,1.0987803936004639,1.098659634590149,1.098659634590149,0
2024-10-08 03:35:00+00:00,1.0989010334014893,1.0989010334014893,1.0989010334014893,1.0987803936004639,1.0987803936004639,0
2024-10-08 03:40:00+00:00,1.0989010334014893,1.0989010334014893,1.0989010334014893,1.0987803936004639,1.0987803936004639,0
2024-10-08 03:45:00+00:00,1.0989010334014893,1.0989010334014893,1.0989010334014893,1.0989010334014893,1.0989010334014893,0
2024-10-08 03:50:00+00:00,1.0987803936004639,1.0987803936004639,1.0987803936004639,1.098659634590149,1.0987803936004639,0
2024-10-08 03:55:00+00:00,1.098659634590149,1.098659634590149,1.098659634590149,1.098659634590149,1.098659634590149,0
2024-10-08 04:00:00+00:00,1.098659634590149,1.098659634590149,1.0989010334014893,1.098659634590149,1.0987803936004639,0
2024-10-08 04:05:00+00:00,1.0987803936004639,1.0987803936004639,1.0987803936004639,1.0987803936004639,1.0987803936004639,0
2024-10-08 04:10:00+00:00,1.098659634590149,1.098659634590149,1.0987803936004639,1.098538875579834,1.0987803936004639,0
2024-10-08 04:15:00+00:00,1.0989010334014893,1.0989010334014893,1.0989010334014893,1.0987803936004639,1.0987803936004639,0
2024-10-08 04:20:00+00:00,1.0987803936004639,1.0987803936004639,1.0987803936004639,1.0987803936004639,1.0987803936004639,0
2024-10-08 04:25:00+00:00,1.098659634590149,1.098659634590149,1.0987803936004639,1.098659634590149,1.0987803936004639,0
2024-10-08 04:30:00+00:00,1.0987803936004639,1.0987803936004639,1.0987803936004639,1.098659634590149,1.098659634590149,0
2024-10-08 04:35:00+00:00,1.0987803936004639,1.0987803936004639,1.0989010334014893,1.0987803936004639,1.0989010334014893,0
2024-10-08 04:40:00+00:00,1.0989010334014893,1.0989010334014893,1.0989010334014893,1.0987803936004639,1.0987803936004639,0
2024-10-08 04:45:00+00:00,1.0989010334014893,1.0989010334014893,1.0989010334014893,1.0987803936004639,1.0989010334014893,0
2024-10-08 04:50:00+00:00,1.0989010334014893,1.0989010334014893,1.0989010334014893,1.0989010334014893,1.0989010334014893,0
2024-10-08 04:55:00+00:00,1.0989010334014893,1.0989010334014893,1.0989010334014893,1.0989010334014893,1.0989010334014893,0
2024-10-08 05:00:00+00:00,1.0987803936004639,1.0987803936004639,1.0989010334014893,1.0987803936004639,1.0987803936004639,0
2024-10-08 05:05:00+00:00,1.098659634590149,1.098659634590149,1.0987803936004639,1.098659634590149,1.098659634590149,0
2024-10-08 05:10:00+00:00,1.098659634590149,1.098659634590149,1.098659634590149,1.098538875579834,1.098538875579834,0
2024-10-08 05:15:00+00:00,1.0989010334014893,1.0989010334014893,1.0989010334014893,1.098659634590149,1.098659634590149,0
2024-10-08 05:20:00+00:00,1.0987803936004639,1.0987803936004639,1.0989010334014893,1.0987803936004639,1.0989010334014893,0
2024-10-08 05:25:00+00:00,1.0987803936004639,1.0987803936004639,1.0987803936004639,1.098659634590149,1.0987803936004639,0
2024-10-08 05:30:00+00:00,1.098538875579834,1.098538875579834,1.0987803936004639,1.0984183549880981,1.0987803936004639,0
2024-10-08 05:35:00+00:00,1.098538875579834,1.098538875579834,1.098659634590149,1.098538875579834,1.098659634590149,0
2024-10-08 05:40:00+00:00,1.098659634590149,1.098659634590149,1.098659634590149,1.098659634590149,1.098659634590149,0
2024-10-08 05:45:00+00:00,1.098659634590149,1.098659634590149,1.098659634590149,1.098538875579834,1.098538875579834,0
2024-10-08 05:50:00+00:00,1.098538875579834,1.098538875579834,1.098659634590149,1.098538875579834,1.098538875579834,0
2024-10-08 05:55:00+00:00,1.098659634590149,1.098659634590149,1.098659634590149,1.0984183549880981,1.098538875579834,0
2024-10-08 06:00:00+00:00,1.0989010334014893,1.0989010334014893,1.0989010334014893,1.098659634590149,1.0989010334014893,0
2024-10-08 06:05:00+00:00,1.098659634590149,1.098659634590149,1.0987803936004639,1.098538875579834,1.098659634590149,0
2024-10-08 06:10:00+00:00,1.098659634590149,1.098659634590149,1.0989010334014893,1.098659634590149,1.0989010334014893,0
2024-10-08 06:15:00+00:00,1.0987803936004639,1.0987803936004639,1.0987803936004639,1.098659634590149,1.098659634590149,0
2024-10-08 06:20:00+00:00,1.098659634590149,1.098659634590149,1.0989010334014893,1.098659634590149,1.0987803936004639,0
2024-10-08 06:25:00+00:00,1.098659634590149,1.098659634590149,1.0987803936004639,1.098659634590149,1.0987803936004639,0
2024-10-08 06:30:00+00:00,1.098659634590149,1.098659634590149,1.098659634590149,1.098538875579834,1.098659634590149,0
2024-10-08 06:35:00+00:00,1.0987803936004639,1.0987803936004639,1.0987803936004639,1.098538875579834,1.098538875579834,0
2024-10-08 06:40:00+00:00,1.0990219116210938,1.0990219116210938,1.0990219116210938,1.0987803936004639,1.0987803936004639,0
2024-10-08 06:45:00+00:00,1.0991426706314087,1.0991426706314087,1.0991426706314087,1.0990219116210938,1.0990219116210938,0
2024-10-08 06:50:00+00:00,1.0990219116210938,1.0990219116210938,1.0990219116210938,1.0989010334014893,1.0990219116210938,0
2024-10-08 06:55:00+00:00,1.098659634590149,1.098659634590149,1.0990219116210938,1.098659634590149,1.0990219116210938,0
2024-10-08 07:00:00+00:00,1.0984183549880981,1.0984183549880981,1.098659634590149,1.0984183549880981,1.098659634590149,0
2024-10-08 07:05:00+00:00,1.0984183549880981,1.0984183549880981,1.098538875579834,1.0984183549880981,1.098538875579834,0
2024-10-08 07:10:00+00:00,1.098538875579834,1.098538875579834,1.098659634590149,1.0984183549880981,1.0984183549880981,0
2024-10-08 07:15:00+00:00,1.098538875579834,1.098538875579834,1.098538875579834,1.098538875579834,1.098538875579834,0
2024-10-08 07:20:00+00:00,1.0982975959777832,1.0982975959777832,1.0984183549880981,1.0982975959777832,1.0984183549880981,0
2024-10-08 07:25:00+00:00,1.0984183549880981,1.0984183549880981,1.0984183549880981,1.0981770753860474,1.0981770753860474,0
2024-10-08 07:30:00+00:00,1.098659634590149,1.098659634590149,1.0987803936004639,1.098659634590149,1.098659634590149,0
2024-10-08 07:35:00+00:00,1.0991426706314087,1.0991426706314087,1.0991426706314087,1.098538875579834,1.098659634590149,0
2024-10-08 07:40:00+00:00,1.0993843078613281,1.0993843078613281,1.0993843078613281,1.0990219116210938,1.0991426706314087,0
2024-10-08 07:45:00+00:00,1.0995051860809326,1.0995051860809326,1.0997470617294312,1.0995051860809326,1.0996261835098267,0
2024-10-08 07:50:00+00:00,1.0996261835098267,1.0996261835098267,1.0996261835098267,1.0995051860809326,1.0996261835098267,0
2024-10-08 07:55:00+00:00,1.0997470617294312,1.0997470617294312,1.0997470617294312,1.0996261835098267,1.0997470617294312,0
2024-10-08 08:00:00+00:00,1.0997470617294312,1.0997470617294312,1.0997470617294312,1.0996261835098267,1.0996261835098267,0
2024-10-08 08:05:00+00:00,1.0995051860809326,1.0995051860809326,1.0999890565872192,1.0995051860809326,1.0999890565872192,0
2024-10-08 08:10:00+00:00,1.0993843078613281,1.0993843078613281,1.0996261835098267,1.0993843078613281,1.0995051860809326,0
2024-10-08 08:15:00+00:00,1.0990219116210938,1.0990219116210938,1.0995051860809326,1.0990219116210938,1.0995051860809326,0
2024-10-08 08:20:00+00:00,1.0992635488510132,1.0992635488510132,1.0992635488510132,1.0989010334014893,1.0990219116210938,0
2024-10-08 08:25:00+00:00,1.0991426706314087,1.0991426706314087,1.0993843078613281,1.0990219116210938,1.0993843078613281,0
2024-10-08 08:30:00+00:00,1.0987803936004639,1.0987803936004639,1.0991426706314087,1.098659634590149,1.0991426706314087,0
2024-10-08 08:35:00+00:00,1.0990219116210938,1.0990219116210938,1.0990219116210938,1.098659634590149,1.0987803936004639,0
2024-10-08 08:40:00+00:00,1.0990219116210938,1.0990219116210938,1.0990219116210938,1.0987803936004639,1.0990219116210938,0
2024-10-08 08:45:00+00:00,1.0989010334014893,1.0989010334014893,1.0990219116210938,1.0987803936004639,1.0990219116210938,0
2024-10-08 08:50:00+00:00,1.0992635488510132,1.0992635488510132,1.0992635488510132,1.0989010334014893,1.0989010334014893,0
2024-10-08 08:55:00+00:00,1.0996261835098267,1.0996261835098267,1.0996261835098267,1.0992635488510132,1.0992635488510132,0
2024-10-08 09:00:00+00:00,1.0997470617294312,1.0997470617294312,1.0997470617294312,1.0995051860809326,1.0996261835098267,0
2024-10-08 09:05:00+00:00,1.0996261835098267,1.0996261835098267,1.0996261835098267,1.0993843078613281,1.0996261835098267,0
2024-10-08 09:10:00+00:00,1.0995051860809326,1.0995051860809326,1.0995051860809326,1.0993843078613281,1.0993843078613281,0
2024-10-08 09:15:00+00:00,1.0995051860809326,1.0995051860809326,1.0996261835098267,1.0995051860809326,1.0995051860809326,0
2024-10-08 09:20:00+00:00,1.0992635488510132,1.0992635488510132,1.0995051860809326,1.0991426706314087,1.0995051860809326,0
2024-10-08 09:25:00+00:00,1.0991426706314087,1.0991426706314087,1.0992635488510132,1.0990219116210938,1.0992635488510132,0
2024-10-08 09:30:00+00:00,1.0993843078613281,1.0993843078613281,1.0993843078613281,1.0991426706314087,1.0991426706314087,0
2024-10-08 09:35:00+00:00,1.0992635488510132,1.0992635488510132,1.0996261835098267,1.0992635488510132,1.0995051860809326,0
2024-10-08 09:40:00+00:00,1.0992635488510132,1.0992635488510132,1.0993843078613281,1.0992635488510132,1.0993843078613281,0
2024-10-08 09:45:00+00:00,1.0992635488510132,1.0992635488510132,1.0992635488510132,1.0991426706314087,1.0992635488510132,0
2024-10-08 09:50:00+00:00,1.0990219116210938,1.0990219116210938,1.0993843078613281,1.0990219116210938,1.0993843078613281,0
2024-10-08 09:55:00+00:00,1.0990219116210938,1.0990219116210938,1.0991426706314087,1.0989010334014893,1.0990219116210938,0
2024-10-08 10:00:00+00:00,1.0995051860809326,1.0995051860809326,1.0995051860809326,1.0991426706314087,1.0991426706314087,0
2024-10-08 10:05:00+00:00,1.0993843078613281,1.0993843078613281,1.0993843078613281,1.0991426706314087,1.0991426706314087,0
2024-10-08 10:10:00+00:00,1.0993843078613281,1.0993843078613281,1.0995051860809326,1.0992635488510132,1.0993843078613281,0
2024-10-08 10:15:00+00:00,1.0991426706314087,1.0991426706314087,1.0995051860809326,1.0991426706314087,1.0995051860809326,0
2024-10-08 10:20:00+00:00,1.0993843078613281,1.0993843078613281,1.0993843078613281,1.0991426706314087,1.0991426706314087,0
2024-10-08 10:25:00+00:00,1.0992635488510132,1.0992635488510132,1.0993843078613281,1.0992635488510132,1.0993843078613281,0
2024-10-08 10:30:00+00:00,1.0991426706314087,1.0991426706314087,1.0993843078613281,1.0991426706314087,1.0992635488510132,0
2024-10-08 10:35:00+00:00,1.0989010334014893,1.0989010334014893,1.0992635488510132,1.0989010334014893,1.0992635488510132,0
2024-10-08 10:40:00+00:00,1.098659634590149,1.098659634590149,1.0987803936004639,1.098659634590149,1.0987803936004639,0
2024-10-08 10:45:00+00:00,1.098659634590149,1.098659634590149,1.0987803936004639,1.098659634590149,1.098659634590149,0
2024-10-08 10:50:00+00:00,1.098659634590149,1.098659634590149,1.0987803936004639,1.098659634590149,1.098659634590149,0
2024-10-08 10:55:00+00:00,1.0990219116210938,1.0990219116210938,1.0990219116210938,1.0987803936004639,1.0987803936004639,0
2024-10-08 11:00:00+00:00,1.0989010334014893,1.0989010334014893,1.0989010334014893,1.0987803936004639,1.0987803936004639,0
2024-10-08 11:05:00+00:00,1.0987803936004639,1.0987803936004639,1.0990219116210938,1.0987803936004639,1.0989010334014893,0
2024-10-08 11:10:00+00:00,1.098538875579834,1.098538875579834,1.098659634590149,1.098538875579834,1.098659634590149,0
2024-10-08 11:15:00+00:00,1.098538875579834,1.098538875579834,1.098538875579834,1.0984183549880981,1.098538875579834,0
2024-10-08 11:20:00+00:00,1.098538875579834,1.098538875579834,1.098659634590149,1.0984183549880981,1.0984183549880981,0
2024-10-08 11:25:00+00:00,1.0984183549880981,1.0984183549880981,1.0984183549880981,1.0984183549880981,1.0984183549880981,0
2024-10-08 11:30:00+00:00,1.0981770753860474,1.0981770753860474,1.0982975959777832,1.0981770753860474,1.0982975959777832,0
2024-10-08 11:35:00+00:00,1.098538875579834,1.098538875579834,1.098538875579834,1.0982975959777832,1.0982975959777832,0
2024-10-08 11:40:00+00:00,1.098538875579834,1.098538875579834,1.098659634590149,1.098538875579834,1.098659634590149,0
2024-10-08 11:45:00+00:00,1.0987803936004639,1.0987803936004639,1.0987803936004639,1.098659634590149,1.098659634590149,0
2024-10-08 11:50:00+00:00,1.0990219116210938,1.0990219116210938,1.0990219116210938,1.098659634590149,1.098659634590149,0
2024-10-08 11:55:00+00:00,1.0990219116210938,1.0990219116210938,1.0991426706314087,1.0990219116210938,1.0991426706314087,0
2024-10-08 12:00:00+00:00,1.0991426706314087,1.0991426706314087,1.0992635488510132,1.0991426706314087,1.0992635488510132,0
2024-10-08 12:05:00+00:00,1.0984183549880981,1.0984183549880981,1.0990219116210938,1.0984183549880981,1.0990219116210938,0
2024-10-08 12:10:00+00:00,1.0984183549880981,1.0984183549880981,1.098538875579834,1.0984183549880981,1.0984183549880981,0
2024-10-08 12:15:00+00:00,1.098659634590149,1.098659634590149,1.098659634590149,1.0984183549880981,1.0984183549880981,0
2024-10-08 12:20:00+00:00,1.098659634590149,1.098659634590149,1.0989010334014893,1.098659634590149,1.0989010334014893,0
2024-10-08 12:25:00+00:00,1.0981770753860474,1.0981770753860474,1.098538875579834,1.0981770753860474,1.098538875579834,0
2024-10-08 12:30:00+00:00,1.0978153944015503,1.0978153944015503,1.098056435585022,1.0978153944015503,1.098056435585022,0
2024-10-08 12:35:00+00:00,1.0976948738098145,1.0976948738098145,1.0978153944015503,1.0976948738098145,1.0978153944015503,0
2024-10-08 12:40:00+00:00,1.0978153944015503,1.0978153944015503,1.0979359149932861,1.0976948738098145,1.0979359149932861,0
2024-10-08 12:45:00+00:00,1.0978153944015503,1.0978153944015503,1.0979359149932861,1.0978153944015503,1.0978153944015503,0
2024-10-08 12:50:00+00:00,1.0978153944015503,1.0978153944015503,1.0979359149932861,1.0976948738098145,1.0976948738098145,0
2024-10-08 12:55:00+00:00,1.0978153944015503,1.0978153944015503,1.0978153944015503,1.0974539518356323,1.0976948738098145,0
2024-10-08 13:00:00+00:00,1.098056435585022,1.098056435585022,1.0981770753860474,1.0978153944015503,1.0979359149932861,0
2024-10-08 13:05:00+00:00,1.098538875579834,1.098538875579834,1.098659634590149,1.0981770753860474,1.0981770753860474,0
2024-10-08 13:10:00+00:00,1.0981770753860474,1.0981770753860474,1.098538875579834,1.098056435585022,1.098538875579834,0
2024-10-08 13:15:00+00:00,1.0984183549880981,1.0984183549880981,1.098538875579834,1.0981770753860474,1.0981770753860474,0
2024-10-08 13:20:00+00:00,1.098538875579834,1.098538875579834,1.098538875579834,1.0982975959777832,1.0982975959777832,0
2024-10-08 13:25:00+00:00,1.0981770753860474,1.0981770753860474,1.0984183549880981,1.0981770753860474,1.0984183549880981,0
2024-10-08 13:30:00+00:00,1.0982975959777832,1.0982975959777832,1.0984183549880981,1.0981770753860474,1.0981770753860474,0
2024-10-08 13:35:00+00:00,1.0981770753860474,1.0981770753860474,1.0981770753860474,1.098056435585022,1.0981770753860474,0
2024-10-08 13:40:00+00:00,1.0981770753860474,1.0981770753860474,1.0982975959777832,1.098056435585022,1.098056435585022,0
2024-10-08 13:45:00+00:00,1.0984183549880981,1.0984183549880981,1.098659634590149,1.0982975959777832,1.0982975959777832,0
2024-10-08 13:50:00+00:00,1.0978153944015503,1.0978153944015503,1.0984183549880981,1.0978153944015503,1.0984183549880981,0
2024-10-08 13:55:00+00:00,1.0981770753860474,1.0981770753860474,1.0981770753860474,1.0979359149932861,1.0979359149932861,0
2024-10-08 14:00:00+00:00,1.098056435585022,1.098056435585022,1.0981770753860474,1.098056435585022,1.098056435585022,0
2024-10-08 14:05:00+00:00,1.098056435585022,1.098056435585022,1.098056435585022,1.0979359149932861,1.098056435585022,0
2024-10-08 14:10:00+00:00,1.0979359149932861,1.0979359149932861,1.0979359149932861,1.0979359149932861,1.0979359149932861,0
2024-10-08 14:15:00+00:00,1.0981770753860474,1.0981770753860474,1.0981770753860474,1.0979359149932861,1.0979359149932861,0
2024-10-08 14:20:00+00:00,1.098056435585022,1.098056435585022,1.0982975959777832,1.0979359149932861,1.0982975959777832,0
2024-10-08 14:25:00+00:00,1.0976948738098145,1.0976948738098145,1.098056435585022,1.0976948738098145,1.098056435585022,0
2024-10-08 14:30:00+00:00,1.0970927476882935,1.0970927476882935,1.0974539518356323,1.0970927476882935,1.0974539518356323,0
2024-10-08 14:35:00+00:00,1.0972130298614502,1.0972130298614502,1.0972130298614502,1.0970927476882935,1.0970927476882935,0
2024-10-08 14:40:00+00:00,1.0970927476882935,1.0970927476882935,1.0972130298614502,1.0970927476882935,1.0972130298614502,0
2024-10-08 14:45:00+00:00,1.0972130298614502,1.0972130298614502,1.0973334312438965,1.0970927476882935,1.0970927476882935,0
2024-10-08 14:50:00+00:00,1.0970927476882935,1.0970927476882935,1.0973334312438965,1.0969723463058472,1.0973334312438965,0
2024-10-08 14:55:00+00:00,1.0974539518356323,1.0974539518356323,1.0974539518356323,1.0972130298614502,1.0973334312438965,0
2024-10-08 15:00:00+00:00,1.0973334312438965,1.0973334312438965,1.0973334312438965,1.0972130298614502,1.0973334312438965,0
2024-10-08 15:05:00+00:00,1.0972130298614502,1.0972130298614502,1.0972130298614502,1.0970927476882935,1.0972130298614502,0
2024-10-08 15:10:00+00:00,1.0973334312438965,1.0973334312438965,1.0973334312438965,1.0970927476882935,1.0970927476882935,0
2024-10-08 15:15:00+00:00,1.0974539518356323,1.0974539518356323,1.0974539518356323,1.0973334312438965,1.0973334312438965,0
2024-10-08 15:20:00+00:00,1.0970927476882935,1.0970927476882935,1.0974539518356323,1.0970927476882935,1.0974539518356323,0
2024-10-08 15:25:00+00:00,1.0968520641326904,1.0968520641326904,1.0970927476882935,1.0968520641326904,1.0970927476882935,0
2024-10-08 15:30:00+00:00,1.096611499786377,1.096611499786377,1.0967316627502441,1.096611499786377,1.0967316627502441,0
2024-10-08 15:35:00+00:00,1.0968520641326904,1.0968520641326904,1.0968520641326904,1.096611499786377,1.096611499786377,0
2024-10-08 15:40:00+00:00,1.0968520641326904,1.0968520641326904,1.0969723463058472,1.0968520641326904,1.0968520641326904,0
2024-10-08 15:45:00+00:00,1.0969723463058472,1.0969723463058472,1.0970927476882935,1.0968520641326904,1.0968520641326904,0
2024-10-08 15:50:00+00:00,1.0973334312438965,1.0973334312438965,1.0973334312438965,1.0972130298614502,1.0972130298614502,0
2024-10-08 15:55:00+00:00,1.0973334312438965,1.0973334312438965,1.0974539518356323,1.0973334312438965,1.0974539518356323,0
2024-10-08 16:00:00+00:00,1.0974539518356323,1.0974539518356323,1.0974539518356323,1.0972130298614502,1.0972130298614502,0
2024-10-08 16:05:00+00:00,1.0974539518356323,1.0974539518356323,1.0974539518356323,1.0974539518356323,1.0974539518356323,0
2024-10-08 16:10:00+00:00,1.0974539518356323,1.0974539518356323,1.0974539518356323,1.0973334312438965,1.0974539518356323,0
2024-10-08 16:15:00+00:00,1.0978153944015503,1.0978153944015503,1.0978153944015503,1.0974539518356323,1.0974539518356323,0
2024-10-08 16:20:00+00:00,1.0979359149932861,1.0979359149932861,1.0979359149932861,1.0978153944015503,1.0979359149932861,0
2024-10-08 16:25:00+00:00,1.0979359149932861,1.0979359149932861,1.0979359149932861,1.0978153944015503,1.0978153944015503,0
2024-10-08 16:30:00+00:00,1.0979359149932861,1.0979359149932861,1.0979359149932861,1.0979359149932861,1.0979359149932861,0
2024-10-08 16:35:00+00:00,1.0979359149932861,1.0979359149932861,1.098056435585022,1.0979359149932861,1.098056435585022,0
2024-10-08 16:40:00+00:00,1.0978153944015503,1.0978153944015503,1.0979359149932861,1.0978153944015503,1.0979359149932861,0
2024-10-08 16:45:00+00:00,1.098056435585022,1.098056435585022,1.098056435585022,1.0978153944015503,1.0978153944015503,0
2024-10-08 16:50:00+00:00,1.0979359149932861,1.0979359149932861,1.0981770753860474,1.0979359149932861,1.098056435585022,0
2024-10-08 16:55:00+00:00,1.0979359149932861,1.0979359149932861,1.0979359149932861,1.0978153944015503,1.0979359149932861,0
2024-10-08 17:00:00+00:00,1.0973334312438965,1.0973334312438965,1.0978153944015503,1.0973334312438965,1.0978153944015503,0
2024-10-08 17:05:00+00:00,1.0972130298614502,1.0972130298614502,1.0972130298614502,1.0972130298614502,1.0972130298614502,0
2024-10-08 17:10:00+00:00,1.0969723463058472,1.0969723463058472,1.0972130298614502,1.0969723463058472,1.0969723463058472,0
2024-10-08 17:15:00+00:00,1.0969723463058472,1.0969723463058472,1.0970927476882935,1.0968520641326904,1.0970927476882935,0
2024-10-08 17:20:00+00:00,1.0974539518356323,1.0974539518356323,1.0974539518356323,1.0970927476882935,1.0970927476882935,0
2024-10-08 17:25:00+00:00,1.0975743532180786,1.0975743532180786,1.0976948738098145,1.0974539518356323,1.0974539518356323,0
2024-10-08 17:30:00+00:00,1.0976948738098145,1.0976948738098145,1.0978153944015503,1.0976948738098145,1.0978153944015503,0
2024-10-08 17:35:00+00:00,1.0974539518356323,1.0974539518356323,1.0976948738098145,1.0974539518356323,1.0975743532180786,0
2024-10-08 17:40:00+00:00,1.0976948738098145,1.0976948738098145,1.0976948738098145,1.0973334312438965,1.0973334312438965,0
2024-10-08 17:45:00+00:00,1.0974539518356323,1.0974539518356323,1.0975743532180786,1.0974539518356323,1.0975743532180786,0
2024-10-08 17:50:00+00:00,1.0974539518356323,1.0974539518356323,1.0974539518356323,1.0973334312438965,1.0974539518356323,0
2024-10-08 17:55:00+00:00,1.0976948738098145,1.0976948738098145,1.0976948738098145,1.0974539518356323,1.0974539518356323,0
2024-10-08 18:00:00+00:00,1.0976948738098145,1.0976948738098145,1.0978153944015503,1.0976948738098145,1.0976948738098145,0
2024-10-08 18:05:00+00:00,1.0979359149932861,1.0979359149932861,1.0979359149932861,1.0976948738098145,1.0976948738098145,0
2024-10-08 18:10:00+00:00,1.0978153944015503,1.0978153944015503,1.0979359149932861,1.0978153944015503,1.0979359149932861,0
2024-10-08 18:15:00+00:00,1.0976948738098145,1.0976948738098145,1.0978153944015503,1.0976948738098145,1.0978153944015503,0
2024-10-08 18:20:00+00:00,1.0974539518356323,1.0974539518356323,1.0976948738098145,1.0974539518356323,1.0976948738098145,0
2024-10-08 18:25:00+00:00,1.0974539518356323,1.0974539518356323,1.0974539518356323,1.0974539518356323,1.0974539518356323,0
2024-10-08 18:30:00+00:00,1.0975743532180786,1.0975743532180786,1.0975743532180786,1.0973334312438965,1.0974539518356323,0
2024-10-08 18:35:00+00:00,1.0974539518356323,1.0974539518356323,1.0975743532180786,1.0974539518356323,1.0975743532180786,0
2024-10-08 18:40:00+00:00,1.0973334312438965,1.0973334312438965,1.0975743532180786,1.0973334312438965,1.0974539518356323,0
2024-10-08 18:45:00+00:00,1.0972130298614502,1.0972130298614502,1.0973334312438965,1.0972130298614502,1.0972130298614502,0
2024-10-08 18:50:00+00:00,1.0975743532180786,1.0975743532180786,1.0975743532180786,1.0973334312438965,1.0973334312438965,0
2024-10-08 18:55:00+00:00,1.0975743532180786,1.0975743532180786,1.0975743532180786,1.0973334312438965,1.0973334312438965,0
2024-10-08 19:00:00+00:00,1.0974539518356323,1.0974539518356323,1.0974539518356323,1.0974539518356323,1.0974539518356323,0
2024-10-08 19:05:00+00:00,1.0973334312438965,1.0973334312438965,1.0974539518356323,1.0973334312438965,1.0974539518356323,0
2024-10-08 19:10:00+00:00,1.0973334312438965,1.0973334312438965,1.0973334312438965,1.0973334312438965,1.0973334312438965,0
2024-10-08 19:15:00+00:00,1.0974539518356323,1.0974539518356323,1.0974539518356323,1.0973334312438965,1.0973334312438965,0
2024-10-08 19:20:00+00:00,1.0974539518356323,1.0974539518356323,1.0974539518356323,1.0973334312438965,1.0974539518356323,0
2024-10-08 19:25:00+00:00,1.0975743532180786,1.0975743532180786,1.0976948738098145,1.0975743532180786,1.0975743532180786,0
2024-10-08 19:30:00+00:00,1.0975743532180786,1.0975743532180786,1.0975743532180786,1.0974539518356323,1.0974539518356323,0
2024-10-08 19:35:00+00:00,1.0976948738098145,1.0976948738098145,1.0976948738098145,1.0975743532180786,1.0975743532180786,0
2024-10-08 19:40:00+00:00,1.0978153944015503,1.0978153944015503,1.0978153944015503,1.0976948738098145,1.0976948738098145,0
2024-10-08 19:45:00+00:00,1.0978153944015503,1.0978153944015503,1.0979359149932861,1.0978153944015503,1.0978153944015503,0
2024-10-08 19:50:00+00:00,1.0979359149932861,1.0979359149932861,1.0979359149932861,1.0978153944015503,1.0978153944015503,0
2024-10-08 19:55:00+00:00,1.098056435585022,1.098056435585022,1.098056435585022,1.098056435585022,1.098056435585022,0
2024-10-08 20:00:00+00:00,1.098056435585022,1.098056435585022,1.098056435585022,1.0979359149932861,1.098056435585022,0
2024-10-08 20:05:00+00:00,1.098056435585022,1.098056435585022,1.098056435585022,1.098056435585022,1.098056435585022,0
2024-10-08 20:10:00+00:00,1.0981770753860474,1.0981770753860474,1.0981770753860474,1.098056435585022,1.098056435585022,0
2024-10-08 20:15:00+00:00,1.0981770753860474,1.0981770753860474,1.0981770753860474,1.0981770753860474,1.0981770753860474,0
2024-10-08 20:20:00+00:00,1.0981770753860474,1.0981770753860474,1.0981770753860474,1.0981770753860474,1.0981770753860474,0
2024-10-08 20:25:00+00:00,1.0981770753860474,1.0981770753860474,1.0982975959777832,1.0981770753860474,1.0981770753860474,0
2024-10-08 20:30:00+00:00,1.0981770753860474,1.0981770753860474,1.0981770753860474,1.0981770753860474,1.0981770753860474,0
2024-10-08 20:35:00+00:00,1.0981770753860474,1.0981770753860474,1.0982975959777832,1.0981770753860474,1.0981770753860474,0
2024-10-08 20:40:00+00:00,1.0981770753860474,1.0981770753860474,1.0981770753860474,1.0981770753860474,1.0981770753860474,0
2024-10-08 20:45:00+00:00,1.0982975959777832,1.0982975959777832,1.0982975959777832,1.0981770753860474,1.0981770753860474,0
2024-10-08 20:50:00+00:00,1.0982975959777832,1.0982975959777832,1.0982975959777832,1.0982975959777832,1.0982975959777832,0
2024-10-08 20:55:00+00:00,1.0982975959777832,1.0982975959777832,1.0984183549880981,1.0982975959777832,1.0982975959777832,0
2024-10-08 21:00:00+00:00,1.0981770753860474,1.0981770753860474,1.098659634590149,1.0979359149932861,1.098659634590149,0
2024-10-08 21:05:00+00:00,1.098056435585022,1.098056435585022,1.0984183549880981,1.0978153944015503,1.0979359149932861,0
2024-10-08 21:10:00+00:00,1.0979359149932861,1.0979359149932861,1.0982975959777832,1.0979359149932861,1.098056435585022,0
2024-10-08 21:15:00+00:00,1.0982975959777832,1.0982975959777832,1.0982975959777832,1.098056435585022,1.0981770753860474,0
2024-10-08 21:20:00+00:00,1.0981770753860474,1.0981770753860474,1.0982975959777832,1.0981770753860474,1.0981770753860474,0
2024-10-08 21:25:00+00:00,1.0981770753860474,1.0981770753860474,1.0982975959777832,1.0981770753860474,1.0982975959777832,0
2024-10-08 21:30:00+00:00,1.0982975959777832,1.0982975959777832,1.0982975959777832,1.0981770753860474,1.0982975959777832,0
2024-10-08 21:35:00+00:00,1.0981770753860474,1.0981770753860474,1.0982975959777832,1.0981770753860474,1.0982975959777832,0
2024-10-08 21:40:00+00:00,1.0982975959777832,1.0982975959777832,1.0982975959777832,1.0981770753860474,1.0981770753860474,0
2024-10-08 21:45:00+00:00,1.0981770753860474,1.0981770753860474,1.0982975959777832,1.0981770753860474,1.0981770753860474,0
2024-10-08 21:50:00+00:00,1.0982975959777832,1.0982975959777832,1.0982975959777832,1.0981770753860474,1.0981770753860474,0
2024-10-08 21:55:00+00:00,1.0981770753860474,1.0981770753860474,1.0982975959777832,1.0981770753860474,1.0982975959777832,0
2024-10-08 22:00:00+00:00,1.0982975959777832,1.0982975959777832,1.098538875579834,1.0982975959777832,1.098538875579834,0
2024-10-08 22:05:00+00:00,1.0982975959777832,1.0982975959777832,1.0982975959777832,1.0981770753860474,1.0981770753860474,0
2024-10-08 22:10:00+00:00,1.0982975959777832,1.0982975959777832,1.0982975959777832,1.0981770753860474,1.0981770753860474,0
2024-10-08 22:15:00+00:00,1.0981770753860474,1.0981770753860474,1.0982975959777832,1.0981770753860474,1.0982975959777832,0
2024-10-08 22:20:00+00:00,1.0981770753860474,1.0981770753860474,1.0981770753860474,1.0981770753860474,1.0981770753860474,0
2024-10-08 22:25:00+00:00,1.0981770753860474,1.0981770753860474,1.0981770753860474,1.0981770753860474,1.0981770753860474,0
2024-10-08 22:30:00+00:00,1.0981770753860474,1.0981770753860474,1.0981770753860474,1.0981770753860474,1.0981770753860474,0
2024-10-08 22:35:00+00:00,1.0982975959777832,1.0982975959777832,1.0982975959777832,1.0981770753860474,1.0981770753860474,0
2024-10-08 22:40:00+00:00,1.0981770753860474,1.0981770753860474,1.0981770753860474,1.0981770753860474,1.0981770753860474,0
2024-10-08 22:45:00+00:00,1.0982975959777832,1.0982975959777832,1.0982975959777832,1.0981770753860474,1.0981770753860474,0
2024-10-08 22:50:00+00:00,1.0982975959777832,1.0982975959777832,1.0982975959777832,1.0981770753860474,1.0981770753860474,0
2024-10-08 22:55:00+00:00,1.0982975959777832,1.0982975959777832,1.0984183549880981,1.0982975959777832,1.0982975959777832,0
2024-10-08 23:00:00+00:00,1.098056435585022,1.098056435585022,1.0984183549880981,1.098056435585022,1.0984183549880981,0
2024-10-08 23:05:00+00:00,1.0979359149932861,1.0979359149932861,1.098056435585022,1.0979359149932861,1.098056435585022,0
2024-10-08 23:10:00+00:00,1.0979359149932861,1.0979359149932861,1.0979359149932861,1.0979359149932861,1.0979359149932861,0
2024-10-08 23:15:00+00:00,1.0979359149932861,1.0979359149932861,1.0979359149932861,1.0979359149932861,1.0979359149932861,0
2024-10-08 23:20:00+00:00,1.0979359149932861,1.0979359149932861,1.0979359149932861,1.0979359149932861,1.0979359149932861,0
2024-10-08 23:25:00+00:00,1.0979359149932861,1.0979359149932861,1.0979359149932861,1.0979359149932861,1.0979359149932861,0
2024-10-08 23:30:00+00:00,1.0979359149932861,1.0979359149932861,1.0979359149932861,1.0979359149932861,1.0979359149932861,0
2024-10-08 23:35:00+00:00,1.0979359149932861,1.0979359149932861,1.0979359149932861,1.0979359149932861,1.0979359149932861,0
2024-10-08 23:40:00+00:00,1.098056435585022,1.098056435585022,1.098056435585022,1.0979359149932861,1.0979359149932861,0
2024-10-08 23:45:00+00:00,1.0979359149932861,1.0979359149932861,1.098056435585022,1.0979359149932861,1.098056435585022,0
2024-10-08 23:50:00+00:00,1.0979359149932861,1.0979359149932861,1.0979359149932861,1.0978153944015503,1.0979359149932861,0
2024-10-08 23:55:00+00:00,1.0978153944015503,1.0978153944015503,1.0978153944015503,1.0978153944015503,1.0978153944015503,0
2024-10-09 00:00:00+00:00,1.0979359149932861,1.0979359149932861,1.0979359149932861,1.0978153944015503,1.0978153944015503,0
2024-10-09 00:05:00+00:00,1.0978153944015503,1.0978153944015503,1.0979359149932861,1.0978153944015503,1.0979359149932861,0
2024-10-09 00:10:00+00:00,1.0978153944015503,1.0978153944015503,1.0978153944015503,1.0976948738098145,1.0978153944015503,0
2024-10-09 00:15:00+00:00,1.0979359149932861,1.0979359149932861,1.0979359149932861,1.0978153944015503,1.0978153944015503,0
2024-10-09 00:20:00+00:00,1.0979359149932861,1.0979359149932861,1.098056435585022,1.0979359149932861,1.0979359149932861,0
2024-10-09 00:25:00+00:00,1.0979359149932861,1.0979359149932861,1.0979359149932861,1.0979359149932861,1.0979359149932861,0
2024-10-09 00:30:00+00:00,1.0978153944015503,1.0978153944015503,1.0979359149932861,1.0978153944015503,1.0978153944015503,0
2024-10-09 00:35:00+00:00,1.0976948738098145,1.0976948738098145,1.0978153944015503,1.0976948738098145,1.0978153944015503,0
2024-10-09 00:40:00+00:00,1.0978153944015503,1.0978153944015503,1.0979359149932861,1.0976948738098145,1.0976948738098145,0
2024-10-09 00:45:00+00:00,1.098056435585022,1.098056435585022,1.098056435585022,1.0979359149932861,1.0979359149932861,0
2024-10-09 00:50:00+00:00,1.098056435585022,1.098056435585022,1.0981770753860474,1.098056435585022,1.098056435585022,0
2024-10-09 00:55:00+00:00,1.0979359149932861,1.0979359149932861,1.098056435585022,1.0978153944015503,1.098056435585022,0
2024-10-09 01:00:00+00:00,1.0979359149932861,1.0979359149932861,1.0979359149932861,1.0979359149932861,1.0979359149932861,0
2024-10-09 01:05:00+00:00,1.0975743532180786,1.0975743532180786,1.0979359149932861,1.0975743532180786,1.0979359149932861,0
2024-10-09 01:10:00+00:00,1.0974539518356323,1.0974539518356323,1.0975743532180786,1.0974539518356323,1.0974539518356323,0
2024-10-09 01:15:00+00:00,1.0978153944015503,1.0978153944015503,1.0978153944015503,1.0973334312438965,1.0973334312438965,0
2024-10-09 01:20:00+00:00,1.0976948738098145,1.0976948738098145,1.0978153944015503,1.0976948738098145,1.0976948738098145,0
2024-10-09 01:25:00+00:00,1.0974539518356323,1.0974539518356323,1.0976948738098145,1.0974539518356323,1.0976948738098145,0
2024-10-09 01:30:00+00:00,1.0972130298614502,1.0972130298614502,1.0973334312438965,1.0972130298614502,1.0973334312438965,0
2024-10-09 01:35:00+00:00,1.0973334312438965,1.0973334312438965,1.0973334312438965,1.0972130298614502,1.0973334312438965,0
2024-10-09 01:40:00+00:00,1.0975743532180786,1.0975743532180786,1.0975743532180786,1.0974539518356323,1.0974539518356323,0
2024-10-09 01:45:00+00:00,1.0975743532180786,1.0975743532180786,1.0976948738098145,1.0974539518356323,1.0975743532180786,0
2024-10-09 01:50:00+00:00,1.0976948738098145,1.0976948738098145,1.0978153944015503,1.0975743532180786,1.0975743532180786,0
2024-10-09 01:55:00+00:00,1.0976948738098145,1.0976948738098145,1.0976948738098145,1.0976948738098145,1.0976948738098145,0
2024-10-09 02:00:00+00:00,1.0975743532180786,1.0975743532180786,1.0976948738098145,1.0974539518356323,1.0975743532180786,0
2024-10-09 02:05:00+00:00,1.0974539518356323,1.0974539518356323,1.0974539518356323,1.0973334312438965,1.0974539518356323,0
2024-10-09 02:10:00+00:00,1.0975743532180786,1.0975743532180786,1.0975743532180786,1.0974539518356323,1.0974539518356323,0
2024-10-09 02:15:00+00:00,1.0975743532180786,1.0975743532180786,1.0976948738098145,1.0975743532180786,1.0975743532180786,0
2024-10-09 02:20:00+00:00,1.0976948738098145,1.0976948738098145,1.0976948738098145,1.0975743532180786,1.0976948738098145,0
2024-10-09 02:25:00+00:00,1.0974539518356323,1.0974539518356323,1.0976948738098145,1.0974539518356323,1.0976948738098145,0
2024-10-09 02:30:00+00:00,1.0974539518356323,1.0974539518356323,1.0974539518356323,1.0973334312438965,1.0973334312438965,0
2024-10-09 02:35:00+00:00,1.0972130298614502,1.0972130298614502,1.0974539518356323,1.0972130298614502,1.0974539518356323,0
2024-10-09 02:40:00+00:00,1.0973334312438965,1.0973334312438965,1.0973334312438965,1.0972130298614502,1.0972130298614502,0
2024-10-09 02:45:00+00:00,1.0974539518356323,1.0974539518356323,1.0974539518356323,1.0973334312438965,1.0973334312438965,0
2024-10-09 02:50:00+00:00,1.0974539518356323,1.0974539518356323,1.0975743532180786,1.0974539518356323,1.0975743532180786,0
2024-10-09 02:55:00+00:00,1.0974539518356323,1.0974539518356323,1.0974539518356323,1.0973334312438965,1.0974539518356323,0
2024-10-09 03:00:00+00:00,1.0972130298614502,1.0972130298614502,1.0974539518356323,1.0972130298614502,1.0974539518356323,0
2024-10-09 03:05:00+00:00,1.0973334312438965,1.0973334312438965,1.0973334312438965,1.0972130298614502,1.0973334312438965,0
2024-10-09 03:10:00+00:00,1.0972130298614502,1.0972130298614502,1.0973334312438965,1.0972130298614502,1.0972130298614502,0
2024-10-09 03:15:00+00:00,1.0970927476882935,1.0970927476882935,1.0972130298614502,1.0970927476882935,1.0972130298614502,0
2024-10-09 03:20:00+00:00,1.0972130298614502,1.0972130298614502,1.0972130298614502,1.0970927476882935,1.0970927476882935,0
2024-10-09 03:25:00+00:00,1.0973334312438965,1.0973334312438965,1.0973334312438965,1.0972130298614502,1.0973334312438965,0
2024-10-09 03:30:00+00:00,1.0973334312438965,1.0973334312438965,1.0973334312438965,1.0972130298614502,1.0972130298614502,0
2024-10-09 03:35:00+00:00,1.0972130298614502,1.0972130298614502,1.0973334312438965,1.0972130298614502,1.0973334312438965,0
2024-10-09 03:40:00+00:00,1.0973334312438965,1.0973334312438965,1.0973334312438965,1.0973334312438965,1.0973334312438965,0
2024-10-09 03:45:00+00:00,1.0972130298614502,1.0972130298614502,1.0973334312438965,1.0972130298614502,1.0972130298614502,0
2024-10-09 03:50:00+00:00,1.0970927476882935,1.0970927476882935,1.0972130298614502,1.0970927476882935,1.0972130298614502,0
2024-10-09 03:55:00+00:00,1.0970927476882935,1.0970927476882935,1.0970927476882935,1.0970927476882935,1.0970927476882935,0
2024-10-09 04:00:00+00:00,1.0970927476882935,1.0970927476882935,1.0970927476882935,1.0969723463058472,1.0970927476882935,0
2024-10-09 04:05:00+00:00,1.0970927476882935,1.0970927476882935,1.0970927476882935,1.0969723463058472,1.0970927476882935,0
2024-10-09 04:10:00+00:00,1.0969723463058472,1.0969723463058472,1.0970927476882935,1.0969723463058472,1.0970927476882935,0
2024-10-09 04:15:00+00:00,1.0969723463058472,1.0969723463058472,1.0969723463058472,1.0968520641326904,1.0969723463058472,0
2024-10-09 04:20:00+00:00,1.0967316627502441,1.0967316627502441,1.0968520641326904,1.0967316627502441,1.0968520641326904,0
2024-10-09 04:25:00+00:00,1.0968520641326904,1.0968520641326904,1.0968520641326904,1.0967316627502441,1.0967316627502441,0
2024-10-09 04:30:00+00:00,1.0967316627502441,1.0967316627502441,1.0968520641326904,1.0967316627502441,1.0968520641326904,0
2024-10-09 04:35:00+00:00,1.0967316627502441,1.0967316627502441,1.0967316627502441,1.096611499786377,1.096611499786377,0
2024-10-09 04:40:00+00:00,1.096611499786377,1.096611499786377,1.096611499786377,1.096611499786377,1.096611499786377,0
2024-10-09 04:45:00+00:00,1.096611499786377,1.096611499786377,1.096611499786377,1.096611499786377,1.096611499786377,0
2024-10-09 04:50:00+00:00,1.096611499786377,1.096611499786377,1.096611499786377,1.096611499786377,1.096611499786377,0
2024-10-09 04:55:00+00:00,1.096611499786377,1.096611499786377,1.096611499786377,1.0964912176132202,1.0964912176132202,0
2024-10-09 05:00:00+00:00,1.0974539518356323,1.0974539518356323,1.0974539518356323,1.0969723463058472,1.0969723463058472,0
2024-10-09 05:05:00+00:00,1.0976948738098145,1.0976948738098145,1.0979359149932861,1.0975743532180786,1.0976948738098145,0
2024-10-09 05:10:00+00:00,1.0974539518356323,1.0974539518356323,1.0976948738098145,1.0974539518356323,1.0976948738098145,0
2024-10-09 05:15:00+00:00,1.0972130298614502,1.0972130298614502,1.0973334312438965,1.0972130298614502,1.0973334312438965,0
2024-10-09 05:20:00+00:00,1.0972130298614502,1.0972130298614502,1.0974539518356323,1.0972130298614502,1.0974539518356323,0
2024-10-09 05:25:00+00:00,1.0973334312438965,1.0973334312438965,1.0974539518356323,1.0972130298614502,1.0974539518356323,0
2024-10-09 05:30:00+00:00,1.0973334312438965,1.0973334312438965,1.0973334312438965,1.0970927476882935,1.0972130298614502,0
2024-10-09 05:35:00+00:00,1.0975743532180786,1.0975743532180786,1.0976948738098145,1.0973334312438965,1.0973334312438965,0
2024-10-09 05:40:00+00:00,1.0974539518356323,1.0974539518356323,1.0975743532180786,1.0974539518356323,1.0975743532180786,0
2024-10-09 05:45:00+00:00,1.0974539518356323,1.0974539518356323,1.0974539518356323,1.0973334312438965,1.0973334312438965,0
2024-10-09 05:50:00+00:00,1.0974539518356323,1.0974539518356323,1.0974539518356323,1.0973334312438965,1.0973334312438965,0
2024-10-09 05:55:00+00:00,1.0975743532180786,1.0975743532180786,1.0975743532180786,1.0974539518356323,1.0974539518356323,0
2024-10-09 06:00:00+00:00,1.0974539518356323,1.0974539518356323,1.0975743532180786,1.0974539518356323,1.0975743532180786,0
2024-10-09 06:05:00+00:00,1.0972130298614502,1.0972130298614502,1.0974539518356323,1.0972130298614502,1.0973334312438965,0
2024-10-09 06:10:00+00:00,1.0969723463058472,1.0969723463058472,1.0972130298614502,1.0969723463058472,1.0972130298614502,0
2024-10-09 06:15:00+00:00,1.0969723463058472,1.0969723463058472,1.0969723463058472,1.0969723463058472,1.0969723463058472,0
2024-10-09 06:20:00+00:00,1.0969723463058472,1.0969723463058472,1.0969723463058472,1.0968520641326904,1.0968520641326904,0
2024-10-09 06:25:00+00:00,1.0969723463058472,1.0969723463058472,1.0970927476882935,1.0969723463058472,1.0969723463058472,0
2024-10-09 06:30:00+00:00,1.0969723463058472,1.0969723463058472,1.0969723463058472,1.0968520641326904,1.0969723463058472,0
2024-10-09 06:35:00+00:00,1.0970927476882935,1.0970927476882935,1.0970927476882935,1.0969723463058472,1.0969723463058472,0
2024-10-09 06:40:00+00:00,1.0968520641326904,1.0968520641326904,1.0969723463058472,1.0968520641326904,1.0969723463058472,0
2024-10-09 06:45:00+00:00,1.096611499786377,1.096611499786377,1.0968520641326904,1.096611499786377,1.0968520641326904,0
2024-10-09 06:50:00+00:00,1.096611499786377,1.096611499786377,1.0968520641326904,1.096611499786377,1.0967316627502441,0
2024-10-09 06:55:00+00:00,1.096611499786377,1.096611499786377,1.0968520641326904,1.096611499786377,1.0967316627502441,0
2024-10-09 07:00:00+00:00,1.0963709354400635,1.0963709354400635,1.0967316627502441,1.0962508916854858,1.0967316627502441,0
2024-10-09 07:05:00+00:00,1.0958904027938843,1.0958904027938843,1.0962508916854858,1.0958904027938843,1.0962508916854858,0
2024-10-09 07:10:00+00:00,1.0955302715301514,1.0955302715301514,1.0958904027938843,1.0955302715301514,1.0958904027938843,0
2024-10-09 07:15:00+00:00,1.0958904027938843,1.0958904027938843,1.0958904027938843,1.095650315284729,1.095650315284729,0
2024-10-09 07:20:00+00:00,1.0963709354400635,1.0963709354400635,1.0963709354400635,1.0960105657577515,1.0960105657577515,0
2024-10-09 07:25:00+00:00,1.0961307287216187,1.0961307287216187,1.0962508916854858,1.0961307287216187,1.0962508916854858,0
2024-10-09 07:30:00+00:00,1.096611499786377,1.096611499786377,1.096611499786377,1.0961307287216187,1.0961307287216187,0
2024-10-09 07:35:00+00:00,1.0969723463058472,1.0969723463058472,1.0969723463058472,1.0968520641326904,1.0968520641326904,0
2024-10-09 07:40:00+00:00,1.0964912176132202,1.0964912176132202,1.0968520641326904,1.0964912176132202,1.0968520641326904,0
2024-10-09 07:45:00+00:00,1.096611499786377,1.096611499786377,1.0967316627502441,1.0964912176132202,1.096611499786377,0
2024-10-09 07:50:00+00:00,1.0962508916854858,1.0962508916854858,1.0963709354400635,1.0962508916854858,1.0963709354400635,0
2024-10-09 07:55:00+00:00,1.0963709354400635,1.0963709354400635,1.0963709354400635,1.0961307287216187,1.0962508916854858,0
2024-10-09 08:00:00+00:00,1.0963709354400635,1.0963709354400635,1.0964912176132202,1.0962508916854858,1.0962508916854858,0
2024-10-09 08:05:00+00:00,1.0964912176132202,1.0964912176132202,1.0964912176132202,1.0964912176132202,1.0964912176132202,0
2024-10-09 08:10:00+00:00,1.0967316627502441,1.0967316627502441,1.0967316627502441,1.0964912176132202,1.0964912176132202,0
2024-10-09 08:15:00+00:00,1.0963709354400635,1.0963709354400635,1.096611499786377,1.0963709354400635,1.096611499786377,0
2024-10-09 08:20:00+00:00,1.096611499786377,1.096611499786377,1.096611499786377,1.0963709354400635,1.0963709354400635,0
2024-10-09 08:25:00+00:00,1.0961307287216187,1.0961307287216187,1.0964912176132202,1.0960105657577515,1.0963709354400635,0
2024-10-09 08:30:00+00:00,1.0960105657577515,1.0960105657577515,1.0961307287216187,1.0960105657577515,1.0961307287216187,0
2024-10-09 08:35:00+00:00,1.0958904027938843,1.0958904027938843,1.0960105657577515,1.0958904027938843,1.0960105657577515,0
2024-10-09 08:40:00+00:00,1.0958904027938843,1.0958904027938843,1.0958904027938843,1.0958904027938843,1.0958904027938843,0
2024-10-09 08:45:00+00:00,1.0958904027938843,1.0958904027938843,1.0960105657577515,1.0958904027938843,1.0958904027938843,0
2024-10-09 08:50:00+00:00,1.0957703590393066,1.0957703590393066,1.0957703590393066,1.0957703590393066,1.0957703590393066,0
2024-10-09 08:55:00+00:00,1.0960105657577515,1.0960105657577515,1.0960105657577515,1.0957703590393066,1.0958904027938843,0
2024-10-09 09:00:00+00:00,1.0962508916854858,1.0962508916854858,1.0964912176132202,1.0961307287216187,1.0961307287216187,0
2024-10-09 09:05:00+00:00,1.0963709354400635,1.0963709354400635,1.0963709354400635,1.0960105657577515,1.0962508916854858,0
2024-10-09 09:10:00+00:00,1.0961307287216187,1.0961307287216187,1.0964912176132202,1.0961307287216187,1.0964912176132202,0
2024-10-09 09:15:00+00:00,1.0963709354400635,1.0963709354400635,1.0963709354400635,1.0962508916854858,1.0962508916854858,0
2024-10-09 09:20:00+00:00,1.096611499786377,1.096611499786377,1.096611499786377,1.0962508916854858,1.0963709354400635,0
2024-10-09 09:25:00+00:00,1.0964912176132202,1.0964912176132202,1.0964912176132202,1.0963709354400635,1.0964912176132202,0
2024-10-09 09:30:00+00:00,1.096611499786377,1.096611499786377,1.096611499786377,1.0964912176132202,1.0964912176132202,0
2024-10-09 09:35:00+00:00,1.0967316627502441,1.0967316627502441,1.0967316627502441,1.0964912176132202,1.0967316627502441,0
2024-10-09 09:40:00+00:00,1.0967316627502441,1.0967316627502441,1.0968520641326904,1.096611499786377,1.0968520641326904,0
2024-10-09 09:45:00+00:00,1.0968520641326904,1.0968520641326904,1.0968520641326904,1.0967316627502441,1.0967316627502441,0
2024-10-09 09:50:00+00:00,1.0969723463058472,1.0969723463058472,1.0969723463058472,1.0968520641326904,1.0968520641326904,0
2024-10-09 09:55:00+00:00,1.0969723463058472,1.0969723463058472,1.0969723463058472,1.0968520641326904,1.0968520641326904,0
2024-10-09 10:00:00+00:00,1.0968520641326904,1.0968520641326904,1.0970927476882935,1.0968520641326904,1.0969723463058472,0
2024-10-09 10:05:00+00:00,1.0972130298614502,1.0972130298614502,1.0972130298614502,1.0969723463058472,1.0969723463058472,0
2024-10-09 10:10:00+00:00,1.0972130298614502,1.0972130298614502,1.0972130298614502,1.0972130298614502,1.0972130298614502,0
2024-10-09 10:15:00+00:00,1.0973334312438965,1.0973334312438965,1.0973334312438965,1.0970927476882935,1.0972130298614502,0
2024-10-09 10:20:00+00:00,1.0972130298614502,1.0972130298614502,1.0973334312438965,1.0972130298614502,1.0973334312438965,0
2024-10-09 10:25:00+00:00,1.0969723463058472,1.0969723463058472,1.0972130298614502,1.0969723463058472,1.0972130298614502,0
2024-10-09 10:30:00+00:00,1.0970927476882935,1.0970927476882935,1.0970927476882935,1.0969723463058472,1.0969723463058472,0
2024-10-09 10:35:00+00:00,1.0970927476882935,1.0970927476882935,1.0970927476882935,1.0969723463058472,1.0969723463058472,0
2024-10-09 10:40:00+00:00,1.0967316627502441,1.0967316627502441,1.0969723463058472,1.0967316627502441,1.0969723463058472,0
2024-10-09 10:45:00+00:00,1.0968520641326904,1.0968520641326904,1.0968520641326904,1.096611499786377,1.0967316627502441,0
2024-10-09 10:50:00+00:00,1.0969723463058472,1.0969723463058472,1.0969723463058472,1.0969723463058472,1.0969723463058472,0
2024-10-09 10:55:00+00:00,1.0969723463058472,1.0969723463058472,1.0969723463058472,1.0968520641326904,1.0969723463058472,0
2024-10-09 11:00:00+00:00,1.0967316627502441,1.0967316627502441,1.0968520641326904,1.0967316627502441,1.0968520641326904,0
2024-10-09 11:05:00+00:00,1.0968520641326904,1.0968520641326904,1.0969723463058472,1.0967316627502441,1.0967316627502441,0
2024-10-09 11:10:00+00:00,1.0967316627502441,1.0967316627502441,1.0968520641326904,1.096611499786377,1.0967316627502441,0
2024-10-09 11:15:00+00:00,1.0968520641326904,1.0968520641326904,1.0969723463058472,1.0967316627502441,1.0968520641326904,0
2024-10-09 11:20:00+00:00,1.0969723463058472,1.0969723463058472,1.0969723463058472,1.0968520641326904,1.0969723463058472,0
2024-10-09 11:25:00+00:00,1.096611499786377,1.096611499786377,1.0968520641326904,1.096611499786377,1.0968520641326904,0
2024-10-09 11:30:00+00:00,1.0964912176132202,1.0964912176132202,1.0964912176132202,1.0964912176132202,1.0964912176132202,0
2024-10-09 11:35:00+00:00,1.096611499786377,1.096611499786377,1.096611499786377,1.0964912176132202,1.0964912176132202,0
2024-10-09 11:40:00+00:00,1.0962508916854858,1.0962508916854858,1.096611499786377,1.0962508916854858,1.096611499786377,0
2024-10-09 11:45:00+00:00,1.0961307287216187,1.0961307287216187,1.0962508916854858,1.0961307287216187,1.0962508916854858,0
2024-10-09 11:50:00+00:00,1.0960105657577515,1.0960105657577515,1.0961307287216187,1.0960105657577515,1.0961307287216187,0
2024-10-09 11:55:00+00:00,1.0957703590393066,1.0957703590393066,1.0958904027938843,1.0957703590393066,1.0958904027938843,0
2024-10-09 12:00:00+00:00,1.0961307287216187,1.0961307287216187,1.0961307287216187,1.0958904027938843,1.0958904027938843,0
2024-10-09 12:05:00+00:00,1.0961307287216187,1.0961307287216187,1.0961307287216187,1.0961307287216187,1.0961307287216187,0
2024-10-09 12:10:00+00:00,1.0958904027938843,1.0958904027938843,1.0961307287216187,1.0958904027938843,1.0960105657577515,0
2024-10-09 12:15:00+00:00,1.0961307287216187,1.0961307287216187,1.0961307287216187,1.0960105657577515,1.0961307287216187,0
2024-10-09 12:20:00+00:00,1.0958904027938843,1.0958904027938843,1.0958904027938843,1.0958904027938843,1.0958904027938843,0
2024-10-09 12:25:00+00:00,1.0957703590393066,1.0957703590393066,1.0958904027938843,1.0957703590393066,1.0958904027938843,0
2024-10-09 12:30:00+00:00,1.0957703590393066,1.0957703590393066,1.0957703590393066,1.095650315284729,1.0957703590393066,0
2024-10-09 12:35:00+00:00,1.0960105657577515,1.0960105657577515,1.0961307287216187,1.0960105657577515,1.0960105657577515,0
2024-10-09 12:40:00+00:00,1.0958904027938843,1.0958904027938843,1.0958904027938843,1.0957703590393066,1.0957703590393066,0
2024-10-09 12:45:00+00:00,1.0960105657577515,1.0960105657577515,1.0960105657577515,1.0958904027938843,1.0960105657577515,0
2024-10-09 12:50:00+00:00,1.0958904027938843,1.0958904027938843,1.0960105657577515,1.0958904027938843,1.0960105657577515,0
2024-10-09 12:55:00+00:00,1.0960105657577515,1.0960105657577515,1.0960105657577515,1.0957703590393066,1.0958904027938843,0
2024-10-09 13:00:00+00:00,1.095650315284729,1.095650315284729,1.0961307287216187,1.095650315284729,1.0961307287216187,0
2024-10-09 13:05:00+00:00,1.095650315284729,1.095650315284729,1.0958904027938843,1.095650315284729,1.0958904027938843,0
2024-10-09 13:10:00+00:00,1.0957703590393066,1.0957703590393066,1.0957703590393066,1.0955302715301514,1.095650315284729,0
2024-10-09 13:15:00+00:00,1.09505033493042,1.09505033493042,1.095650315284729,1.0949305295944214,1.095650315284729,0
2024-10-09 13:20:00+00:00,1.0955302715301514,1.0955302715301514,1.0955302715301514,1.095170259475708,1.095170259475708,0
2024-10-09 13:25:00+00:00,1.0954102277755737,1.0954102277755737,1.0955302715301514,1.0954102277755737,1.0954102277755737,0
2024-10-09 13:30:00+00:00,1.0955302715301514,1.0955302715301514,1.095650315284729,1.0955302715301514,1.0955302715301514,0
2024-10-09 13:35:00+00:00,1.095650315284729,1.095650315284729,1.095650315284729,1.0955302715301514,1.0955302715301514,0
2024-10-09 13:40:00+00:00,1.0961307287216187,1.0961307287216187,1.0961307287216187,1.0958904027938843,1.0958904027938843,0
2024-10-09 13:45:00+00:00,1.0958904027938843,1.0958904027938843,1.0960105657577515,1.0957703590393066,1.0960105657577515,0
2024-10-09 13:50:00+00:00,1.0955302715301514,1.0955302715301514,1.0958904027938843,1.0955302715301514,1.0958904027938843,0
2024-10-09 13:55:00+00:00,1.095650315284729,1.095650315284729,1.0958904027938843,1.0955302715301514,1.0955302715301514,0
2024-10-09 14:00:00+00:00,1.0954102277755737,1.0954102277755737,1.0955302715301514,1.0954102277755737,1.0955302715301514,0
2024-10-09 14:05:00+00:00,1.0955302715301514,1.0955302715301514,1.0955302715301514,1.095170259475708,1.0954102277755737,0
2024-10-09 14:10:00+00:00,1.0960105657577515,1.0960105657577515,1.0961307287216187,1.0960105657577515,1.0961307287216187,0
2024-10-09 14:15:00+00:00,1.0960105657577515,1.0960105657577515,1.0960105657577515,1.0958904027938843,1.0960105657577515,0
2024-10-09 14:20:00+00:00,1.0955302715301514,1.0955302715301514,1.0960105657577515,1.0955302715301514,1.0960105657577515,0
2024-10-09 14:25:00+00:00,1.095650315284729,1.095650315284729,1.095650315284729,1.0952903032302856,1.0952903032302856,0
2024-10-09 14:30:00+00:00,1.0955302715301514,1.0955302715301514,1.095650315284729,1.0955302715301514,1.095650315284729,0
2024-10-09 14:35:00+00:00,1.0952903032302856,1.0952903032302856,1.0954102277755737,1.095170259475708,1.0952903032302856,0
2024-10-09 14:40:00+00:00,1.0949305295944214,1.0949305295944214,1.09505033493042,1.0948106050491333,1.09505033493042,0
2024-10-09 14:45:00+00:00,1.0946906805038452,1.0946906805038452,1.0946906805038452,1.0944511890411377,1.0946906805038452,0
2024-10-09 14:50:00+00:00,1.0949305295944214,1.0949305295944214,1.0949305295944214,1.0948106050491333,1.0948106050491333,0
2024-10-09 14:55:00+00:00,1.09505033493042,1.09505033493042,1.09505033493042,1.0948106050491333,1.0948106050491333,0
2024-10-09 15:00:00+00:00,1.095170259475708,1.095170259475708,1.0952903032302856,1.09505033493042,1.09505033493042,0
2024-10-09 15:05:00+00:00,1.095650315284729,1.095650315284729,1.095650315284729,1.09505033493042,1.09505033493042,0
2024-10-09 15:10:00+00:00,1.0955302715301514,1.0955302715301514,1.0957703590393066,1.0955302715301514,1.0957703590393066,0
2024-10-09 15:15:00+00:00,1.0957703590393066,1.0957703590393066,1.0957703590393066,1.095650315284729,1.0957703590393066,0
2024-10-09 15:20:00+00:00,1.0955302715301514,1.0955302715301514,1.0958904027938843,1.0955302715301514,1.0957703590393066,0
2024-10-09 15:25:00+00:00,1.095650315284729,1.095650315284729,1.0958904027938843,1.095650315284729,1.0957703590393066,0
2024-10-09 15:30:00+00:00,1.0952903032302856,1.0952903032302856,1.0955302715301514,1.0952903032302856,1.0955302715301514,0
2024-10-09 15:35:00+00:00,1.0955302715301514,1.0955302715301514,1.0955302715301514,1.0952903032302856,1.0952903032302856,0
2024-10-09 15:40:00+00:00,1.0955302715301514,1.0955302715301514,1.0955302715301514,1.0954102277755737,1.0955302715301514,0
2024-10-09 15:45:00+00:00,1.0954102277755737,1.0954102277755737,1.0955302715301514,1.0954102277755737,1.0955302715301514,0
2024-10-09 15:50:00+00:00,1.0952903032302856,1.0952903032302856,1.0955302715301514,1.0952903032302856,1.0955302715301514,0
2024-10-09 15:55:00+00:00,1.0952903032302856,1.0952903032302856,1.0955302715301514,1.0952903032302856,1.0955302715301514,0
2024-10-09 16:00:00+00:00,1.0949305295944214,1.0949305295944214,1.095170259475708,1.0949305295944214,1.095170259475708,0
2024-10-09 16:05:00+00:00,1.0949305295944214,1.0949305295944214,1.09505033493042,1.0949305295944214,1.0949305295944214,0
2024-10-09 16:10:00+00:00,1.0949305295944214,1.0949305295944214,1.09505033493042,1.0948106050491333,1.0949305295944214,0
2024-10-09 16:15:00+00:00,1.0952903032302856,1.0952903032302856,1.0952903032302856,1.09505033493042,1.09505033493042,0
2024-10-09 16:20:00+00:00,1.09505033493042,1.09505033493042,1.095170259475708,1.09505033493042,1.09505033493042,0
2024-10-09 16:25:00+00:00,1.09505033493042,1.09505033493042,1.095170259475708,1.09505033493042,1.095170259475708,0
2024-10-09 16:30:00+00:00,1.0949305295944214,1.0949305295944214,1.0949305295944214,1.0948106050491333,1.0948106050491333,0
2024-10-09 16:35:00+00:00,1.0948106050491333,1.0948106050491333,1.0949305295944214,1.0948106050491333,1.0949305295944214,0
2024-10-09 16:40:00+00:00,1.0948106050491333,1.0948106050491333,1.0949305295944214,1.0948106050491333,1.0949305295944214,0
2024-10-09 16:45:00+00:00,1.0945708751678467,1.0945708751678467,1.0946906805038452,1.0944511890411377,1.0946906805038452,0
2024-10-09 16:50:00+00:00,1.0943313837051392,1.0943313837051392,1.0946906805038452,1.0943313837051392,1.0946906805038452,0
2024-10-09 16:55:00+00:00,1.0944511890411377,1.0944511890411377,1.0945708751678467,1.0944511890411377,1.0944511890411377,0
2024-10-09 17:00:00+00:00,1.0942115783691406,1.0942115783691406,1.0944511890411377,1.0942115783691406,1.0944511890411377,0
2024-10-09 17:05:00+00:00,1.0943313837051392,1.0943313837051392,1.0943313837051392,1.0942115783691406,1.0942115783691406,0
2024-10-09 17:10:00+00:00,1.0942115783691406,1.0942115783691406,1.0943313837051392,1.0942115783691406,1.0943313837051392,0
2024-10-09 17:15:00+00:00,1.0942115783691406,1.0942115783691406,1.0942115783691406,1.0940918922424316,1.0940918922424316,0
2024-10-09 17:20:00+00:00,1.0940918922424316,1.0940918922424316,1.0942115783691406,1.0939722061157227,1.0942115783691406,0
2024-10-09 17:25:00+00:00,1.0940918922424316,1.0940918922424316,1.0940918922424316,1.0939722061157227,1.0940918922424316,0
2024-10-09 17:30:00+00:00,1.0940918922424316,1.0940918922424316,1.0942115783691406,1.0939722061157227,1.0942115783691406,0
2024-10-09 17:35:00+00:00,1.0942115783691406,1.0942115783691406,1.0942115783691406,1.0940918922424316,1.0940918922424316,0
2024-10-09 17:40:00+00:00,1.0942115783691406,1.0942115783691406,1.0942115783691406,1.0942115783691406,1.0942115783691406,0
2024-10-09 17:45:00+00:00,1.0940918922424316,1.0940918922424316,1.0942115783691406,1.0940918922424316,1.0942115783691406,0
2024-10-09 17:50:00+00:00,1.0940918922424316,1.0940918922424316,1.0940918922424316,1.0939722061157227,1.0940918922424316,0
2024-10-09 17:55:00+00:00,1.0942115783691406,1.0942115783691406,1.0942115783691406,1.0940918922424316,1.0940918922424316,0
2024-10-09 18:00:00+00:00,1.0942115783691406,1.0942115783691406,1.0943313837051392,1.0942115783691406,1.0942115783691406,0
2024-10-09 18:05:00+00:00,1.0942115783691406,1.0942115783691406,1.0943313837051392,1.0940918922424316,1.0940918922424316,0
2024-10-09 18:10:00+00:00,1.0940918922424316,1.0940918922424316,1.0942115783691406,1.0939722061157227,1.0942115783691406,0
2024-10-09 18:15:00+00:00,1.0940918922424316,1.0940918922424316,1.0940918922424316,1.0939722061157227,1.0939722061157227,0
2024-10-09 18:20:00+00:00,1.0943313837051392,1.0943313837051392,1.0943313837051392,1.0940918922424316,1.0940918922424316,0
2024-10-09 18:25:00+00:00,1.0944511890411377,1.0944511890411377,1.0945708751678467,1.0944511890411377,1.0945708751678467,0
2024-10-09 18:30:00+00:00,1.0943313837051392,1.0943313837051392,1.0945708751678467,1.0943313837051392,1.0945708751678467,0
2024-10-09 18:35:00+00:00,1.0944511890411377,1.0944511890411377,1.0944511890411377,1.0943313837051392,1.0943313837051392,0
2024-10-09 18:40:00+00:00,1.0943313837051392,1.0943313837051392,1.0944511890411377,1.0943313837051392,1.0944511890411377,0
2024-10-09 18:45:00+00:00,1.0942115783691406,1.0942115783691406,1.0944511890411377,1.0942115783691406,1.0944511890411377,0
2024-10-09 18:50:00+00:00,1.0939722061157227,1.0939722061157227,1.0942115783691406,1.0939722061157227,1.0942115783691406,0
2024-10-09 18:55:00+00:00,1.0939722061157227,1.0939722061157227,1.0939722061157227,1.0939722061157227,1.0939722061157227,0
2024-10-09 19:00:00+00:00,1.0940918922424316,1.0940918922424316,1.0940918922424316,1.0939722061157227,1.0939722061157227,0
2024-10-09 19:05:00+00:00,1.0939722061157227,1.0939722061157227,1.0942115783691406,1.0939722061157227,1.0940918922424316,0
2024-10-09 19:10:00+00:00,1.0943313837051392,1.0943313837051392,1.0943313837051392,1.0939722061157227,1.0939722061157227,0
2024-10-09 19:15:00+00:00,1.0944511890411377,1.0944511890411377,1.0944511890411377,1.0943313837051392,1.0943313837051392,0
2024-10-09 19:20:00+00:00,1.0943313837051392,1.0943313837051392,1.0943313837051392,1.0943313837051392,1.0943313837051392,0
2024-10-09 19:25:00+00:00,1.0943313837051392,1.0943313837051392,1.0943313837051392,1.0942115783691406,1.0943313837051392,0
2024-10-09 19:30:00+00:00,1.0942115783691406,1.0942115783691406,1.0943313837051392,1.0940918922424316,1.0943313837051392,0
2024-10-09 19:35:00+00:00,1.0940918922424316,1.0940918922424316,1.0942115783691406,1.0940918922424316,1.0942115783691406,0
2024-10-09 19:40:00+00:00,1.0939722061157227,1.0939722061157227,1.0940918922424316,1.0939722061157227,1.0940918922424316,0
2024-10-09 19:45:00+00:00,1.0939722061157227,1.0939722061157227,1.0940918922424316,1.0939722061157227,1.0940918922424316,0
2024-10-09 19:50:00+00:00,1.0940918922424316,1.0940918922424316,1.0940918922424316,1.0940918922424316,1.0940918922424316,0
2024-10-09 19:55:00+00:00,1.0942115783691406,1.0942115783691406,1.0942115783691406,1.0940918922424316,1.0940918922424316,0
2024-10-09 20:00:00+00:00,1.0940918922424316,1.0940918922424316,1.0940918922424316,1.0940918922424316,1.0940918922424316,0
2024-10-09 20:05:00+00:00,1.0940918922424316,1.0940918922424316,1.0940918922424316,1.0939722061157227,1.0940918922424316,0
2024-10-09 20:10:00+00:00,1.0940918922424316,1.0940918922424316,1.0940918922424316,1.0939722061157227,1.0940918922424316,0
2024-10-09 20:15:00+00:00,1.0940918922424316,1.0940918922424316,1.0940918922424316,1.0940918922424316,1.0940918922424316,0
2024-10-09 20:20:00+00:00,1.0940918922424316,1.0940918922424316,1.0940918922424316,1.0940918922424316,1.0940918922424316,0
2024-10-09 20:25:00+00:00,1.0940918922424316,1.0940918922424316,1.0942115783691406,1.0940918922424316,1.0942115783691406,0
2024-10-09 20:30:00+00:00,1.0939722061157227,1.0939722061157227,1.0939722061157227,1.0939722061157227,1.0939722061157227,0
2024-10-09 20:35:00+00:00,1.0940918922424316,1.0940918922424316,1.0940918922424316,1.0939722061157227,1.0939722061157227,0
2024-10-09 20:40:00+00:00,1.0942115783691406,1.0942115783691406,1.0942115783691406,1.0940918922424316,1.0940918922424316,0
2024-10-09 20:45:00+00:00,1.0940918922424316,1.0940918922424316,1.0940918922424316,1.0940918922424316,1.0940918922424316,0
2024-10-09 20:50:00+00:00,1.0943313837051392,1.0943313837051392,1.0943313837051392,1.0940918922424316,1.0940918922424316,0
2024-10-09 20:55:00+00:00,1.0942115783691406,1.0942115783691406,1.0943313837051392,1.0942115783691406,1.0943313837051392,0
2024-10-09 21:00:00+00:00,1.0940918922424316,1.0940918922424316,1.0942115783691406,1.0940918922424316,1.0942115783691406,0
2024-10-09 21:05:00+00:00,1.0943313837051392,1.0943313837051392,1.0943313837051392,1.0940918922424316,1.0940918922424316,0
2024-10-09 21:10:00+00:00,1.0942115783691406,1.0942115783691406,1.0943313837051392,1.0942115783691406,1.0942115783691406,0
2024-10-09 21:15:00+00:00,1.0943313837051392,1.0943313837051392,1.0943313837051392,1.0940918922424316,1.0942115783691406,0
2024-10-09 21:20:00+00:00,1.0942115783691406,1.0942115783691406,1.0943313837051392,1.0942115783691406,1.0943313837051392,0
2024-10-09 21:25:00+00:00,1.0942115783691406,1.0942115783691406,1.0943313837051392,1.0942115783691406,1.0943313837051392,0
2024-10-09 21:30:00+00:00,1.0943313837051392,1.0943313837051392,1.0943313837051392,1.0943313837051392,1.0943313837051392,0
2024-10-09 21:35:00+00:00,1.0943313837051392,1.0943313837051392,1.0944511890411377,1.0942115783691406,1.0944511890411377,0
2024-10-09 21:40:00+00:00,1.0943313837051392,1.0943313837051392,1.0943313837051392,1.0942115783691406,1.0943313837051392,0
2024-10-09 21:45:00+00:00,1.0944511890411377,1.0944511890411377,1.0945708751678467,1.0944511890411377,1.0944511890411377,0
2024-10-09 21:50:00+00:00,1.0944511890411377,1.0944511890411377,1.0944511890411377,1.0944511890411377,1.0944511890411377,0
2024-10-09 21:55:00+00:00,1.0944511890411377,1.0944511890411377,1.0945708751678467,1.0944511890411377,1.0944511890411377,0
2024-10-09 22:00:00+00:00,1.0944511890411377,1.0944511890411377,1.0944511890411377,1.0944511890411377,1.0944511890411377,0
2024-10-09 22:05:00+00:00,1.0943313837051392,1.0943313837051392,1.0944511890411377,1.0943313837051392,1.0944511890411377,0
2024-10-09 22:10:00+00:00,1.0940918922424316,1.0940918922424316,1.0944511890411377,1.0940918922424316,1.0942115783691406,0
2024-10-09 22:15:00+00:00,1.0942115783691406,1.0942115783691406,1.0942115783691406,1.0940918922424316,1.0940918922424316,0
2024-10-09 22:20:00+00:00,1.0942115783691406,1.0942115783691406,1.0942115783691406,1.0942115783691406,1.0942115783691406,0
2024-10-09 22:25:00+00:00,1.0943313837051392,1.0943313837051392,1.0943313837051392,1.0942115783691406,1.0942115783691406,0
2024-10-09 22:30:00+00:00,1.0943313837051392,1.0943313837051392,1.0943313837051392,1.0943313837051392,1.0943313837051392,0
2024-10-09 22:35:00+00:00,1.0943313837051392,1.0943313837051392,1.0944511890411377,1.0943313837051392,1.0943313837051392,0
2024-10-09 22:40:00+00:00,1.0944511890411377,1.0944511890411377,1.0944511890411377,1.0944511890411377,1.0944511890411377,0
2024-10-09 22:45:00+00:00,1.0943313837051392,1.0943313837051392,1.0944511890411377,1.0943313837051392,1.0943313837051392,0
2024-10-09 22:50:00+00:00,1.0944511890411377,1.0944511890411377,1.0944511890411377,1.0943313837051392,1.0943313837051392,0
2024-10-09 22:55:00+00:00,1.0943313837051392,1.0943313837051392,1.0943313837051392,1.0943313837051392,1.0943313837051392,0
2024-10-09 23:00:00+00:00,1.0942115783691406,1.0942115783691406,1.0943313837051392,1.0942115783691406,1.0943313837051392,0
2024-10-09 23:05:00+00:00,1.0943313837051392,1.0943313837051392,1.0943313837051392,1.0942115783691406,1.0942115783691406,0
2024-10-09 23:10:00+00:00,1.0944511890411377,1.0944511890411377,1.0944511890411377,1.0943313837051392,1.0943313837051392,0
2024-10-09 23:15:00+00:00,1.0944511890411377,1.0944511890411377,1.0944511890411377,1.0943313837051392,1.0943313837051392,0
2024-10-09 23:20:00+00:00,1.0943313837051392,1.0943313837051392,1.0943313837051392,1.0943313837051392,1.0943313837051392,0
2024-10-09 23:25:00+00:00,1.0944511890411377,1.0944511890411377,1.0944511890411377,1.0943313837051392,1.0943313837051392,0
2024-10-09 23:30:00+00:00,1.0944511890411377,1.0944511890411377,1.0944511890411377,1.0943313837051392,1.0943313837051392,0
2024-10-09 23:35:00+00:00,1.0944511890411377,1.0944511890411377,1.0944511890411377,1.0944511890411377,1.0944511890411377,0
2024-10-09 23:40:00+00:00,1.0944511890411377,1.0944511890411377,1.0944511890411377,1.0943313837051392,1.0944511890411377,0
2024-10-09 23:45:00+00:00,1.0944511890411377,1.0944511890411377,1.0944511890411377,1.0944511890411377,1.0944511890411377,0
2024-10-09 23:50:00+00:00,1.0944511890411377,1.0944511890411377,1.0945708751678467,1.0944511890411377,1.0944511890411377,0
2024-10-09 23:55:00+00:00,1.0944511890411377,1.0944511890411377,1.0945708751678467,1.0944511890411377,1.0944511890411377,0
2024-10-10 00:00:00+00:00,1.0944511890411377,1.0944511890411377,1.0945708751678467,1.0944511890411377,1.0944511890411377,0
2024-10-10 00:05:00+00:00,1.0944511890411377,1.0944511890411377,1.0945708751678467,1.0944511890411377,1.0945708751678467,0
2024-10-10 00:10:00+00:00,1.0944511890411377,1.0944511890411377,1.0945708751678467,1.0944511890411377,1.0944511890411377,0
2024-10-10 00:15:00+00:00,1.0943313837051392,1.0943313837051392,1.0945708751678467,1.0943313837051392,1.0943313837051392,0
2024-10-10 00:20:00+00:00,1.0943313837051392,1.0943313837051392,1.0944511890411377,1.0943313837051392,1.0944511890411377,0
2024-10-10 00:25:00+00:00,1.0944511890411377,1.0944511890411377,1.0945708751678467,1.0943313837051392,1.0943313837051392,0
2024-10-10 00:30:00+00:00,1.0944511890411377,1.0944511890411377,1.0944511890411377,1.0944511890411377,1.0944511890411377,0
2024-10-10 00:35:00+00:00,1.0944511890411377,1.0944511890411377,1.0944511890411377,1.0943313837051392,1.0943313837051392,0
2024-10-10 00:40:00+00:00,1.0945708751678467,1.0945708751678467,1.0945708751678467,1.0944511890411377,1.0944511890411377,0
2024-10-10 00:45:00+00:00,1.0945708751678467,1.0945708751678467,1.0945708751678467,1.0944511890411377,1.0944511890411377,0
2024-10-10 00:50:00+00:00,1.0944511890411377,1.0944511890411377,1.0946906805038452,1.0944511890411377,1.0946906805038452,0
2024-10-10 00:55:00+00:00,1.0944511890411377,1.0944511890411377,1.0944511890411377,1.0943313837051392,1.0944511890411377,0
2024-10-10 01:00:00+00:00,1.0945708751678467,1.0945708751678467,1.0945708751678467,1.0943313837051392,1.0943313837051392,0
2024-10-10 01:05:00+00:00,1.0944511890411377,1.0944511890411377,1.0946906805038452,1.0944511890411377,1.0945708751678467,0
2024-10-10 01:10:00+00:00,1.0946906805038452,1.0946906805038452,1.0946906805038452,1.0944511890411377,1.0944511890411377,0
2024-10-10 01:15:00+00:00,1.0946906805038452,1.0946906805038452,1.0946906805038452,1.0946906805038452,1.0946906805038452,0
2024-10-10 01:20:00+00:00,1.0945708751678467,1.0945708751678467,1.0946906805038452,1.0945708751678467,1.0946906805038452,0
2024-10-10 01:25:00+00:00,1.0944511890411377,1.0944511890411377,1.0945708751678467,1.0944511890411377,1.0945708751678467,0
2024-10-10 01:30:00+00:00,1.0945708751678467,1.0945708751678467,1.0945708751678467,1.0945708751678467,1.0945708751678467,0
2024-10-10 01:35:00+00:00,1.0945708751678467,1.0945708751678467,1.0946906805038452,1.0945708751678467,1.0946906805038452,0
2024-10-10 01:40:00+00:00,1.0948106050491333,1.0948106050491333,1.0949305295944214,1.0948106050491333,1.0948106050491333,0
2024-10-10 01:45:00+00:00,1.0946906805038452,1.0946906805038452,1.0948106050491333,1.0946906805038452,1.0948106050491333,0
2024-10-10 01:50:00+00:00,1.0946906805038452,1.0946906805038452,1.0948106050491333,1.0946906805038452,1.0948106050491333,0
2024-10-10 01:55:00+00:00,1.0945708751678467,1.0945708751678467,1.0945708751678467,1.0945708751678467,1.0945708751678467,0
2024-10-10 02:00:00+00:00,1.0946906805038452,1.0946906805038452,1.0946906805038452,1.0945708751678467,1.0945708751678467,0
2024-10-10 02:05:00+00:00,1.0943313837051392,1.0943313837051392,1.0946906805038452,1.0943313837051392,1.0946906805038452,0
2024-10-10 02:10:00+00:00,1.0942115783691406,1.0942115783691406,1.0943313837051392,1.0942115783691406,1.0943313837051392,0
2024-10-10 02:15:00+00:00,1.0944511890411377,1.0944511890411377,1.0944511890411377,1.0942115783691406,1.0942115783691406,0
2024-10-10 02:20:00+00:00,1.0945708751678467,1.0945708751678467,1.0945708751678467,1.0944511890411377,1.0945708751678467,0
2024-10-10 02:25:00+00:00,1.0945708751678467,1.0945708751678467,1.0945708751678467,1.0945708751678467,1.0945708751678467,0
2024-10-10 02:30:00+00:00,1.0948106050491333,1.0948106050491333,1.0948106050491333,1.0946906805038452,1.0946906805038452,0
2024-10-10 02:35:00+00:00,1.0946906805038452,1.0946906805038452,1.0948106050491333,1.0946906805038452,1.0948106050491333,0
2024-10-10 02:40:00+00:00,1.0946906805038452,1.0946906805038452,1.0946906805038452,1.0946906805038452,1.0946906805038452,0
2024-10-10 02:45:00+00:00,1.0946906805038452,1.0946906805038452,1.0946906805038452,1.0946906805038452,1.0946906805038452,0
2024-10-10 02:50:00+00:00,1.0945708751678467,1.0945708751678467,1.0945708751678467,1.0945708751678467,1.0945708751678467,0
2024-10-10 02:55:00+00:00,1.0945708751678467,1.0945708751678467,1.0945708751678467,1.0945708751678467,1.0945708751678467,0
2024-10-10 03:00:00+00:00,1.0945708751678467,1.0945708751678467,1.0945708751678467,1.0944511890411377,1.0944511890411377,0
2024-10-10 03:05:00+00:00,1.0946906805038452,1.0946906805038452,1.0946906805038452,1.0945708751678467,1.0945708751678467,0
2024-10-10 03:10:00+00:00,1.0946906805038452,1.0946906805038452,1.0946906805038452,1.0945708751678467,1.0946906805038452,0
2024-10-10 03:15:00+00:00,1.0948106050491333,1.0948106050491333,1.0948106050491333,1.0946906805038452,1.0946906805038452,0
2024-10-10 03:20:00+00:00,1.0946906805038452,1.0946906805038452,1.0948106050491333,1.0946906805038452,1.0948106050491333,0
2024-10-10 03:25:00+00:00,1.0946906805038452,1.0946906805038452,1.0946906805038452,1.0945708751678467,1.0945708751678467,0
2024-10-10 03:30:00+00:00,1.0946906805038452,1.0946906805038452,1.0946906805038452,1.0945708751678467,1.0945708751678467,0
2024-10-10 03:35:00+00:00,1.0946906805038452,1.0946906805038452,1.0946906805038452,1.0945708751678467,1.0945708751678467,0
2024-10-10 03:40:00+00:00,1.0945708751678467,1.0945708751678467,1.0945708751678467,1.0945708751678467,1.0945708751678467,0
2024-10-10 03:45:00+00:00,1.0946906805038452,1.0946906805038452,1.0946906805038452,1.0945708751678467,1.0945708751678467,0
2024-10-10 03:50:00+00:00,1.0945708751678467,1.0945708751678467,1.0946906805038452,1.0945708751678467,1.0946906805038452,0
2024-10-10 03:55:00+00:00,1.0946906805038452,1.0946906805038452,1.0946906805038452,1.0945708751678467,1.0945708751678467,0
2024-10-10 04:00:00+00:00,1.0946906805038452,1.0946906805038452,1.0948106050491333,1.0946906805038452,1.0946906805038452,0
2024-10-10 04:05:00+00:00,1.0945708751678467,1.0945708751678467,1.0946906805038452,1.0945708751678467,1.0946906805038452,0
2024-10-10 04:10:00+00:00,1.0946906805038452,1.0946906805038452,1.0946906805038452,1.0945708751678467,1.0945708751678467,0
2024-10-10 04:15:00+00:00,1.0946906805038452,1.0946906805038452,1.0946906805038452,1.0946906805038452,1.0946906805038452,0
2024-10-10 04:20:00+00:00,1.0946906805038452,1.0946906805038452,1.0946906805038452,1.0946906805038452,1.0946906805038452,0
2024-10-10 04:25:00+00:00,1.0946906805038452,1.0946906805038452,1.0946906805038452,1.0945708751678467,1.0946906805038452,0
2024-10-10 04:30:00+00:00,1.0943313837051392,1.0943313837051392,1.0944511890411377,1.0943313837051392,1.0944511890411377,0
2024-10-10 04:35:00+00:00,1.0943313837051392,1.0943313837051392,1.0943313837051392,1.0943313837051392,1.0943313837051392,0
2024-10-10 04:40:00+00:00,1.0943313837051392,1.0943313837051392,1.0943313837051392,1.0942115783691406,1.0942115783691406,0
2024-10-10 04:45:00+00:00,1.0942115783691406,1.0942115783691406,1.0943313837051392,1.0942115783691406,1.0943313837051392,0
2024-10-10 04:50:00+00:00,1.0943313837051392,1.0943313837051392,1.0943313837051392,1.0940918922424316,1.0942115783691406,0
2024-10-10 04:55:00+00:00,1.0944511890411377,1.0944511890411377,1.0944511890411377,1.0943313837051392,1.0943313837051392,0
2024-10-10 05:00:00+00:00,1.0943313837051392,1.0943313837051392,1.0945708751678467,1.0943313837051392,1.0945708751678467,0
2024-10-10 05:05:00+00:00,1.0942115783691406,1.0942115783691406,1.0944511890411377,1.0942115783691406,1.0944511890411377,0
2024-10-10 05:10:00+00:00,1.0943313837051392,1.0943313837051392,1.0943313837051392,1.0942115783691406,1.0942115783691406,0
2024-10-10 05:15:00+00:00,1.0942115783691406,1.0942115783691406,1.0943313837051392,1.0942115783691406,1.0943313837051392,0
2024-10-10 05:20:00+00:00,1.0940918922424316,1.0940918922424316,1.0942115783691406,1.0940918922424316,1.0940918922424316,0
2024-10-10 05:25:00+00:00,1.0942115783691406,1.0942115783691406,1.0942115783691406,1.0940918922424316,1.0940918922424316,0
2024-10-10 05:30:00+00:00,1.0942115783691406,1.0942115783691406,1.0942115783691406,1.0942115783691406,1.0942115783691406,0
2024-10-10 05:35:00+00:00,1.0942115783691406,1.0942115783691406,1.0943313837051392,1.0942115783691406,1.0942115783691406,0
2024-10-10 05:40:00+00:00,1.0943313837051392,1.0943313837051392,1.0943313837051392,1.0942115783691406,1.0942115783691406,0
2024-10-10 05:45:00+00:00,1.0943313837051392,1.0943313837051392,1.0944511890411377,1.0943313837051392,1.0943313837051392,0
2024-10-10 05:50:00+00:00,1.0942115783691406,1.0942115783691406,1.0943313837051392,1.0942115783691406,1.0943313837051392,0
2024-10-10 05:55:00+00:00,1.0942115783691406,1.0942115783691406,1.0943313837051392,1.0942115783691406,1.0942115783691406,0
2024-10-10 06:00:00+00:00,1.0939722061157227,1.0939722061157227,1.0940918922424316,1.0939722061157227,1.0940918922424316,0
2024-10-10 06:05:00+00:00,1.0939722061157227,1.0939722061157227,1.0940918922424316,1.0939722061157227,1.0940918922424316,0
2024-10-10 06:10:00+00:00,1.0942115783691406,1.0942115783691406,1.0942115783691406,1.0940918922424316,1.0940918922424316,0
2024-10-10 06:15:00+00:00,1.0940918922424316,1.0940918922424316,1.0940918922424316,1.0940918922424316,1.0940918922424316,0
2024-10-10 06:20:00+00:00,1.0944511890411377,1.0944511890411377,1.0944511890411377,1.0940918922424316,1.0940918922424316,0
2024-10-10 06:25:00+00:00,1.0944511890411377,1.0944511890411377,1.0944511890411377,1.0942115783691406,1.0942115783691406,0
2024-10-10 06:30:00+00:00,1.0944511890411377,1.0944511890411377,1.0944511890411377,1.0943313837051392,1.0943313837051392,0
2024-10-10 06:35:00+00:00,1.0943313837051392,1.0943313837051392,1.0945708751678467,1.0943313837051392,1.0944511890411377,0
2024-10-10 06:40:00+00:00,1.0942115783691406,1.0942115783691406,1.0944511890411377,1.0942115783691406,1.0944511890411377,0
2024-10-10 06:45:00+00:00,1.0942115783691406,1.0942115783691406,1.0942115783691406,1.0940918922424316,1.0940918922424316,0
2024-10-10 06:50:00+00:00,1.0940918922424316,1.0940918922424316,1.0944511890411377,1.0940918922424316,1.0943313837051392,0
2024-10-10 06:55:00+00:00,1.0940918922424316,1.0940918922424316,1.0940918922424316,1.0940918922424316,1.0940918922424316,0
2024-10-10 07:00:00+00:00,1.0939722061157227,1.0939722061157227,1.0940918922424316,1.0938525199890137,1.0940918922424316,0
2024-10-10 07:05:00+00:00,1.0940918922424316,1.0940918922424316,1.0940918922424316,1.0939722061157227,1.0939722061157227,0
2024-10-10 07:10:00+00:00,1.0939722061157227,1.0939722061157227,1.0940918922424316,1.0939722061157227,1.0940918922424316,0
2024-10-10 07:15:00+00:00,1.0937328338623047,1.0937328338623047,1.0939722061157227,1.0937328338623047,1.0939722061157227,0
2024-10-10 07:20:00+00:00,1.0937328338623047,1.0937328338623047,1.0938525199890137,1.0937328338623047,1.0938525199890137,0
2024-10-10 07:25:00+00:00,1.0937328338623047,1.0937328338623047,1.0938525199890137,1.0936132669448853,1.0936132669448853,0
2024-10-10 07:30:00+00:00,1.0940918922424316,1.0940918922424316,1.0940918922424316,1.0938525199890137,1.0938525199890137,0
2024-10-10 07:35:00+00:00,1.0943313837051392,1.0943313837051392,1.0943313837051392,1.0942115783691406,1.0942115783691406,0
2024-10-10 07:40:00+00:00,1.0944511890411377,1.0944511890411377,1.0944511890411377,1.0944511890411377,1.0944511890411377,0
2024-10-10 07:45:00+00:00,1.0943313837051392,1.0943313837051392,1.0945708751678467,1.0943313837051392,1.0945708751678467,0
2024-10-10 07:50:00+00:00,1.0942115783691406,1.0942115783691406,1.0944511890411377,1.0939722061157227,1.0943313837051392,0
2024-10-10 07:55:00+00:00,1.0939722061157227,1.0939722061157227,1.0942115783691406,1.0939722061157227,1.0942115783691406,0
2024-10-10 08:00:00+00:00,1.0942115783691406,1.0942115783691406,1.0942115783691406,1.0939722061157227,1.0939722061157227,0
2024-10-10 08:05:00+00:00,1.0936132669448853,1.0936132669448853,1.0942115783691406,1.0936132669448853,1.0942115783691406,0
2024-10-10 08:10:00+00:00,1.0932546854019165,1.0932546854019165,1.0934937000274658,1.093135118484497,1.0933741331100464,0
2024-10-10 08:15:00+00:00,1.093135118484497,1.093135118484497,1.0933741331100464,1.093135118484497,1.0932546854019165,0
2024-10-10 08:20:00+00:00,1.0933741331100464,1.0933741331100464,1.0933741331100464,1.0932546854019165,1.0932546854019165,0
2024-10-10 08:25:00+00:00,1.0937328338623047,1.0937328338623047,1.0937328338623047,1.0933741331100464,1.0933741331100464,0
2024-10-10 08:30:00+00:00,1.0937328338623047,1.0937328338623047,1.0937328338623047,1.0934937000274658,1.0934937000274658,0
2024-10-10 08:35:00+00:00,1.0938525199890137,1.0938525199890137,1.0938525199890137,1.0937328338623047,1.0937328338623047,0
2024-10-10 08:40:00+00:00,1.0937328338623047,1.0937328338623047,1.0938525199890137,1.0937328338623047,1.0938525199890137,0
2024-10-10 08:45:00+00:00,1.0936132669448853,1.0936132669448853,1.0937328338623047,1.0936132669448853,1.0937328338623047,0
2024-10-10 08:50:00+00:00,1.0936132669448853,1.0936132669448853,1.0936132669448853,1.0934937000274658,1.0936132669448853,0
2024-10-10 08:55:00+00:00,1.0936132669448853,1.0936132669448853,1.0936132669448853,1.0936132669448853,1.0936132669448853,0
2024-10-10 09:00:00+00:00,1.0934937000274658,1.0934937000274658,1.0936132669448853,1.0934937000274658,1.0936132669448853,0
2024-10-10 09:05:00+00:00,1.0933741331100464,1.0933741331100464,1.0933741331100464,1.0932546854019165,1.0933741331100464,0
2024-10-10 09:10:00+00:00,1.093135118484497,1.093135118484497,1.0933741331100464,1.093135118484497,1.0933741331100464,0
2024-10-10 09:15:00+00:00,1.0933741331100464,1.0933741331100464,1.0933741331100464,1.093135118484497,1.093135118484497,0
2024-10-10 09:20:00+00:00,1.0934937000274658,1.0934937000274658,1.0934937000274658,1.0934937000274658,1.0934937000274658,0
2024-10-10 09:25:00+00:00,1.0934937000274658,1.0934937000274658,1.0934937000274658,1.0934937000274658,1.0934937000274658,0
2024-10-10 09:30:00+00:00,1.0934937000274658,1.0934937000274658,1.0934937000274658,1.0933741331100464,1.0934937000274658,0
2024-10-10 09:35:00+00:00,1.0936132669448853,1.0936132669448853,1.0936132669448853,1.0934937000274658,1.0934937000274658,0
2024-10-10 09:40:00+00:00,1.0934937000274658,1.0934937000274658,1.0936132669448853,1.0934937000274658,1.0934937000274658,0
2024-10-10 09:45:00+00:00,1.0933741331100464,1.0933741331100464,1.0934937000274658,1.0933741331100464,1.0934937000274658,0
2024-10-10 09:50:00+00:00,1.0934937000274658,1.0934937000274658,1.0934937000274658,1.0933741331100464,1.0933741331100464,0
2024-10-10 09:55:00+00:00,1.0937328338623047,1.0937328338623047,1.0937328338623047,1.0936132669448853,1.0936132669448853,0
2024-10-10 10:00:00+00:00,1.0937328338623047,1.0937328338623047,1.0937328338623047,1.0937328338623047,1.0937328338623047,0
2024-10-10 10:05:00+00:00,1.0936132669448853,1.0936132669448853,1.0937328338623047,1.0936132669448853,1.0937328338623047,0
2024-10-10 10:10:00+00:00,1.0934937000274658,1.0934937000274658,1.0936132669448853,1.0933741331100464,1.0934937000274658,0
2024-10-10 10:15:00+00:00,1.0936132669448853,1.0936132669448853,1.0936132669448853,1.0934937000274658,1.0934937000274658,0
2024-10-10 10:20:00+00:00,1.0936132669448853,1.0936132669448853,1.0936132669448853,1.0934937000274658,1.0934937000274658,0
2024-10-10 10:25:00+00:00,1.0936132669448853,1.0936132669448853,1.0936132669448853,1.0934937000274658,1.0936132669448853,0
2024-10-10 10:30:00+00:00,1.0939722061157227,1.0939722061157227,1.0940918922424316,1.0937328338623047,1.0937328338623047,0
2024-10-10 10:35:00+00:00,1.0939722061157227,1.0939722061157227,1.0939722061157227,1.0938525199890137,1.0939722061157227,0
2024-10-10 10:40:00+00:00,1.0938525199890137,1.0938525199890137,1.0939722061157227,1.0938525199890137,1.0939722061157227,0
2024-10-10 10:45:00+00:00,1.0937328338623047,1.0937328338623047,1.0938525199890137,1.0937328338623047,1.0938525199890137,0
2024-10-10 10:50:00+00:00,1.0938525199890137,1.0938525199890137,1.0938525199890137,1.0938525199890137,1.0938525199890137,0
2024-10-10 10:55:00+00:00,1.0942115783691406,1.0942115783691406,1.0942115783691406,1.0940918922424316,1.0940918922424316,0
2024-10-10 11:00:00+00:00,1.0942115783691406,1.0942115783691406,1.0942115783691406,1.0942115783691406,1.0942115783691406,0
2024-10-10 11:05:00+00:00,1.0940918922424316,1.0940918922424316,1.0942115783691406,1.0940918922424316,1.0942115783691406,0
2024-10-10 11:10:00+00:00,1.0939722061157227,1.0939722061157227,1.0940918922424316,1.0939722061157227,1.0939722061157227,0
2024-10-10 11:15:00+00:00,1.0938525199890137,1.0938525199890137,1.0939722061157227,1.0938525199890137,1.0939722061157227,0
2024-10-10 11:20:00+00:00,1.0936132669448853,1.0936132669448853,1.0938525199890137,1.0936132669448853,1.0937328338623047,0
2024-10-10 11:25:00+00:00,1.0937328338623047,1.0937328338623047,1.0937328338623047,1.0936132669448853,1.0936132669448853,0
2024-10-10 11:30:00+00:00,1.0938525199890137,1.0938525199890137,1.0938525199890137,1.0937328338623047,1.0937328338623047,0
2024-10-10 11:35:00+00:00,1.0930156707763672,1.0930156707763672,1.0936132669448853,1.0930156707763672,1.0936132669448853,0
2024-10-10 11:40:00+00:00,1.0932546854019165,1.0932546854019165,1.0933741331100464,1.093135118484497,1.0933741331100464,0
2024-10-10 11:45:00+00:00,1.093135118484497,1.093135118484497,1.0932546854019165,1.093135118484497,1.0932546854019165,0
2024-10-10 11:50:00+00:00,1.0934937000274658,1.0934937000274658,1.0934937000274658,1.0932546854019165,1.0932546854019165,0
2024-10-10 11:55:00+00:00,1.0934937000274658,1.0934937000274658,1.0934937000274658,1.0934937000274658,1.0934937000274658,0
2024-10-10 12:00:00+00:00,1.0937328338623047,1.0937328338623047,1.0937328338623047,1.0933741331100464,1.0933741331100464,0
2024-10-10 12:05:00+00:00,1.0934937000274658,1.0934937000274658,1.0936132669448853,1.0934937000274658,1.0934937000274658,0
2024-10-10 12:10:00+00:00,1.0934937000274658,1.0934937000274658,1.0936132669448853,1.0934937000274658,1.0934937000274658,0
2024-10-10 12:15:00+00:00,1.0934937000274658,1.0934937000274658,1.0937328338623047,1.0934937000274658,1.0936132669448853,0
2024-10-10 12:20:00+00:00,1.0933741331100464,1.0933741331100464,1.0936132669448853,1.0933741331100464,1.0933741331100464,0
2024-10-10 12:25:00+00:00,1.0936132669448853,1.0936132669448853,1.0936132669448853,1.0934937000274658,1.0934937000274658,0
2024-10-10 12:30:00+00:00,1.0946906805038452,1.0946906805038452,1.095170259475708,1.0926573276519775,1.0926573276519775,0
2024-10-10 12:35:00+00:00,1.0934937000274658,1.0934937000274658,1.0943313837051392,1.0934937000274658,1.0943313837051392,0
2024-10-10 12:40:00+00:00,1.0934937000274658,1.0934937000274658,1.0934937000274658,1.0927767753601074,1.0927767753601074,0
2024-10-10 12:45:00+00:00,1.0946906805038452,1.0946906805038452,1.0946906805038452,1.0937328338623047,1.0937328338623047,0
2024-10-10 12:50:00+00:00,1.09505033493042,1.09505033493042,1.09505033493042,1.0948106050491333,1.0949305295944214,0
2024-10-10 12:55:00+00:00,1.0946906805038452,1.0946906805038452,1.09505033493042,1.0946906805038452,1.09505033493042,0
2024-10-10 13:00:00+00:00,1.0949305295944214,1.0949305295944214,1.0952903032302856,1.0943313837051392,1.0944511890411377,0
2024-10-10 13:05:00+00:00,1.0949305295944214,1.0949305295944214,1.095170259475708,1.0944511890411377,1.095170259475708,0
2024-10-10 13:10:00+00:00,1.0944511890411377,1.0944511890411377,1.0946906805038452,1.0944511890411377,1.0944511890411377,0
2024-10-10 13:15:00+00:00,1.095170259475708,1.095170259475708,1.095170259475708,1.0943313837051392,1.0943313837051392,0
2024-10-10 13:20:00+00:00,1.095170259475708,1.095170259475708,1.095170259475708,1.0949305295944214,1.09505033493042,0
2024-10-10 13:25:00+00:00,1.0948106050491333,1.0948106050491333,1.0952903032302856,1.0948106050491333,1.0952903032302856,0
2024-10-10 13:30:00+00:00,1.0943313837051392,1.0943313837051392,1.0946906805038452,1.0943313837051392,1.0946906805038452,0
2024-10-10 13:35:00+00:00,1.0942115783691406,1.0942115783691406,1.0945708751678467,1.0940918922424316,1.0944511890411377,0
2024-10-10 13:40:00+00:00,1.0939722061157227,1.0939722061157227,1.0946906805038452,1.0939722061157227,1.0942115783691406,0
2024-10-10 13:45:00+00:00,1.0943313837051392,1.0943313837051392,1.0943313837051392,1.0938525199890137,1.0938525199890137,0
2024-10-10 13:50:00+00:00,1.0945708751678467,1.0945708751678467,1.0945708751678467,1.0942115783691406,1.0943313837051392,0
2024-10-10 13:55:00+00:00,1.0939722061157227,1.0939722061157227,1.0944511890411377,1.0939722061157227,1.0944511890411377,0
2024-10-10 14:00:00+00:00,1.0943313837051392,1.0943313837051392,1.0944511890411377,1.0942115783691406,1.0943313837051392,0
2024-10-10 14:05:00+00:00,1.0934937000274658,1.0934937000274658,1.0940918922424316,1.0934937000274658,1.0940918922424316,0
2024-10-10 14:10:00+00:00,1.0939722061157227,1.0939722061157227,1.0940918922424316,1.0937328338623047,1.0937328338623047,0
2024-10-10 14:15:00+00:00,1.0936132669448853,1.0936132669448853,1.0939722061157227,1.0936132669448853,1.0937328338623047,0
2024-10-10 14:20:00+00:00,1.0933741331100464,1.0933741331100464,1.0936132669448853,1.0932546854019165,1.0936132669448853,0
2024-10-10 14:25:00+00:00,1.0926573276519775,1.0926573276519775,1.093135118484497,1.0926573276519775,1.093135118484497,0
2024-10-10 14:30:00+00:00,1.0922993421554565,1.0922993421554565,1.0926573276519775,1.0921800136566162,1.0926573276519775,0
2024-10-10 14:35:00+00:00,1.091941475868225,1.091941475868225,1.0921800136566162,1.0918222665786743,1.0921800136566162,0
2024-10-10 14:40:00+00:00,1.0920606851577759,1.0920606851577759,1.0921800136566162,1.0918222665786743,1.091941475868225,0
2024-10-10 14:45:00+00:00,1.0922993421554565,1.0922993421554565,1.0922993421554565,1.091941475868225,1.091941475868225,0
2024-10-10 14:50:00+00:00,1.0926573276519775,1.0926573276519775,1.0926573276519775,1.0925379991531372,1.0925379991531372,0
2024-10-10 14:55:00+00:00,1.0925379991531372,1.0925379991531372,1.0927767753601074,1.0925379991531372,1.0927767753601074,0
2024-10-10 15:00:00+00:00,1.0922993421554565,1.0922993421554565,1.0927767753601074,1.0922993421554565,1.0926573276519775,0
2024-10-10 15:05:00+00:00,1.0921800136566162,1.0921800136566162,1.0924185514450073,1.0921800136566162,1.0922993421554565,0
2024-10-10 15:10:00+00:00,1.0925379991531372,1.0925379991531372,1.0925379991531372,1.0922993421554565,1.0922993421554565,0
2024-10-10 15:15:00+00:00,1.0928961038589478,1.0928961038589478,1.0928961038589478,1.0926573276519775,1.0926573276519775,0
2024-10-10 15:20:00+00:00,1.0927767753601074,1.0927767753601074,1.0928961038589478,1.0927767753601074,1.0928961038589478,0
2024-10-10 15:25:00+00:00,1.0930156707763672,1.0930156707763672,1.0930156707763672,1.0927767753601074,1.0927767753601074,0
2024-10-10 15:30:00+00:00,1.0927767753601074,1.0927767753601074,1.0930156707763672,1.0926573276519775,1.0928961038589478,0
2024-10-10 15:35:00+00:00,1.0932546854019165,1.0932546854019165,1.0932546854019165,1.0928961038589478,1.0928961038589478,0
2024-10-10 15:40:00+00:00,1.093135118484497,1.093135118484497,1.0932546854019165,1.093135118484497,1.0932546854019165,0
2024-10-10 15:45:00+00:00,1.0930156707763672,1.0930156707763672,1.093135118484497,1.0930156707763672,1.093135118484497,0
2024-10-10 15:50:00+00:00,1.0930156707763672,1.0930156707763672,1.0930156707763672,1.0930156707763672,1.0930156707763672,0
2024-10-10 15:55:00+00:00,1.0927767753601074,1.0927767753601074,1.0930156707763672,1.0927767753601074,1.0930156707763672,0
2024-10-10 16:00:00+00:00,1.0928961038589478,1.0928961038589478,1.0930156707763672,1.0928961038589478,1.0928961038589478,0
2024-10-10 16:05:00+00:00,1.0928961038589478,1.0928961038589478,1.0930156707763672,1.0928961038589478,1.0930156707763672,0
2024-10-10 16:10:00+00:00,1.0930156707763672,1.0930156707763672,1.0930156707763672,1.0928961038589478,1.0928961038589478,0
2024-10-10 16:15:00+00:00,1.0930156707763672,1.0930156707763672,1.093135118484497,1.0930156707763672,1.0930156707763672,0
2024-10-10 16:20:00+00:00,1.0927767753601074,1.0927767753601074,1.0928961038589478,1.0927767753601074,1.0927767753601074,0
2024-10-10 16:25:00+00:00,1.0930156707763672,1.0930156707763672,1.0930156707763672,1.0928961038589478,1.0930156707763672,0
2024-10-10 16:30:00+00:00,1.0928961038589478,1.0928961038589478,1.0928961038589478,1.0927767753601074,1.0928961038589478,0
2024-10-10 16:35:00+00:00,1.0927767753601074,1.0927767753601074,1.0928961038589478,1.0927767753601074,1.0928961038589478,0
2024-10-10 16:40:00+00:00,1.0925379991531372,1.0925379991531372,1.0927767753601074,1.0924185514450073,1.0927767753601074,0
2024-10-10 16:45:00+00:00,1.0911074876785278,1.0911074876785278,1.0925379991531372,1.0911074876785278,1.0925379991531372,0
2024-10-10 16:50:00+00:00,1.0907504558563232,1.0907504558563232,1.0909883975982666,1.0907504558563232,1.0909883975982666,0
2024-10-10 16:55:00+00:00,1.0909883975982666,1.0909883975982666,1.0909883975982666,1.0907504558563232,1.0909883975982666,0
2024-10-10 17:00:00+00:00,1.0907504558563232,1.0907504558563232,1.0911074876785278,1.0907504558563232,1.0911074876785278,0
2024-10-10 17:05:00+00:00,1.0905125141143799,1.0905125141143799,1.0906314849853516,1.0903936624526978,1.0906314849853516,0
2024-10-10 17:10:00+00:00,1.0903936624526978,1.0903936624526978,1.0906314849853516,1.0903936624526978,1.0906314849853516,0
2024-10-10 17:15:00+00:00,1.090869426727295,1.090869426727295,1.090869426727295,1.0905125141143799,1.0906314849853516,0
2024-10-10 17:20:00+00:00,1.0917030572891235,1.0917030572891235,1.0917030572891235,1.091226577758789,1.091226577758789,0
2024-10-10 17:25:00+00:00,1.0917030572891235,1.0917030572891235,1.0917030572891235,1.0915838479995728,1.0915838479995728,0
2024-10-10 17:30:00+00:00,1.091941475868225,1.091941475868225,1.0920606851577759,1.091941475868225,1.091941475868225,0
2024-10-10 17:35:00+00:00,1.0921800136566162,1.0921800136566162,1.0921800136566162,1.0920606851577759,1.0921800136566162,0
2024-10-10 17:40:00+00:00,1.0921800136566162,1.0921800136566162,1.0921800136566162,1.0920606851577759,1.0921800136566162,0
2024-10-10 17:45:00+00:00,1.0921800136566162,1.0921800136566162,1.0922993421554565,1.0920606851577759,1.0920606851577759,0
2024-10-10 17:50:00+00:00,1.0920606851577759,1.0920606851577759,1.0922993421554565,1.0920606851577759,1.0922993421554565,0
2024-10-10 17:55:00+00:00,1.0921800136566162,1.0921800136566162,1.0922993421554565,1.0921800136566162,1.0921800136566162,0
2024-10-10 18:00:00+00:00,1.0922993421554565,1.0922993421554565,1.0922993421554565,1.0921800136566162,1.0921800136566162,0
2024-10-10 18:05:00+00:00,1.0924185514450073,1.0924185514450073,1.0924185514450073,1.0921800136566162,1.0921800136566162,0
2024-10-10 18:10:00+00:00,1.0926573276519775,1.0926573276519775,1.0927767753601074,1.0924185514450073,1.0924185514450073,0
2024-10-10 18:15:00+00:00,1.0924185514450073,1.0924185514450073,1.0926573276519775,1.0924185514450073,1.0926573276519775,0
2024-10-10 18:20:00+00:00,1.0924185514450073,1.0924185514450073,1.0924185514450073,1.0922993421554565,1.0922993421554565,0
2024-10-10 18:25:00+00:00,1.0924185514450073,1.0924185514450073,1.0925379991531372,1.0924185514450073,1.0925379991531372,0
2024-10-10 18:30:00+00:00,1.0925379991531372,1.0925379991531372,1.0926573276519775,1.0925379991531372,1.0925379991531372,0
2024-10-10 18:35:00+00:00,1.0927767753601074,1.0927767753601074,1.0927767753601074,1.0925379991531372,1.0926573276519775,0
2024-10-10 18:40:00+00:00,1.0926573276519775,1.0926573276519775,1.0928961038589478,1.0926573276519775,1.0928961038589478,0
2024-10-10 18:45:00+00:00,1.0927767753601074,1.0927767753601074,1.0927767753601074,1.0926573276519775,1.0926573276519775,0
2024-10-10 18:50:00+00:00,1.0924185514450073,1.0924185514450073,1.0926573276519775,1.0924185514450073,1.0926573276519775,0
2024-10-10 18:55:00+00:00,1.0926573276519775,1.0926573276519775,1.0926573276519775,1.0924185514450073,1.0924185514450073,0
2024-10-10 19:00:00+00:00,1.0926573276519775,1.0926573276519775,1.0926573276519775,1.0925379991531372,1.0925379991531372,0
2024-10-10 19:05:00+00:00,1.0926573276519775,1.0926573276519775,1.0927767753601074,1.0926573276519775,1.0926573276519775,0
2024-10-10 19:10:00+00:00,1.0927767753601074,1.0927767753601074,1.0928961038589478,1.0926573276519775,1.0927767753601074,0
2024-10-10 19:15:00+00:00,1.0928961038589478,1.0928961038589478,1.0928961038589478,1.0927767753601074,1.0927767753601074,0
2024-10-10 19:20:00+00:00,1.0930156707763672,1.0930156707763672,1.0930156707763672,1.0928961038589478,1.0928961038589478,0
2024-10-10 19:25:00+00:00,1.0930156707763672,1.0930156707763672,1.0930156707763672,1.0928961038589478,1.0930156707763672,0
2024-10-10 19:30:00+00:00,1.093135118484497,1.093135118484497,1.093135118484497,1.0930156707763672,1.0930156707763672,0
2024-10-10 19:35:00+00:00,1.093135118484497,1.093135118484497,1.093135118484497,1.093135118484497,1.093135118484497,0
2024-10-10 19:40:00+00:00,1.0933741331100464,1.0933741331100464,1.0933741331100464,1.0932546854019165,1.0932546854019165,0
2024-10-10 19:45:00+00:00,1.0934937000274658,1.0934937000274658,1.0934937000274658,1.0933741331100464,1.0933741331100464,0
2024-10-10 19:50:00+00:00,1.0936132669448853,1.0936132669448853,1.0936132669448853,1.0934937000274658,1.0934937000274658,0
2024-10-10 19:55:00+00:00,1.0937328338623047,1.0937328338623047,1.0937328338623047,1.0936132669448853,1.0936132669448853,0
2024-10-10 20:00:00+00:00,1.0940918922424316,1.0940918922424316,1.0940918922424316,1.0938525199890137,1.0938525199890137,0
2024-10-10 20:05:00+00:00,1.0939722061157227,1.0939722061157227,1.0939722061157227,1.0938525199890137,1.0938525199890137,0
2024-10-10 20:10:00+00:00,1.0938525199890137,1.0938525199890137,1.0939722061157227,1.0938525199890137,1.0939722061157227,0
2024-10-10 20:15:00+00:00,1.0938525199890137,1.0938525199890137,1.0938525199890137,1.0938525199890137,1.0938525199890137,0
2024-10-10 20:20:00+00:00,1.0937328338623047,1.0937328338623047,1.0939722061157227,1.0937328338623047,1.0938525199890137,0
2024-10-10 20:25:00+00:00,1.0940918922424316,1.0940918922424316,1.0940918922424316,1.0939722061157227,1.0939722061157227,0
2024-10-10 20:30:00+00:00,1.0938525199890137,1.0938525199890137,1.0939722061157227,1.0938525199890137,1.0939722061157227,0
2024-10-10 20:35:00+00:00,1.0937328338623047,1.0937328338623047,1.0938525199890137,1.0937328338623047,1.0938525199890137,0
2024-10-10 20:40:00+00:00,1.0938525199890137,1.0938525199890137,1.0938525199890137,1.0936132669448853,1.0937328338623047,0
2024-10-10 20:45:00+00:00,1.0939722061157227,1.0939722061157227,1.0939722061157227,1.0938525199890137,1.0938525199890137,0
2024-10-10 20:50:00+00:00,1.0939722061157227,1.0939722061157227,1.0939722061157227,1.0939722061157227,1.0939722061157227,0
2024-10-10 20:55:00+00:00,1.0939722061157227,1.0939722061157227,1.0940918922424316,1.0939722061157227,1.0939722061157227,0
2024-10-10 21:00:00+00:00,1.0939722061157227,1.0939722061157227,1.0939722061157227,1.0938525199890137,1.0938525199890137,0
2024-10-10 21:05:00+00:00,1.0937328338623047,1.0937328338623047,1.0940918922424316,1.0936132669448853,1.0936132669448853,0
2024-10-10 21:10:00+00:00,1.0936132669448853,1.0936132669448853,1.0938525199890137,1.0936132669448853,1.0938525199890137,0
2024-10-10 21:15:00+00:00,1.0937328338623047,1.0937328338623047,1.0938525199890137,1.0933741331100464,1.0933741331100464,0
2024-10-10 21:20:00+00:00,1.0934937000274658,1.0934937000274658,1.0939722061157227,1.0934937000274658,1.0938525199890137,0
2024-10-10 21:25:00+00:00,1.0937328338623047,1.0937328338623047,1.0938525199890137,1.0933741331100464,1.0933741331100464,0
2024-10-10 21:30:00+00:00,1.0937328338623047,1.0937328338623047,1.0938525199890137,1.0934937000274658,1.0938525199890137,0
2024-10-10 21:35:00+00:00,1.0936132669448853,1.0936132669448853,1.0938525199890137,1.0936132669448853,1.0936132669448853,0
2024-10-10 21:40:00+00:00,1.0937328338623047,1.0937328338623047,1.0938525199890137,1.0933741331100464,1.0936132669448853,0
2024-10-10 21:45:00+00:00,1.0937328338623047,1.0937328338623047,1.0938525199890137,1.0937328338623047,1.0938525199890137,0
2024-10-10 21:50:00+00:00,1.0936132669448853,1.0936132669448853,1.0939722061157227,1.0936132669448853,1.0938525199890137,0
2024-10-10 21:55:00+00:00,1.0937328338623047,1.0937328338623047,1.0939722061157227,1.0937328338623047,1.0938525199890137,0
2024-10-10 22:00:00+00:00,1.0937328338623047,1.0937328338623047,1.0938525199890137,1.0937328338623047,1.0938525199890137,0
2024-10-10 22:05:00+00:00,1.0937328338623047,1.0937328338623047,1.0937328338623047,1.0936132669448853,1.0937328338623047,0
2024-10-10 22:10:00+00:00,1.0937328338623047,1.0937328338623047,1.0937328338623047,1.0937328338623047,1.0937328338623047,0
2024-10-10 22:15:00+00:00,1.0937328338623047,1.0937328338623047,1.0938525199890137,1.0937328338623047,1.0938525199890137,0
2024-10-10 22:20:00+00:00,1.0937328338623047,1.0937328338623047,1.0937328338623047,1.0936132669448853,1.0937328338623047,0
2024-10-10 22:25:00+00:00,1.0936132669448853,1.0936132669448853,1.0937328338623047,1.0936132669448853,1.0936132669448853,0
2024-10-10 22:30:00+00:00,1.0936132669448853,1.0936132669448853,1.0937328338623047,1.0936132669448853,1.0937328338623047,0
2024-10-10 22:35:00+00:00,1.0937328338623047,1.0937328338623047,1.0937328338623047,1.0936132669448853,1.0937328338623047,0
2024-10-10 22:40:00+00:00,1.0937328338623047,1.0937328338623047,1.0937328338623047,1.0936132669448853,1.0936132669448853,0
2024-10-10 22:45:00+00:00,1.0937328338623047,1.0937328338623047,1.0937328338623047,1.0937328338623047,1.0937328338623047,0
2024-10-10 22:50:00+00:00,1.0936132669448853,1.0936132669448853,1.0937328338623047,1.0936132669448853,1.0937328338623047,0
2024-10-10 22:55:00+00:00,1.0937328338623047,1.0937328338623047,1.0937328338623047,1.0936132669448853,1.0936132669448853,0
2024-10-10 23:00:00+00:00,1.0936132669448853,1.0936132669448853,1.0937328338623047,1.0936132669448853,1.0937328338623047,0
2024-10-10 23:05:00+00:00,1.0937328338623047,1.0937328338623047,1.0937328338623047,1.0936132669448853,1.0936132669448853,0
2024-10-10 23:10:00+00:00,1.0936132669448853,1.0936132669448853,1.0937328338623047,1.0936132669448853,1.0937328338623047,0
2024-10-10 23:15:00+00:00,1.0937328338623047,1.0937328338623047,1.0937328338623047,1.0936132669448853,1.0937328338623047,0
2024-10-10 23:20:00+00:00,1.0936132669448853,1.0936132669448853,1.0937328338623047,1.0936132669448853,1.0937328338623047,0
2024-10-10 23:25:00+00:00,1.0936132669448853,1.0936132669448853,1.0936132669448853,1.0936132669448853,1.0936132669448853,0
2024-10-10 23:30:00+00:00,1.0936132669448853,1.0936132669448853,1.0936132669448853,1.0936132669448853,1.0936132669448853,0
2024-10-10 23:35:00+00:00,1.0936132669448853,1.0936132669448853,1.0937328338623047,1.0936132669448853,1.0937328338623047,0
2024-10-10 23:40:00+00:00,1.0937328338623047,1.0937328338623047,1.0937328338623047,1.0936132669448853,1.0936132669448853,0
2024-10-10 23:45:00+00:00,1.0937328338623047,1.0937328338623047,1.0937328338623047,1.0936132669448853,1.0937328338623047,0
2024-10-10 23:50:00+00:00,1.0936132669448853,1.0936132669448853,1.0937328338623047,1.0936132669448853,1.0937328338623047,0
2024-10-10 23:55:00+00:00,1.0936132669448853,1.0936132669448853,1.0937328338623047,1.0936132669448853,1.0937328338623047,0
2024-10-11 00:00:00+00:00,1.0936132669448853,1.0936132669448853,1.0937328338623047,1.0936132669448853,1.0937328338623047,0
2024-10-11 00:05:00+00:00,1.0936132669448853,1.0936132669448853,1.0936132669448853,1.0934937000274658,1.0936132669448853,0
2024-10-11 00:10:00+00:00,1.0937328338623047,1.0937328338623047,1.0937328338623047,1.0936132669448853,1.0936132669448853,0
2024-10-11 00:15:00+00:00,1.0937328338623047,1.0937328338623047,1.0937328338623047,1.0936132669448853,1.0936132669448853,0
2024-10-11 00:20:00+00:00,1.0937328338623047,1.0937328338623047,1.0938525199890137,1.0936132669448853,1.0937328338623047,0
2024-10-11 00:25:00+00:00,1.0937328338623047,1.0937328338623047,1.0938525199890137,1.0937328338623047,1.0938525199890137,0
2024-10-11 00:30:00+00:00,1.0937328338623047,1.0937328338623047,1.0937328338623047,1.0937328338623047,1.0937328338623047,0
2024-10-11 00:35:00+00:00,1.0936132669448853,1.0936132669448853,1.0938525199890137,1.0936132669448853,1.0937328338623047,0
2024-10-11 00:40:00+00:00,1.0937328338623047,1.0937328338623047,1.0938525199890137,1.0937328338623047,1.0937328338623047,0
2024-10-11 00:45:00+00:00,1.0937328338623047,1.0937328338623047,1.0937328338623047,1.0937328338623047,1.0937328338623047,0
2024-10-11 00:50:00+00:00,1.0939722061157227,1.0939722061157227,1.0939722061157227,1.0937328338623047,1.0937328338623047,0
2024-10-11 00:55:00+00:00,1.0939722061157227,1.0939722061157227,1.0940918922424316,1.0939722061157227,1.0939722061157227,0
2024-10-11 01:00:00+00:00,1.0938525199890137,1.0938525199890137,1.0939722061157227,1.0938525199890137,1.0939722061157227,0
2024-10-11 01:05:00+00:00,1.0938525199890137,1.0938525199890137,1.0938525199890137,1.0937328338623047,1.0937328338623047,0
2024-10-11 01:10:00+00:00,1.0939722061157227,1.0939722061157227,1.0939722061157227,1.0938525199890137,1.0938525199890137,0
2024-10-11 01:15:00+00:00,1.0939722061157227,1.0939722061157227,1.0939722061157227,1.0939722061157227,1.0939722061157227,0
2024-10-11 01:20:00+00:00,1.0937328338623047,1.0937328338623047,1.0939722061157227,1.0937328338623047,1.0939722061157227,0
2024-10-11 01:25:00+00:00,1.0937328338623047,1.0937328338623047,1.0938525199890137,1.0937328338623047,1.0938525199890137,0
2024-10-11 01:30:00+00:00,1.0933741331100464,1.0933741331100464,1.0936132669448853,1.0933741331100464,1.0936132669448853,0
2024-10-11 01:35:00+00:00,1.0932546854019165,1.0932546854019165,1.0934937000274658,1.0932546854019165,1.0934937000274658,0
2024-10-11 01:40:00+00:00,1.0933741331100464,1.0933741331100464,1.0933741331100464,1.0933741331100464,1.0933741331100464,0
2024-10-11 01:45:00+00:00,1.0933741331100464,1.0933741331100464,1.0933741331100464,1.0933741331100464,1.0933741331100464,0
2024-10-11 01:50:00+00:00,1.0933741331100464,1.0933741331100464,1.0933741331100464,1.0933741331100464,1.0933741331100464,0
2024-10-11 01:55:00+00:00,1.0934937000274658,1.0934937000274658,1.0934937000274658,1.0933741331100464,1.0933741331100464,0
2024-10-11 02:00:00+00:00,1.0934937000274658,1.0934937000274658,1.0934937000274658,1.0933741331100464,1.0934937000274658,0
2024-10-11 02:05:00+00:00,1.0934937000274658,1.0934937000274658,1.0936132669448853,1.0934937000274658,1.0936132669448853,0
2024-10-11 02:10:00+00:00,1.0936132669448853,1.0936132669448853,1.0936132669448853,1.0934937000274658,1.0934937000274658,0
2024-10-11 02:15:00+00:00,1.0936132669448853,1.0936132669448853,1.0937328338623047,1.0936132669448853,1.0937328338623047,0
2024-10-11 02:20:00+00:00,1.0937328338623047,1.0937328338623047,1.0937328338623047,1.0936132669448853,1.0936132669448853,0
2024-10-11 02:25:00+00:00,1.0937328338623047,1.0937328338623047,1.0938525199890137,1.0937328338623047,1.0938525199890137,0
2024-10-11 02:30:00+00:00,1.0938525199890137,1.0938525199890137,1.0938525199890137,1.0936132669448853,1.0937328338623047,0
2024-10-11 02:35:00+00:00,1.0939722061157227,1.0939722061157227,1.0939722061157227,1.0938525199890137,1.0938525199890137,0
2024-10-11 02:40:00+00:00,1.0939722061157227,1.0939722061157227,1.0939722061157227,1.0938525199890137,1.0938525199890137,0
2024-10-11 02:45:00+00:00,1.0940918922424316,1.0940918922424316,1.0940918922424316,1.0938525199890137,1.0938525199890137,0
2024-10-11 02:50:00+00:00,1.0939722061157227,1.0939722061157227,1.0939722061157227,1.0939722061157227,1.0939722061157227,0
2024-10-11 02:55:00+00:00,1.0939722061157227,1.0939722061157227,1.0939722061157227,1.0939722061157227,1.0939722061157227,0
2024-10-11 03:00:00+00:00,1.0939722061157227,1.0939722061157227,1.0940918922424316,1.0939722061157227,1.0940918922424316,0
2024-10-11 03:05:00+00:00,1.0939722061157227,1.0939722061157227,1.0939722061157227,1.0939722061157227,1.0939722061157227,0
2024-10-11 03:10:00+00:00,1.0940918922424316,1.0940918922424316,1.0940918922424316,1.0940918922424316,1.0940918922424316,0
2024-10-11 03:15:00+00:00,1.0940918922424316,1.0940918922424316,1.0942115783691406,1.0940918922424316,1.0940918922424316,0
2024-10-11 03:20:00+00:00,1.0942115783691406,1.0942115783691406,1.0943313837051392,1.0940918922424316,1.0940918922424316,0
2024-10-11 03:25:00+00:00,1.0940918922424316,1.0940918922424316,1.0943313837051392,1.0940918922424316,1.0943313837051392,0
2024-10-11 03:30:00+00:00,1.0942115783691406,1.0942115783691406,1.0943313837051392,1.0942115783691406,1.0943313837051392,0
2024-10-11 03:35:00+00:00,1.0942115783691406,1.0942115783691406,1.0942115783691406,1.0940918922424316,1.0942115783691406,0
2024-10-11 03:40:00+00:00,1.0942115783691406,1.0942115783691406,1.0943313837051392,1.0942115783691406,1.0943313837051392,0
2024-10-11 03:45:00+00:00,1.0940918922424316,1.0940918922424316,1.0942115783691406,1.0940918922424316,1.0940918922424316,0
2024-10-11 03:50:00+00:00,1.0943313837051392,1.0943313837051392,1.0943313837051392,1.0942115783691406,1.0942115783691406,0
2024-10-11 03:55:00+00:00,1.0943313837051392,1.0943313837051392,1.0943313837051392,1.0942115783691406,1.0942115783691406,0
2024-10-11 04:00:00+00:00,1.0942115783691406,1.0942115783691406,1.0943313837051392,1.0942115783691406,1.0942115783691406,0
2024-10-11 04:05:00+00:00,1.0942115783691406,1.0942115783691406,1.0942115783691406,1.0940918922424316,1.0940918922424316,0
2024-10-11 04:10:00+00:00,1.0943313837051392,1.0943313837051392,1.0943313837051392,1.0942115783691406,1.0942115783691406,0
2024-10-11 04:15:00+00:00,1.0942115783691406,1.0942115783691406,1.0943313837051392,1.0942115783691406,1.0943313837051392,0
2024-10-11 04:20:00+00:00,1.0940918922424316,1.0940918922424316,1.0940918922424316,1.0940918922424316,1.0940918922424316,0
2024-10-11 04:25:00+00:00,1.0940918922424316,1.0940918922424316,1.0940918922424316,1.0940918922424316,1.0940918922424316,0
2024-10-11 04:30:00+00:00,1.0939722061157227,1.0939722061157227,1.0940918922424316,1.0939722061157227,1.0939722061157227,0
2024-10-11 04:35:00+00:00,1.0940918922424316,1.0940918922424316,1.0940918922424316,1.0939722061157227,1.0939722061157227,0
2024-10-11 04:40:00+00:00,1.0939722061157227,1.0939722061157227,1.0939722061157227,1.0938525199890137,1.0939722061157227,0
2024-10-11 04:45:00+00:00,1.0939722061157227,1.0939722061157227,1.0939722061157227,1.0938525199890137,1.0939722061157227,0
2024-10-11 04:50:00+00:00,1.0938525199890137,1.0938525199890137,1.0939722061157227,1.0938525199890137,1.0939722061157227,0
2024-10-11 04:55:00+00:00,1.0938525199890137,1.0938525199890137,1.0939722061157227,1.0938525199890137,1.0939722061157227,0
2024-10-11 05:00:00+00:00,1.0939722061157227,1.0939722061157227,1.0939722061157227,1.0938525199890137,1.0938525199890137,0
2024-10-11 05:05:00+00:00,1.0938525199890137,1.0938525199890137,1.0939722061157227,1.0938525199890137,1.0939722061157227,0
2024-10-11 05:10:00+00:00,1.0938525199890137,1.0938525199890137,1.0938525199890137,1.0937328338623047,1.0937328338623047,0
2024-10-11 05:15:00+00:00,1.0937328338623047,1.0937328338623047,1.0938525199890137,1.0937328338623047,1.0937328338623047,0
2024-10-11 05:20:00+00:00,1.0938525199890137,1.0938525199890137,1.0938525199890137,1.0937328338623047,1.0937328338623047,0
2024-10-11 05:25:00+00:00,1.0938525199890137,1.0938525199890137,1.0938525199890137,1.0938525199890137,1.0938525199890137,0
2024-10-11 05:30:00+00:00,1.0940918922424316,1.0940918922424316,1.0940918922424316,1.0938525199890137,1.0938525199890137,0
2024-10-11 05:35:00+00:00,1.0939722061157227,1.0939722061157227,1.0939722061157227,1.0938525199890137,1.0939722061157227,0
2024-10-11 05:40:00+00:00,1.0939722061157227,1.0939722061157227,1.0940918922424316,1.0939722061157227,1.0939722061157227,0
2024-10-11 05:45:00+00:00,1.0937328338623047,1.0937328338623047,1.0937328338623047,1.0937328338623047,1.0937328338623047,0
2024-10-11 05:50:00+00:00,1.0936132669448853,1.0936132669448853,1.0937328338623047,1.0936132669448853,1.0936132669448853,0
2024-10-11 05:55:00+00:00,1.0938525199890137,1.0938525199890137,1.0938525199890137,1.0936132669448853,1.0936132669448853,0
2024-10-11 06:00:00+00:00,1.0937328338623047,1.0937328338623047,1.0937328338623047,1.0937328338623047,1.0937328338623047,0
2024-10-11 06:05:00+00:00,1.0937328338623047,1.0937328338623047,1.0937328338623047,1.0936132669448853,1.0936132669448853,0
2024-10-11 06:10:00+00:00,1.0937328338623047,1.0937328338623047,1.0937328338623047,1.0936132669448853,1.0937328338623047,0
2024-10-11 06:15:00+00:00,1.0938525199890137,1.0938525199890137,1.0938525199890137,1.0937328338623047,1.0937328338623047,0
2024-10-11 06:20:00+00:00,1.0938525199890137,1.0938525199890137,1.0938525199890137,1.0938525199890137,1.0938525199890137,0
2024-10-11 06:25:00+00:00,1.0940918922424316,1.0940918922424316,1.0940918922424316,1.0939722061157227,1.0939722061157227,0
2024-10-11 06:30:00+00:00,1.0940918922424316,1.0940918922424316,1.0940918922424316,1.0939722061157227,1.0940918922424316,0
2024-10-11 06:35:00+00:00,1.0937328338623047,1.0937328338623047,1.0938525199890137,1.0937328338623047,1.0938525199890137,0
2024-10-11 06:40:00+00:00,1.0937328338623047,1.0937328338623047,1.0937328338623047,1.0937328338623047,1.0937328338623047,0
2024-10-11 06:45:00+00:00,1.0939722061157227,1.0939722061157227,1.0939722061157227,1.0937328338623047,1.0937328338623047,0
2024-10-11 06:50:00+00:00,1.0939722061157227,1.0939722061157227,1.0940918922424316,1.0939722061157227,1.0939722061157227,0
2024-10-11 06:55:00+00:00,1.0942115783691406,1.0942115783691406,1.0943313837051392,1.0938525199890137,1.0938525199890137,0
2024-10-11 07:00:00+00:00,1.0942115783691406,1.0942115783691406,1.0944511890411377,1.0942115783691406,1.0943313837051392,0
2024-10-11 07:05:00+00:00,1.0939722061157227,1.0939722061157227,1.0943313837051392,1.0939722061157227,1.0943313837051392,0
2024-10-11 07:10:00+00:00,1.0940918922424316,1.0940918922424316,1.0940918922424316,1.0938525199890137,1.0939722061157227,0
2024-10-11 07:15:00+00:00,1.0937328338623047,1.0937328338623047,1.0940918922424316,1.0937328338623047,1.0940918922424316,0
2024-10-11 07:20:00+00:00,1.0936132669448853,1.0936132669448853,1.0936132669448853,1.0936132669448853,1.0936132669448853,0
2024-10-11 07:25:00+00:00,1.0939722061157227,1.0939722061157227,1.0939722061157227,1.0937328338623047,1.0937328338623047,0
2024-10-11 07:30:00+00:00,1.0942115783691406,1.0942115783691406,1.0942115783691406,1.0938525199890137,1.0939722061157227,0
2024-10-11 07:35:00+00:00,1.0942115783691406,1.0942115783691406,1.0942115783691406,1.0940918922424316,1.0940918922424316,0
2024-10-11 07:40:00+00:00,1.0944511890411377,1.0944511890411377,1.0944511890411377,1.0942115783691406,1.0942115783691406,0
2024-10-11 07:45:00+00:00,1.0943313837051392,1.0943313837051392,1.0944511890411377,1.0942115783691406,1.0942115783691406,0
2024-10-11 07:50:00+00:00,1.0945708751678467,1.0945708751678467,1.0945708751678467,1.0944511890411377,1.0944511890411377,0
2024-10-11 07:55:00+00:00,1.0948106050491333,1.0948106050491333,1.0948106050491333,1.0945708751678467,1.0945708751678467,0
2024-10-11 08:00:00+00:00,1.0948106050491333,1.0948106050491333,1.0949305295944214,1.0946906805038452,1.0949305295944214,0
2024-10-11 08:05:00+00:00,1.0945708751678467,1.0945708751678467,1.0948106050491333,1.0945708751678467,1.0948106050491333,0
2024-10-11 08:10:00+00:00,1.0948106050491333,1.0948106050491333,1.0948106050491333,1.0945708751678467,1.0945708751678467,0
2024-10-11 08:15:00+00:00,1.0948106050491333,1.0948106050491333,1.0948106050491333,1.0946906805038452,1.0948106050491333,0
2024-10-11 08:20:00+00:00,1.095170259475708,1.095170259475708,1.095170259475708,1.0946906805038452,1.0946906805038452,0
2024-10-11 08:25:00+00:00,1.095170259475708,1.095170259475708,1.095170259475708,1.0949305295944214,1.095170259475708,0
2024-10-11 08:30:00+00:00,1.095170259475708,1.095170259475708,1.095170259475708,1.09505033493042,1.09505033493042,0
2024-10-11 08:35:00+00:00,1.0954102277755737,1.0954102277755737,1.095650315284729,1.0954102277755737,1.0954102277755737,0
2024-10-11 08:40:00+00:00,1.0954102277755737,1.0954102277755737,1.0954102277755737,1.0954102277755737,1.0954102277755737,0
2024-10-11 08:45:00+00:00,1.0952903032302856,1.0952903032302856,1.0954102277755737,1.0952903032302856,1.0954102277755737,0
2024-10-11 08:50:00+00:00,1.095170259475708,1.095170259475708,1.0952903032302856,1.095170259475708,1.0952903032302856,0
2024-10-11 08:55:00+00:00,1.0952903032302856,1.0952903032302856,1.0954102277755737,1.09505033493042,1.09505033493042,0
2024-10-11 09:00:00+00:00,1.095170259475708,1.095170259475708,1.0954102277755737,1.095170259475708,1.0952903032302856,0
2024-10-11 09:05:00+00:00,1.09505033493042,1.09505033493042,1.095170259475708,1.09505033493042,1.095170259475708,0
2024-10-11 09:10:00+00:00,1.0949305295944214,1.0949305295944214,1.09505033493042,1.0949305295944214,1.09505033493042,0
2024-10-11 09:15:00+00:00,1.095170259475708,1.095170259475708,1.095170259475708,1.09505033493042,1.09505033493042,0
2024-10-11 09:20:00+00:00,1.095170259475708,1.095170259475708,1.095170259475708,1.09505033493042,1.095170259475708,0
2024-10-11 09:25:00+00:00,1.0949305295944214,1.0949305295944214,1.09505033493042,1.0949305295944214,1.0949305295944214,0
2024-10-11 09:30:00+00:00,1.09505033493042,1.09505033493042,1.09505033493042,1.0949305295944214,1.0949305295944214,0
2024-10-11 09:35:00+00:00,1.09505033493042,1.09505033493042,1.09505033493042,1.0949305295944214,1.0949305295944214,0
2024-10-11 09:40:00+00:00,1.0948106050491333,1.0948106050491333,1.09505033493042,1.0948106050491333,1.09505033493042,0
2024-10-11 09:45:00+00:00,1.0945708751678467,1.0945708751678467,1.0948106050491333,1.0945708751678467,1.0945708751678467,0
2024-10-11 09:50:00+00:00,1.0944511890411377,1.0944511890411377,1.0945708751678467,1.0944511890411377,1.0945708751678467,0
2024-10-11 09:55:00+00:00,1.0942115783691406,1.0942115783691406,1.0943313837051392,1.0940918922424316,1.0943313837051392,0
2024-10-11 10:00:00+00:00,1.0942115783691406,1.0942115783691406,1.0942115783691406,1.0939722061157227,1.0940918922424316,0
2024-10-11 10:05:00+00:00,1.0942115783691406,1.0942115783691406,1.0942115783691406,1.0940918922424316,1.0942115783691406,0
2024-10-11 10:10:00+00:00,1.0940918922424316,1.0940918922424316,1.0942115783691406,1.0940918922424316,1.0942115783691406,0
2024-10-11 10:15:00+00:00,1.0939722061157227,1.0939722061157227,1.0940918922424316,1.0939722061157227,1.0940918922424316,0
2024-10-11 10:20:00+00:00,1.0940918922424316,1.0940918922424316,1.0940918922424316,1.0940918922424316,1.0940918922424316,0
2024-10-11 10:25:00+00:00,1.0938525199890137,1.0938525199890137,1.0940918922424316,1.0938525199890137,1.0940918922424316,0
2024-10-11 10:30:00+00:00,1.0938525199890137,1.0938525199890137,1.0938525199890137,1.0937328338623047,1.0938525199890137,0
2024-10-11 10:35:00+00:00,1.0938525199890137,1.0938525199890137,1.0938525199890137,1.0938525199890137,1.0938525199890137,0
2024-10-11 10:40:00+00:00,1.0936132669448853,1.0936132669448853,1.0938525199890137,1.0936132669448853,1.0938525199890137,0
2024-10-11 10:45:00+00:00,1.0936132669448853,1.0936132669448853,1.0936132669448853,1.0933741331100464,1.0933741331100464,0
2024-10-11 10:50:00+00:00,1.0937328338623047,1.0937328338623047,1.0937328338623047,1.0936132669448853,1.0936132669448853,0
2024-10-11 10:55:00+00:00,1.0938525199890137,1.0938525199890137,1.0939722061157227,1.0938525199890137,1.0938525199890137,0
2024-10-11 11:00:00+00:00,1.0938525199890137,1.0938525199890137,1.0938525199890137,1.0937328338623047,1.0937328338623047,0
2024-10-11 11:05:00+00:00,1.0938525199890137,1.0938525199890137,1.0938525199890137,1.0938525199890137,1.0938525199890137,0
2024-10-11 11:10:00+00:00,1.0936132669448853,1.0936132669448853,1.0938525199890137,1.0936132669448853,1.0938525199890137,0
2024-10-11 11:15:00+00:00,1.093135118484497,1.093135118484497,1.0936132669448853,1.093135118484497,1.0936132669448853,0
2024-10-11 11:20:00+00:00,1.093135118484497,1.093135118484497,1.0933741331100464,1.093135118484497,1.093135118484497,0
2024-10-11 11:25:00+00:00,1.0930156707763672,1.0930156707763672,1.0932546854019165,1.0930156707763672,1.093135118484497,0
2024-10-11 11:30:00+00:00,1.0932546854019165,1.0932546854019165,1.0932546854019165,1.093135118484497,1.093135118484497,0
2024-10-11 11:35:00+00:00,1.0936132669448853,1.0936132669448853,1.0937328338623047,1.0933741331100464,1.0933741331100464,0
2024-10-11 11:40:00+00:00,1.0936132669448853,1.0936132669448853,1.0937328338623047,1.0936132669448853,1.0936132669448853,0
2024-10-11 11:45:00+00:00,1.0934937000274658,1.0934937000274658,1.0936132669448853,1.0933741331100464,1.0936132669448853,0
2024-10-11 11:50:00+00:00,1.0934937000274658,1.0934937000274658,1.0936132669448853,1.0934937000274658,1.0936132669448853,0
2024-10-11 11:55:00+00:00,1.0934937000274658,1.0934937000274658,1.0936132669448853,1.0933741331100464,1.0936132669448853,0
2024-10-11 12:00:00+00:00,1.0937328338623047,1.0937328338623047,1.0937328338623047,1.0936132669448853,1.0936132669448853,0
2024-10-11 12:05:00+00:00,1.0940918922424316,1.0940918922424316,1.0940918922424316,1.0939722061157227,1.0939722061157227,0
2024-10-11 12:10:00+00:00,1.0942115783691406,1.0942115783691406,1.0942115783691406,1.0940918922424316,1.0940918922424316,0
2024-10-11 12:15:00+00:00,1.0944511890411377,1.0944511890411377,1.0944511890411377,1.0942115783691406,1.0943313837051392,0
2024-10-11 12:20:00+00:00,1.0943313837051392,1.0943313837051392,1.0944511890411377,1.0942115783691406,1.0943313837051392,0
2024-10-11 12:25:00+00:00,1.0944511890411377,1.0944511890411377,1.0944511890411377,1.0942115783691406,1.0944511890411377,0
2024-10-11 12:30:00+00:00,1.0948106050491333,1.0948106050491333,1.0952903032302856,1.0946906805038452,1.0946906805038452,0
2024-10-11 12:35:00+00:00,1.0936132669448853,1.0936132669448853,1.0946906805038452,1.0936132669448853,1.0946906805038452,0
2024-10-11 12:40:00+00:00,1.0933741331100464,1.0933741331100464,1.0933741331100464,1.0930156707763672,1.0933741331100464,0
2024-10-11 12:45:00+00:00,1.0932546854019165,1.0932546854019165,1.0933741331100464,1.0930156707763672,1.0933741331100464,0
2024-10-11 12:50:00+00:00,1.0930156707763672,1.0930156707763672,1.093135118484497,1.0928961038589478,1.093135118484497,0
2024-10-11 12:55:00+00:00,1.0936132669448853,1.0936132669448853,1.0936132669448853,1.0930156707763672,1.0930156707763672,0
2024-10-11 13:00:00+00:00,1.0936132669448853,1.0936132669448853,1.0936132669448853,1.0934937000274658,1.0934937000274658,0
2024-10-11 13:05:00+00:00,1.0932546854019165,1.0932546854019165,1.0934937000274658,1.0932546854019165,1.0934937000274658,0
2024-10-11 13:10:00+00:00,1.0936132669448853,1.0936132669448853,1.0936132669448853,1.0932546854019165,1.0932546854019165,0
2024-10-11 13:15:00+00:00,1.0938525199890137,1.0938525199890137,1.0940918922424316,1.0938525199890137,1.0938525199890137,0
2024-10-11 13:20:00+00:00,1.0937328338623047,1.0937328338623047,1.0939722061157227,1.0936132669448853,1.0939722061157227,0
2024-10-11 13:25:00+00:00,1.0937328338623047,1.0937328338623047,1.0938525199890137,1.0936132669448853,1.0938525199890137,0
2024-10-11 13:30:00+00:00,1.0940918922424316,1.0940918922424316,1.0940918922424316,1.0936132669448853,1.0936132669448853,0
2024-10-11 13:35:00+00:00,1.0939722061157227,1.0939722061157227,1.0940918922424316,1.0937328338623047,1.0940918922424316,0
2024-10-11 13:40:00+00:00,1.0938525199890137,1.0938525199890137,1.0942115783691406,1.0938525199890137,1.0942115783691406,0
2024-10-11 13:45:00+00:00,1.0937328338623047,1.0937328338623047,1.0939722061157227,1.0937328338623047,1.0938525199890137,0
2024-10-11 13:50:00+00:00,1.0940918922424316,1.0940918922424316,1.0940918922424316,1.0938525199890137,1.0938525199890137,0
2024-10-11 13:55:00+00:00,1.0942115783691406,1.0942115783691406,1.0942115783691406,1.0940918922424316,1.0942115783691406,0
2024-10-11 14:00:00+00:00,1.0942115783691406,1.0942115783691406,1.0945708751678467,1.0942115783691406,1.0943313837051392,0
2024-10-11 14:05:00+00:00,1.0937328338623047,1.0937328338623047,1.0944511890411377,1.0937328338623047,1.0939722061157227,0
2024-10-11 14:10:00+00:00,1.0944511890411377,1.0944511890411377,1.0944511890411377,1.0938525199890137,1.0938525199890137,0
2024-10-11 14:15:00+00:00,1.0948106050491333,1.0948106050491333,1.0948106050491333,1.0944511890411377,1.0944511890411377,0
2024-10-11 14:20:00+00:00,1.0949305295944214,1.0949305295944214,1.0949305295944214,1.0948106050491333,1.0948106050491333,0
2024-10-11 14:25:00+00:00,1.0946906805038452,1.0946906805038452,1.0946906805038452,1.0944511890411377,1.0944511890411377,0
2024-10-11 14:30:00+00:00,1.0949305295944214,1.0949305295944214,1.0949305295944214,1.0945708751678467,1.0945708751678467,0
2024-10-11 14:35:00+00:00,1.09505033493042,1.09505033493042,1.09505033493042,1.0948106050491333,1.0949305295944214,0
2024-10-11 14:40:00+00:00,1.0949305295944214,1.0949305295944214,1.095170259475708,1.0949305295944214,1.09505033493042,0
2024-10-11 14:45:00+00:00,1.0945708751678467,1.0945708751678467,1.0948106050491333,1.0945708751678467,1.0948106050491333,0
2024-10-11 14:50:00+00:00,1.0945708751678467,1.0945708751678467,1.0948106050491333,1.0945708751678467,1.0948106050491333,0
2024-10-11 14:55:00+00:00,1.0945708751678467,1.0945708751678467,1.0948106050491333,1.0945708751678467,1.0946906805038452,0
2024-10-11 15:00:00+00:00,1.0946906805038452,1.0946906805038452,1.0946906805038452,1.0945708751678467,1.0945708751678467,0
2024-10-11 15:05:00+00:00,1.0948106050491333,1.0948106050491333,1.0949305295944214,1.0945708751678467,1.0946906805038452,0
2024-10-11 15:10:00+00:00,1.095170259475708,1.095170259475708,1.095170259475708,1.0949305295944214,1.0949305295944214,0
2024-10-11 15:15:00+00:00,1.0952903032302856,1.0952903032302856,1.0952903032302856,1.095170259475708,1.095170259475708,0
2024-10-11 15:20:00+00:00,1.0952903032302856,1.0952903032302856,1.0954102277755737,1.095170259475708,1.095170259475708,0
2024-10-11 15:25:00+00:00,1.0952903032302856,1.0952903032302856,1.0954102277755737,1.0952903032302856,1.0954102277755737,0
2024-10-11 15:30:00+00:00,1.0955302715301514,1.0955302715301514,1.0955302715301514,1.0954102277755737,1.0954102277755737,0
2024-10-11 15:35:00+00:00,1.095170259475708,1.095170259475708,1.0955302715301514,1.09505033493042,1.0955302715301514,0
2024-10-11 15:40:00+00:00,1.09505033493042,1.09505033493042,1.0952903032302856,1.09505033493042,1.095170259475708,0
2024-10-11 15:45:00+00:00,1.0944511890411377,1.0944511890411377,1.09505033493042,1.0944511890411377,1.09505033493042,0
2024-10-11 15:50:00+00:00,1.0945708751678467,1.0945708751678467,1.0945708751678467,1.0944511890411377,1.0944511890411377,0
2024-10-11 15:55:00+00:00,1.0944511890411377,1.0944511890411377,1.0945708751678467,1.0944511890411377,1.0945708751678467,0
2024-10-11 16:00:00+00:00,1.0945708751678467,1.0945708751678467,1.0945708751678467,1.0944511890411377,1.0944511890411377,0
2024-10-11 16:05:00+00:00,1.0945708751678467,1.0945708751678467,1.0946906805038452,1.0944511890411377,1.0946906805038452,0
2024-10-11 16:10:00+00:00,1.0946906805038452,1.0946906805038452,1.0946906805038452,1.0945708751678467,1.0945708751678467,0
2024-10-11 16:15:00+00:00,1.0949305295944214,1.0949305295944214,1.0949305295944214,1.0946906805038452,1.0946906805038452,0
2024-10-11 16:20:00+00:00,1.0949305295944214,1.0949305295944214,1.0949305295944214,1.0948106050491333,1.0948106050491333,0
2024-10-11 16:25:00+00:00,1.0949305295944214,1.0949305295944214,1.09505033493042,1.0949305295944214,1.0949305295944214,0
2024-10-11 16:30:00+00:00,1.0948106050491333,1.0948106050491333,1.0949305295944214,1.0948106050491333,1.0948106050491333,0
2024-10-11 16:35:00+00:00,1.0949305295944214,1.0949305295944214,1.0949305295944214,1.0948106050491333,1.0948106050491333,0
2024-10-11 16:40:00+00:00,1.0946906805038452,1.0946906805038452,1.0948106050491333,1.0946906805038452,1.0948106050491333,0
2024-10-11 16:45:00+00:00,1.0948106050491333,1.0948106050491333,1.0948106050491333,1.0945708751678467,1.0945708751678467,0
2024-10-11 16:50:00+00:00,1.0948106050491333,1.0948106050491333,1.0949305295944214,1.0948106050491333,1.0948106050491333,0
2024-10-11 16:55:00+00:00,1.0948106050491333,1.0948106050491333,1.0949305295944214,1.0948106050491333,1.0948106050491333,0
2024-10-11 17:00:00+00:00,1.0946906805038452,1.0946906805038452,1.09505033493042,1.0946906805038452,1.0949305295944214,0
2024-10-11 17:05:00+00:00,1.0946906805038452,1.0946906805038452,1.0949305295944214,1.0946906805038452,1.0949305295944214,0
2024-10-11 17:10:00+00:00,1.0946906805038452,1.0946906805038452,1.0948106050491333,1.0946906805038452,1.0946906805038452,0
2024-10-11 17:15:00+00:00,1.0946906805038452,1.0946906805038452,1.0946906805038452,1.0946906805038452,1.0946906805038452,0
2024-10-11 17:20:00+00:00,1.0946906805038452,1.0946906805038452,1.0948106050491333,1.0946906805038452,1.0948106050491333,0
2024-10-11 17:25:00+00:00,1.0948106050491333,1.0948106050491333,1.0948106050491333,1.0945708751678467,1.0946906805038452,0
2024-10-11 17:30:00+00:00,1.0946906805038452,1.0946906805038452,1.0948106050491333,1.0946906805038452,1.0946906805038452,0
2024-10-11 17:35:00+00:00,1.0946906805038452,1.0946906805038452,1.0946906805038452,1.0946906805038452,1.0946906805038452,0
2024-10-11 17:40:00+00:00,1.0948106050491333,1.0948106050491333,1.0948106050491333,1.0946906805038452,1.0946906805038452,0
2024-10-11 17:45:00+00:00,1.0949305295944214,1.0949305295944214,1.0949305295944214,1.0946906805038452,1.0948106050491333,0
2024-10-11 17:50:00+00:00,1.0946906805038452,1.0946906805038452,1.0946906805038452,1.0945708751678467,1.0946906805038452,0
2024-10-11 17:55:00+00:00,1.0945708751678467,1.0945708751678467,1.0946906805038452,1.0945708751678467,1.0945708751678467,0
2024-10-11 18:00:00+00:00,1.0946906805038452,1.0946906805038452,1.0946906805038452,1.0945708751678467,1.0945708751678467,0
2024-10-11 18:05:00+00:00,1.0946906805038452,1.0946906805038452,1.0948106050491333,1.0945708751678467,1.0948106050491333,0
2024-10-11 18:10:00+00:00,1.0945708751678467,1.0945708751678467,1.0946906805038452,1.0945708751678467,1.0946906805038452,0
2024-10-11 18:15:00+00:00,1.0949305295944214,1.0949305295944214,1.0949305295944214,1.0946906805038452,1.0946906805038452,0
2024-10-11 18:20:00+00:00,1.0946906805038452,1.0946906805038452,1.0949305295944214,1.0946906805038452,1.0949305295944214,0
2024-10-11 18:25:00+00:00,1.0946906805038452,1.0946906805038452,1.0946906805038452,1.0946906805038452,1.0946906805038452,0
2024-10-11 18:30:00+00:00,1.0945708751678467,1.0945708751678467,1.0946906805038452,1.0945708751678467,1.0946906805038452,0
2024-10-11 18:35:00+00:00,1.0945708751678467,1.0945708751678467,1.0945708751678467,1.0945708751678467,1.0945708751678467,0
2024-10-11 18:40:00+00:00,1.0945708751678467,1.0945708751678467,1.0945708751678467,1.0944511890411377,1.0944511890411377,0
2024-10-11 18:45:00+00:00,1.0946906805038452,1.0946906805038452,1.0946906805038452,1.0945708751678467,1.0945708751678467,0
2024-10-11 18:50:00+00:00,1.0943313837051392,1.0943313837051392,1.0945708751678467,1.0943313837051392,1.0945708751678467,0
2024-10-11 18:55:00+00:00,1.0942115783691406,1.0942115783691406,1.0943313837051392,1.0942115783691406,1.0943313837051392,0
2024-10-11 19:00:00+00:00,1.0942115783691406,1.0942115783691406,1.0942115783691406,1.0942115783691406,1.0942115783691406,0
2024-10-11 19:05:00+00:00,1.0942115783691406,1.0942115783691406,1.0942115783691406,1.0942115783691406,1.0942115783691406,0
2024-10-11 19:10:00+00:00,1.0942115783691406,1.0942115783691406,1.0942115783691406,1.0942115783691406,1.0942115783691406,0
2024-10-11 19:15:00+00:00,1.0942115783691406,1.0942115783691406,1.0942115783691406,1.0942115783691406,1.0942115783691406,0
2024-10-11 19:20:00+00:00,1.0940918922424316,1.0940918922424316,1.0942115783691406,1.0940918922424316,1.0942115783691406,0
2024-10-11 19:25:00+00:00,1.0940918922424316,1.0940918922424316,1.0940918922424316,1.0940918922424316,1.0940918922424316,0
2024-10-11 19:30:00+00:00,1.0939722061157227,1.0939722061157227,1.0940918922424316,1.0939722061157227,1.0940918922424316,0
2024-10-11 19:35:00+00:00,1.0939722061157227,1.0939722061157227,1.0940918922424316,1.0939722061157227,1.0939722061157227,0
2024-10-11 19:40:00+00:00,1.0939722061157227,1.0939722061157227,1.0939722061157227,1.0938525199890137,1.0939722061157227,0
2024-10-11 19:45:00+00:00,1.0939722061157227,1.0939722061157227,1.0939722061157227,1.0938525199890137,1.0938525199890137,0
2024-10-11 19:50:00+00:00,1.0938525199890137,1.0938525199890137,1.0938525199890137,1.0938525199890137,1.0938525199890137,0
2024-10-11 19:55:00+00:00,1.0936132669448853,1.0936132669448853,1.0938525199890137,1.0936132669448853,1.0938525199890137,0
2024-10-11 20:00:00+00:00,1.0936132669448853,1.0936132669448853,1.0937328338623047,1.0936132669448853,1.0937328338623047,0
2024-10-11 20:05:00+00:00,1.0937328338623047,1.0937328338623047,1.0937328338623047,1.0934937000274658,1.0936132669448853,0
2024-10-11 20:10:00+00:00,1.0937328338623047,1.0937328338623047,1.0938525199890137,1.0937328338623047,1.0938525199890137,0
2024-10-11 20:15:00+00:00,1.0937328338623047,1.0937328338623047,1.0937328338623047,1.0937328338623047,1.0937328338623047,0
2024-10-11 20:20:00+00:00,1.0937328338623047,1.0937328338623047,1.0937328338623047,1.0937328338623047,1.0937328338623047,0
2024-10-11 20:25:00+00:00,1.0939722061157227,1.0939722061157227,1.0939722061157227,1.0937328338623047,1.0937328338623047,0
2024-10-11 20:30:00+00:00,1.0939722061157227,1.0939722061157227,1.0939722061157227,1.0939722061157227,1.0939722061157227,0
2024-10-11 20:35:00+00:00,1.0940918922424316,1.0940918922424316,1.0940918922424316,1.0939722061157227,1.0939722061157227,0
2024-10-11 20:40:00+00:00,1.0938525199890137,1.0938525199890137,1.0939722061157227,1.0938525199890137,1.0939722061157227,0
2024-10-11 20:45:00+00:00,1.0939722061157227,1.0939722061157227,1.0939722061157227,1.0937328338623047,1.0938525199890137,0
2024-10-11 20:50:00+00:00,1.0939722061157227,1.0939722061157227,1.0939722061157227,1.0937328338623047,1.0938525199890137,0
2024-10-11 20:55:00+00:00,1.0940918922424316,1.0940918922424316,1.0940918922424316,1.0938525199890137,1.0938525199890137,0
2024-10-11 21:00:00+00:00,1.0940918922424316,1.0940918922424316,1.0940918922424316,1.0940918922424316,1.0940918922424316,0
2024-10-11 21:05:00+00:00,1.0940918922424316,1.0940918922424316,1.0940918922424316,1.0940918922424316,1.0940918922424316,0
2024-10-11 21:10:00+00:00,1.0940918922424316,1.0940918922424316,1.0940918922424316,1.0940918922424316,1.0940918922424316,0
2024-10-11 21:15:00+00:00,1.0940918922424316,1.0940918922424316,1.0940918922424316,1.0940918922424316,1.0940918922424316,0
2024-10-11 21:20:00+00:00,1.0940918922424316,1.0940918922424316,1.0940918922424316,1.0940918922424316,1.0940918922424316,0
2024-10-11 21:25:00+00:00,1.0940918922424316,1.0940918922424316,1.0940918922424316,1.0940918922424316,1.0940918922424316,0
2024-10-13 23:00:00+00:00,1.0930156707763672,1.0930156707763672,1.093135118484497,1.0930156707763672,1.0930156707763672,0
2024-10-13 23:05:00+00:00,1.093135118484497,1.093135118484497,1.093135118484497,1.0930156707763672,1.0930156707763672,0
2024-10-13 23:10:00+00:00,1.0930156707763672,1.0930156707763672,1.093135118484497,1.0930156707763672,1.093135118484497,0
2024-10-13 23:15:00+00:00,1.0927767753601074,1.0927767753601074,1.0928961038589478,1.0927767753601074,1.0928961038589478,0
2024-10-13 23:20:00+00:00,1.0928961038589478,1.0928961038589478,1.0930156707763672,1.0928961038589478,1.0928961038589478,0
2024-10-13 23:25:00+00:00,1.0928961038589478,1.0928961038589478,1.0930156707763672,1.0928961038589478,1.0928961038589478,0
2024-10-13 23:30:00+00:00,1.0927767753601074,1.0927767753601074,1.0928961038589478,1.0927767753601074,1.0928961038589478,0
2024-10-13 23:35:00+00:00,1.0926573276519775,1.0926573276519775,1.0928961038589478,1.0926573276519775,1.0928961038589478,0
2024-10-13 23:40:00+00:00,1.0925379991531372,1.0925379991531372,1.0926573276519775,1.0925379991531372,1.0926573276519775,0
2024-10-13 23:45:00+00:00,1.0926573276519775,1.0926573276519775,1.0926573276519775,1.0925379991531372,1.0925379991531372,0
2024-10-13 23:50:00+00:00,1.0926573276519775,1.0926573276519775,1.0926573276519775,1.0925379991531372,1.0925379991531372,0
2024-10-13 23:55:00+00:00,1.0926573276519775,1.0926573276519775,1.0926573276519775,1.0925379991531372,1.0925379991531372,0
2024-10-14 00:00:00+00:00,1.091941475868225,1.091941475868225,1.0927767753601074,1.091941475868225,1.0927767753601074,0
2024-10-14 00:05:00+00:00,1.091941475868225,1.091941475868225,1.0920606851577759,1.091941475868225,1.0920606851577759,0
2024-10-14 00:10:00+00:00,1.0922993421554565,1.0922993421554565,1.0922993421554565,1.091941475868225,1.0920606851577759,0
2024-10-14 00:15:00+00:00,1.0924185514450073,1.0924185514450073,1.0924185514450073,1.0920606851577759,1.0920606851577759,0
2024-10-14 00:20:00+00:00,1.0926573276519775,1.0926573276519775,1.0926573276519775,1.0925379991531372,1.0925379991531372,0
2024-10-14 00:25:00+00:00,1.0926573276519775,1.0926573276519775,1.0926573276519775,1.0926573276519775,1.0926573276519775,0
2024-10-14 00:30:00+00:00,1.0926573276519775,1.0926573276519775,1.0926573276519775,1.0925379991531372,1.0925379991531372,0
2024-10-14 00:35:00+00:00,1.0925379991531372,1.0925379991531372,1.0925379991531372,1.0925379991531372,1.0925379991531372,0
2024-10-14 00:40:00+00:00,1.0922993421554565,1.0922993421554565,1.0925379991531372,1.0922993421554565,1.0925379991531372,0
2024-10-14 00:45:00+00:00,1.0921800136566162,1.0921800136566162,1.0924185514450073,1.0921800136566162,1.0924185514450073,0
2024-10-14 00:50:00+00:00,1.0925379991531372,1.0925379991531372,1.0925379991531372,1.0922993421554565,1.0922993421554565,0
2024-10-14 00:55:00+00:00,1.0925379991531372,1.0925379991531372,1.0925379991531372,1.0924185514450073,1.0925379991531372,0
2024-10-14 01:00:00+00:00,1.0921800136566162,1.0921800136566162,1.0924185514450073,1.0921800136566162,1.0924185514450073,0
2024-10-14 01:05:00+00:00,1.0921800136566162,1.0921800136566162,1.0922993421554565,1.0921800136566162,1.0921800136566162,0
2024-10-14 01:10:00+00:00,1.0921800136566162,1.0921800136566162,1.0921800136566162,1.0921800136566162,1.0921800136566162,0
2024-10-14 01:15:00+00:00,1.0926573276519775,1.0926573276519775,1.0926573276519775,1.0924185514450073,1.0924185514450073,0
2024-10-14 01:20:00+00:00,1.0925379991531372,1.0925379991531372,1.0925379991531372,1.0922993421554565,1.0925379991531372,0
2024-10-14 01:25:00+00:00,1.0925379991531372,1.0925379991531372,1.0925379991531372,1.0925379991531372,1.0925379991531372,0
2024-10-14 01:30:00+00:00,1.0924185514450073,1.0924185514450073,1.0925379991531372,1.0922993421554565,1.0925379991531372,0
2024-10-14 01:35:00+00:00,1.0927767753601074,1.0927767753601074,1.0927767753601074,1.0925379991531372,1.0925379991531372,0
2024-10-14 01:40:00+00:00,1.0925379991531372,1.0925379991531372,1.0926573276519775,1.0925379991531372,1.0926573276519775,0
2024-10-14 01:45:00+00:00,1.0925379991531372,1.0925379991531372,1.0927767753601074,1.0925379991531372,1.0926573276519775,0
2024-10-14 01:50:00+00:00,1.0926573276519775,1.0926573276519775,1.0926573276519775,1.0926573276519775,1.0926573276519775,0
2024-10-14 01:55:00+00:00,1.0926573276519775,1.0926573276519775,1.0926573276519775,1.0926573276519775,1.0926573276519775,0
2024-10-14 02:00:00+00:00,1.0924185514450073,1.0924185514450073,1.0925379991531372,1.0924185514450073,1.0925379991531372,0
2024-10-14 02:05:00+00:00,1.0924185514450073,1.0924185514450073,1.0924185514450073,1.0921800136566162,1.0922993421554565,0
2024-10-14 02:10:00+00:00,1.0925379991531372,1.0925379991531372,1.0925379991531372,1.0924185514450073,1.0924185514450073,0
2024-10-14 02:15:00+00:00,1.0925379991531372,1.0925379991531372,1.0926573276519775,1.0925379991531372,1.0926573276519775,0
2024-10-14 02:20:00+00:00,1.0925379991531372,1.0925379991531372,1.0925379991531372,1.0925379991531372,1.0925379991531372,0
2024-10-14 02:25:00+00:00,1.0927767753601074,1.0927767753601074,1.0927767753601074,1.0925379991531372,1.0925379991531372,0
2024-10-14 02:30:00+00:00,1.0927767753601074,1.0927767753601074,1.0928961038589478,1.0927767753601074,1.0927767753601074,0
2024-10-14 02:35:00+00:00,1.0928961038589478,1.0928961038589478,1.0928961038589478,1.0927767753601074,1.0927767753601074,0
2024-10-14 02:40:00+00:00,1.0927767753601074,1.0927767753601074,1.0928961038589478,1.0927767753601074,1.0928961038589478,0
2024-10-14 02:45:00+00:00,1.0927767753601074,1.0927767753601074,1.0928961038589478,1.0927767753601074,1.0928961038589478,0
2024-10-14 02:50:00+00:00,1.0930156707763672,1.0930156707763672,1.0930156707763672,1.0927767753601074,1.0927767753601074,0
2024-10-14 02:55:00+00:00,1.0927767753601074,1.0927767753601074,1.0928961038589478,1.0927767753601074,1.0928961038589478,0
2024-10-14 03:00:00+00:00,1.0927767753601074,1.0927767753601074,1.0927767753601074,1.0927767753601074,1.0927767753601074,0
2024-10-14 03:05:00+00:00,1.0928961038589478,1.0928961038589478,1.0928961038589478,1.0927767753601074,1.0927767753601074,0
2024-10-14 03:10:00+00:00,1.0930156707763672,1.0930156707763672,1.0930156707763672,1.0928961038589478,1.0928961038589478,0
2024-10-14 03:15:00+00:00,1.0930156707763672,1.0930156707763672,1.0930156707763672,1.0928961038589478,1.0930156707763672,0
2024-10-14 03:20:00+00:00,1.0930156707763672,1.0930156707763672,1.0930156707763672,1.0928961038589478,1.0928961038589478,0
2024-10-14 03:25:00+00:00,1.093135118484497,1.093135118484497,1.093135118484497,1.0930156707763672,1.0930156707763672,0
2024-10-14 03:30:00+00:00,1.0930156707763672,1.0930156707763672,1.0932546854019165,1.0930156707763672,1.0932546854019165,0
2024-10-14 03:35:00+00:00,1.093135118484497,1.093135118484497,1.093135118484497,1.093135118484497,1.093135118484497,0
2024-10-14 03:40:00+00:00,1.093135118484497,1.093135118484497,1.093135118484497,1.093135118484497,1.093135118484497,0
2024-10-14 03:45:00+00:00,1.0930156707763672,1.0930156707763672,1.093135118484497,1.0930156707763672,1.093135118484497,0
2024-10-14 03:50:00+00:00,1.0930156707763672,1.0930156707763672,1.0930156707763672,1.0928961038589478,1.0930156707763672,0
2024-10-14 03:55:00+00:00,1.0928961038589478,1.0928961038589478,1.0928961038589478,1.0928961038589478,1.0928961038589478,0
2024-10-14 04:00:00+00:00,1.0928961038589478,1.0928961038589478,1.0928961038589478,1.0927767753601074,1.0928961038589478,0
2024-10-14 04:05:00+00:00,1.0927767753601074,1.0927767753601074,1.0927767753601074,1.0927767753601074,1.0927767753601074,0
2024-10-14 04:10:00+00:00,1.0928961038589478,1.0928961038589478,1.0928961038589478,1.0927767753601074,1.0927767753601074,0
2024-10-14 04:15:00+00:00,1.0926573276519775,1.0926573276519775,1.0927767753601074,1.0926573276519775,1.0927767753601074,0
2024-10-14 04:20:00+00:00,1.0927767753601074,1.0927767753601074,1.0927767753601074,1.0926573276519775,1.0926573276519775,0
2024-10-14 04:25:00+00:00,1.0926573276519775,1.0926573276519775,1.0926573276519775,1.0926573276519775,1.0926573276519775,0
2024-10-14 04:30:00+00:00,1.0926573276519775,1.0926573276519775,1.0927767753601074,1.0926573276519775,1.0926573276519775,0
2024-10-14 04:35:00+00:00,1.0926573276519775,1.0926573276519775,1.0927767753601074,1.0926573276519775,1.0926573276519775,0
2024-10-14 04:40:00+00:00,1.0926573276519775,1.0926573276519775,1.0926573276519775,1.0926573276519775,1.0926573276519775,0
2024-10-14 04:45:00+00:00,1.0927767753601074,1.0927767753601074,1.0927767753601074,1.0926573276519775,1.0926573276519775,0
2024-10-14 04:50:00+00:00,1.0927767753601074,1.0927767753601074,1.0927767753601074,1.0927767753601074,1.0927767753601074,0
2024-10-14 04:55:00+00:00,1.0926573276519775,1.0926573276519775,1.0927767753601074,1.0926573276519775,1.0926573276519775,0
2024-10-14 05:00:00+00:00,1.0927767753601074,1.0927767753601074,1.0927767753601074,1.0926573276519775,1.0926573276519775,0
2024-10-14 05:05:00+00:00,1.0925379991531372,1.0925379991531372,1.0927767753601074,1.0925379991531372,1.0927767753601074,0
2024-10-14 05:10:00+00:00,1.0926573276519775,1.0926573276519775,1.0926573276519775,1.0925379991531372,1.0925379991531372,0
2024-10-14 05:15:00+00:00,1.0927767753601074,1.0927767753601074,1.0927767753601074,1.0927767753601074,1.0927767753601074,0
2024-10-14 05:20:00+00:00,1.0928961038589478,1.0928961038589478,1.0928961038589478,1.0927767753601074,1.0927767753601074,0
2024-10-14 05:25:00+00:00,1.0927767753601074,1.0927767753601074,1.0927767753601074,1.0927767753601074,1.0927767753601074,0
2024-10-14 05:30:00+00:00,1.0927767753601074,1.0927767753601074,1.0927767753601074,1.0927767753601074,1.0927767753601074,0
2024-10-14 05:35:00+00:00,1.0927767753601074,1.0927767753601074,1.0927767753601074,1.0926573276519775,1.0927767753601074,0
2024-10-14 05:40:00+00:00,1.0926573276519775,1.0926573276519775,1.0926573276519775,1.0926573276519775,1.0926573276519775,0
2024-10-14 05:45:00+00:00,1.0928961038589478,1.0928961038589478,1.0928961038589478,1.0927767753601074,1.0927767753601074,0
2024-10-14 05:50:00+00:00,1.0928961038589478,1.0928961038589478,1.0928961038589478,1.0927767753601074,1.0927767753601074,0
2024-10-14 05:55:00+00:00,1.0928961038589478,1.0928961038589478,1.0928961038589478,1.0928961038589478,1.0928961038589478,0
2024-10-14 06:00:00+00:00,1.093135118484497,1.093135118484497,1.093135118484497,1.0930156707763672,1.0930156707763672,0
2024-10-14 06:05:00+00:00,1.0933741331100464,1.0933741331100464,1.0933741331100464,1.0930156707763672,1.0930156707763672,0
2024-10-14 06:10:00+00:00,1.0932546854019165,1.0932546854019165,1.0932546854019165,1.0932546854019165,1.0932546854019165,0
2024-10-14 06:15:00+00:00,1.0932546854019165,1.0932546854019165,1.0932546854019165,1.0932546854019165,1.0932546854019165,0
2024-10-14 06:20:00+00:00,1.0932546854019165,1.0932546854019165,1.0932546854019165,1.0930156707763672,1.093135118484497,0
2024-10-14 06:25:00+00:00,1.0932546854019165,1.0932546854019165,1.0932546854019165,1.0932546854019165,1.0932546854019165,0
2024-10-14 06:30:00+00:00,1.093135118484497,1.093135118484497,1.0932546854019165,1.093135118484497,1.093135118484497,0
2024-10-14 06:35:00+00:00,1.093135118484497,1.093135118484497,1.093135118484497,1.0930156707763672,1.093135118484497,0
2024-10-14 06:40:00+00:00,1.093135118484497,1.093135118484497,1.0932546854019165,1.093135118484497,1.093135118484497,0
2024-10-14 06:45:00+00:00,1.0930156707763672,1.0930156707763672,1.0932546854019165,1.0928961038589478,1.0932546854019165,0
2024-10-14 06:50:00+00:00,1.0928961038589478,1.0928961038589478,1.093135118484497,1.0928961038589478,1.0930156707763672,0
2024-10-14 06:55:00+00:00,1.0928961038589478,1.0928961038589478,1.0930156707763672,1.0928961038589478,1.0928961038589478,0
2024-10-14 07:00:00+00:00,1.0928961038589478,1.0928961038589478,1.0928961038589478,1.0927767753601074,1.0927767753601074,0
2024-10-14 07:05:00+00:00,1.0927767753601074,1.0927767753601074,1.0928961038589478,1.0927767753601074,1.0927767753601074,0
2024-10-14 07:10:00+00:00,1.0930156707763672,1.0930156707763672,1.0930156707763672,1.0927767753601074,1.0927767753601074,0
2024-10-14 07:15:00+00:00,1.093135118484497,1.093135118484497,1.0933741331100464,1.093135118484497,1.0932546854019165,0
2024-10-14 07:20:00+00:00,1.093135118484497,1.093135118484497,1.0932546854019165,1.093135118484497,1.093135118484497,0
2024-10-14 07:25:00+00:00,1.0928961038589478,1.0928961038589478,1.0932546854019165,1.0928961038589478,1.0932546854019165,0
2024-10-14 07:30:00+00:00,1.0928961038589478,1.0928961038589478,1.093135118484497,1.0928961038589478,1.0928961038589478,0
2024-10-14 07:35:00+00:00,1.093135118484497,1.093135118484497,1.0933741331100464,1.0928961038589478,1.0928961038589478,0
2024-10-14 07:40:00+00:00,1.0932546854019165,1.0932546854019165,1.0933741331100464,1.0932546854019165,1.0932546854019165,0
2024-10-14 07:45:00+00:00,1.0928961038589478,1.0928961038589478,1.0932546854019165,1.0928961038589478,1.0932546854019165,0
2024-10-14 07:50:00+00:00,1.093135118484497,1.093135118484497,1.093135118484497,1.0928961038589478,1.0928961038589478,0
2024-10-14 07:55:00+00:00,1.093135118484497,1.093135118484497,1.093135118484497,1.0930156707763672,1.093135118484497,0
2024-10-14 08:00:00+00:00,1.093135118484497,1.093135118484497,1.0932546854019165,1.093135118484497,1.093135118484497,0
2024-10-14 08:05:00+00:00,1.0932546854019165,1.0932546854019165,1.0933741331100464,1.0932546854019165,1.0932546854019165,0
2024-10-14 08:10:00+00:00,1.093135118484497,1.093135118484497,1.0933741331100464,1.093135118484497,1.0933741331100464,0
2024-10-14 08:15:00+00:00,1.093135118484497,1.093135118484497,1.093135118484497,1.0930156707763672,1.093135118484497,0
2024-10-14 08:20:00+00:00,1.093135118484497,1.093135118484497,1.093135118484497,1.0930156707763672,1.093135118484497,0
2024-10-14 08:25:00+00:00,1.093135118484497,1.093135118484497,1.093135118484497,1.0930156707763672,1.0930156707763672,0
2024-10-14 08:30:00+00:00,1.093135118484497,1.093135118484497,1.0932546854019165,1.0930156707763672,1.0930156707763672,0
2024-10-14 08:35:00+00:00,1.0933741331100464,1.0933741331100464,1.0933741331100464,1.093135118484497,1.093135118484497,0
2024-10-14 08:40:00+00:00,1.0932546854019165,1.0932546854019165,1.0933741331100464,1.0932546854019165,1.0933741331100464,0
2024-10-14 08:45:00+00:00,1.093135118484497,1.093135118484497,1.0932546854019165,1.093135118484497,1.093135118484497,0
2024-10-14 08:50:00+00:00,1.093135118484497,1.093135118484497,1.0932546854019165,1.093135118484497,1.093135118484497,0
2024-10-14 08:55:00+00:00,1.0930156707763672,1.0930156707763672,1.0930156707763672,1.0927767753601074,1.0930156707763672,0
2024-10-14 09:00:00+00:00,1.0930156707763672,1.0930156707763672,1.093135118484497,1.0930156707763672,1.093135118484497,0
2024-10-14 09:05:00+00:00,1.0933741331100464,1.0933741331100464,1.0933741331100464,1.0930156707763672,1.0930156707763672,0
2024-10-14 09:10:00+00:00,1.0936132669448853,1.0936132669448853,1.0936132669448853,1.0934937000274658,1.0934937000274658,0
2024-10-14 09:15:00+00:00,1.0936132669448853,1.0936132669448853,1.0936132669448853,1.0936132669448853,1.0936132669448853,0
2024-10-14 09:20:00+00:00,1.0937328338623047,1.0937328338623047,1.0937328338623047,1.0936132669448853,1.0937328338623047,0
2024-10-14 09:25:00+00:00,1.0938525199890137,1.0938525199890137,1.0939722061157227,1.0938525199890137,1.0939722061157227,0
2024-10-14 09:30:00+00:00,1.0934937000274658,1.0934937000274658,1.0937328338623047,1.0934937000274658,1.0937328338623047,0
2024-10-14 09:35:00+00:00,1.0936132669448853,1.0936132669448853,1.0936132669448853,1.0936132669448853,1.0936132669448853,0
2024-10-14 09:40:00+00:00,1.0936132669448853,1.0936132669448853,1.0936132669448853,1.0934937000274658,1.0934937000274658,0
2024-10-14 09:45:00+00:00,1.0934937000274658,1.0934937000274658,1.0936132669448853,1.0934937000274658,1.0936132669448853,0
2024-10-14 09:50:00+00:00,1.0932546854019165,1.0932546854019165,1.0934937000274658,1.0932546854019165,1.0933741331100464,0
2024-10-14 09:55:00+00:00,1.093135118484497,1.093135118484497,1.0932546854019165,1.0930156707763672,1.0932546854019165,0
2024-10-14 10:00:00+00:00,1.0930156707763672,1.0930156707763672,1.0932546854019165,1.0930156707763672,1.093135118484497,0
2024-10-14 10:05:00+00:00,1.093135118484497,1.093135118484497,1.093135118484497,1.0928961038589478,1.0928961038589478,0
2024-10-14 10:10:00+00:00,1.0932546854019165,1.0932546854019165,1.0932546854019165,1.093135118484497,1.093135118484497,0
2024-10-14 10:15:00+00:00,1.093135118484497,1.093135118484497,1.0932546854019165,1.093135118484497,1.0932546854019165,0
2024-10-14 10:20:00+00:00,1.0932546854019165,1.0932546854019165,1.0932546854019165,1.093135118484497,1.093135118484497,0
2024-10-14 10:25:00+00:00,1.0930156707763672,1.0930156707763672,1.093135118484497,1.0930156707763672,1.093135118484497,0
2024-10-14 10:30:00+00:00,1.0928961038589478,1.0928961038589478,1.0930156707763672,1.0928961038589478,1.0930156707763672,0
2024-10-14 10:35:00+00:00,1.0928961038589478,1.0928961038589478,1.0928961038589478,1.0928961038589478,1.0928961038589478,0
2024-10-14 10:40:00+00:00,1.0928961038589478,1.0928961038589478,1.0928961038589478,1.0928961038589478,1.0928961038589478,0
2024-10-14 10:45:00+00:00,1.0928961038589478,1.0928961038589478,1.0928961038589478,1.0926573276519775,1.0928961038589478,0
2024-10-14 10:50:00+00:00,1.0926573276519775,1.0926573276519775,1.0927767753601074,1.0926573276519775,1.0926573276519775,0
2024-10-14 10:55:00+00:00,1.0926573276519775,1.0926573276519775,1.0926573276519775,1.0925379991531372,1.0925379991531372,0
2024-10-14 11:00:00+00:00,1.0922993421554565,1.0922993421554565,1.0926573276519775,1.0922993421554565,1.0926573276519775,0
2024-10-14 11:05:00+00:00,1.0921800136566162,1.0921800136566162,1.0924185514450073,1.0921800136566162,1.0922993421554565,0
2024-10-14 11:10:00+00:00,1.0921800136566162,1.0921800136566162,1.0922993421554565,1.0921800136566162,1.0921800136566162,0
2024-10-14 11:15:00+00:00,1.0922993421554565,1.0922993421554565,1.0922993421554565,1.0921800136566162,1.0921800136566162,0
2024-10-14 11:20:00+00:00,1.0922993421554565,1.0922993421554565,1.0924185514450073,1.0922993421554565,1.0922993421554565,0
2024-10-14 11:25:00+00:00,1.091941475868225,1.091941475868225,1.0921800136566162,1.0918222665786743,1.0921800136566162,0
2024-10-14 11:30:00+00:00,1.091941475868225,1.091941475868225,1.091941475868225,1.0918222665786743,1.091941475868225,0
2024-10-14 11:35:00+00:00,1.0918222665786743,1.0918222665786743,1.091941475868225,1.0918222665786743,1.091941475868225,0
2024-10-14 11:40:00+00:00,1.0917030572891235,1.0917030572891235,1.0918222665786743,1.0917030572891235,1.0917030572891235,0
2024-10-14 11:45:00+00:00,1.0914647579193115,1.0914647579193115,1.0918222665786743,1.0913456678390503,1.0918222665786743,0
2024-10-14 11:50:00+00:00,1.0917030572891235,1.0917030572891235,1.0917030572891235,1.0914647579193115,1.0914647579193115,0
2024-10-14 11:55:00+00:00,1.0917030572891235,1.0917030572891235,1.0917030572891235,1.0914647579193115,1.0917030572891235,0
2024-10-14 12:00:00+00:00,1.0915838479995728,1.0915838479995728,1.0915838479995728,1.0914647579193115,1.0914647579193115,0
2024-10-14 12:05:00+00:00,1.0918222665786743,1.0918222665786743,1.0918222665786743,1.0915838479995728,1.0915838479995728,0
2024-10-14 12:10:00+00:00,1.0917030572891235,1.0917030572891235,1.0918222665786743,1.0914647579193115,1.0918222665786743,0
2024-10-14 12:15:00+00:00,1.0918222665786743,1.0918222665786743,1.0918222665786743,1.0915838479995728,1.0915838479995728,0
2024-10-14 12:20:00+00:00,1.0917030572891235,1.0917030572891235,1.091941475868225,1.0914647579193115,1.0915838479995728,0
2024-10-14 12:25:00+00:00,1.0918222665786743,1.0918222665786743,1.091941475868225,1.0918222665786743,1.0918222665786743,0
2024-10-14 12:30:00+00:00,1.0917030572891235,1.0917030572891235,1.0918222665786743,1.0917030572891235,1.0917030572891235,0
2024-10-14 12:35:00+00:00,1.0913456678390503,1.0913456678390503,1.0918222665786743,1.091226577758789,1.0918222665786743,0
2024-10-14 12:40:00+00:00,1.091226577758789,1.091226577758789,1.0913456678390503,1.0911074876785278,1.0911074876785278,0
2024-10-14 12:45:00+00:00,1.0913456678390503,1.0913456678390503,1.0914647579193115,1.091226577758789,1.091226577758789,0
2024-10-14 12:50:00+00:00,1.0913456678390503,1.0913456678390503,1.0913456678390503,1.091226577758789,1.0913456678390503,0
2024-10-14 12:55:00+00:00,1.0913456678390503,1.0913456678390503,1.0913456678390503,1.091226577758789,1.091226577758789,0
2024-10-14 13:00:00+00:00,1.091226577758789,1.091226577758789,1.0913456678390503,1.091226577758789,1.091226577758789,0
2024-10-14 13:05:00+00:00,1.090869426727295,1.090869426727295,1.091226577758789,1.090869426727295,1.0911074876785278,0
2024-10-14 13:10:00+00:00,1.091226577758789,1.091226577758789,1.091226577758789,1.090869426727295,1.090869426727295,0
2024-10-14 13:15:00+00:00,1.0911074876785278,1.0911074876785278,1.091226577758789,1.090869426727295,1.091226577758789,0
2024-10-14 13:20:00+00:00,1.0917030572891235,1.0917030572891235,1.0917030572891235,1.0913456678390503,1.0913456678390503,0
2024-10-14 13:25:00+00:00,1.0913456678390503,1.0913456678390503,1.0915838479995728,1.0913456678390503,1.0915838479995728,0
2024-10-14 13:30:00+00:00,1.0913456678390503,1.0913456678390503,1.0913456678390503,1.0913456678390503,1.0913456678390503,0
2024-10-14 13:35:00+00:00,1.091226577758789,1.091226577758789,1.0913456678390503,1.091226577758789,1.0913456678390503,0
2024-10-14 13:40:00+00:00,1.091941475868225,1.091941475868225,1.091941475868225,1.091226577758789,1.0913456678390503,0
2024-10-14 13:45:00+00:00,1.0927767753601074,1.0927767753601074,1.0927767753601074,1.0920606851577759,1.0920606851577759,0
2024-10-14 13:50:00+00:00,1.0926573276519775,1.0926573276519775,1.0928961038589478,1.0926573276519775,1.0928961038589478,0
2024-10-14 13:55:00+00:00,1.0925379991531372,1.0925379991531372,1.0928961038589478,1.0925379991531372,1.0928961038589478,0
2024-10-14 14:00:00+00:00,1.0920606851577759,1.0920606851577759,1.0921800136566162,1.091941475868225,1.091941475868225,0
2024-10-14 14:05:00+00:00,1.0913456678390503,1.0913456678390503,1.0918222665786743,1.0913456678390503,1.0918222665786743,0
2024-10-14 14:10:00+00:00,1.091226577758789,1.091226577758789,1.0913456678390503,1.091226577758789,1.0913456678390503,0
2024-10-14 14:15:00+00:00,1.0913456678390503,1.0913456678390503,1.0913456678390503,1.0911074876785278,1.091226577758789,0
2024-10-14 14:20:00+00:00,1.0914647579193115,1.0914647579193115,1.0914647579193115,1.091226577758789,1.091226577758789,0
2024-10-14 14:25:00+00:00,1.0914647579193115,1.0914647579193115,1.0918222665786743,1.0914647579193115,1.0917030572891235,0
2024-10-14 14:30:00+00:00,1.0913456678390503,1.0913456678390503,1.0913456678390503,1.091226577758789,1.0913456678390503,0
2024-10-14 14:35:00+00:00,1.0909883975982666,1.0909883975982666,1.091226577758789,1.090869426727295,1.091226577758789,0
2024-10-14 14:40:00+00:00,1.091226577758789,1.091226577758789,1.091226577758789,1.0909883975982666,1.0909883975982666,0
2024-10-14 14:45:00+00:00,1.0914647579193115,1.0914647579193115,1.0915838479995728,1.0913456678390503,1.0913456678390503,0
2024-10-14 14:50:00+00:00,1.0914647579193115,1.0914647579193115,1.0915838479995728,1.0913456678390503,1.0914647579193115,0
2024-10-14 14:55:00+00:00,1.0917030572891235,1.0917030572891235,1.0917030572891235,1.0915838479995728,1.0915838479995728,0
2024-10-14 15:00:00+00:00,1.0917030572891235,1.0917030572891235,1.091941475868225,1.0917030572891235,1.0918222665786743,0
2024-10-14 15:05:00+00:00,1.0917030572891235,1.0917030572891235,1.0918222665786743,1.0915838479995728,1.0915838479995728,0
2024-10-14 15:10:00+00:00,1.0917030572891235,1.0917030572891235,1.0918222665786743,1.0915838479995728,1.0918222665786743,0
2024-10-14 15:15:00+00:00,1.0917030572891235,1.0917030572891235,1.0917030572891235,1.0915838479995728,1.0917030572891235,0
2024-10-14 15:20:00+00:00,1.0913456678390503,1.0913456678390503,1.0915838479995728,1.0913456678390503,1.0915838479995728,0
2024-10-14 15:25:00+00:00,1.0915838479995728,1.0915838479995728,1.0915838479995728,1.0913456678390503,1.0913456678390503,0
2024-10-14 15:30:00+00:00,1.0918222665786743,1.0918222665786743,1.0918222665786743,1.0914647579193115,1.0914647579193115,0
2024-10-14 15:35:00+00:00,1.0915838479995728,1.0915838479995728,1.0918222665786743,1.0915838479995728,1.0918222665786743,0
2024-10-14 15:40:00+00:00,1.0913456678390503,1.0913456678390503,1.0914647579193115,1.091226577758789,1.0914647579193115,0
2024-10-14 15:45:00+00:00,1.0911074876785278,1.0911074876785278,1.091226577758789,1.0911074876785278,1.091226577758789,0
2024-10-14 15:50:00+00:00,1.090869426727295,1.090869426727295,1.0909883975982666,1.090869426727295,1.0909883975982666,0
2024-10-14 15:55:00+00:00,1.090869426727295,1.090869426727295,1.0909883975982666,1.090869426727295,1.090869426727295,0
2024-10-14 16:00:00+00:00,1.090869426727295,1.090869426727295,1.0911074876785278,1.090869426727295,1.0909883975982666,0
2024-10-14 16:05:00+00:00,1.0907504558563232,1.0907504558563232,1.0909883975982666,1.0907504558563232,1.0909883975982666,0
2024-10-14 16:10:00+00:00,1.0906314849853516,1.0906314849853516,1.0907504558563232,1.0906314849853516,1.0907504558563232,0
2024-10-14 16:15:00+00:00,1.0906314849853516,1.0906314849853516,1.0907504558563232,1.0906314849853516,1.0907504558563232,0
2024-10-14 16:20:00+00:00,1.0905125141143799,1.0905125141143799,1.0906314849853516,1.0905125141143799,1.0906314849853516,0
2024-10-14 16:25:00+00:00,1.0905125141143799,1.0905125141143799,1.0905125141143799,1.0903936624526978,1.0905125141143799,0
2024-10-14 16:30:00+00:00,1.0906314849853516,1.0906314849853516,1.0906314849853516,1.0905125141143799,1.0905125141143799,0
2024-10-14 16:35:00+00:00,1.0906314849853516,1.0906314849853516,1.0906314849853516,1.0906314849853516,1.0906314849853516,0
2024-10-14 16:40:00+00:00,1.0905125141143799,1.0905125141143799,1.0905125141143799,1.0905125141143799,1.0905125141143799,0
2024-10-14 16:45:00+00:00,1.0905125141143799,1.0905125141143799,1.0905125141143799,1.0903936624526978,1.0903936624526978,0
2024-10-14 16:50:00+00:00,1.0903936624526978,1.0903936624526978,1.0905125141143799,1.0903936624526978,1.0905125141143799,0
2024-10-14 16:55:00+00:00,1.0903936624526978,1.0903936624526978,1.0906314849853516,1.0903936624526978,1.0906314849853516,0
2024-10-14 17:00:00+00:00,1.0903936624526978,1.0903936624526978,1.0905125141143799,1.0903936624526978,1.0903936624526978,0
2024-10-14 17:05:00+00:00,1.0903936624526978,1.0903936624526978,1.0905125141143799,1.0903936624526978,1.0903936624526978,0
2024-10-14 17:10:00+00:00,1.0905125141143799,1.0905125141143799,1.0905125141143799,1.0903936624526978,1.0903936624526978,0
2024-10-14 17:15:00+00:00,1.0901559591293335,1.0901559591293335,1.0903936624526978,1.0901559591293335,1.090274691581726,0
2024-10-14 17:20:00+00:00,1.0900371074676514,1.0900371074676514,1.0901559591293335,1.0900371074676514,1.0901559591293335,0
2024-10-14 17:25:00+00:00,1.0901559591293335,1.0901559591293335,1.0901559591293335,1.0901559591293335,1.0901559591293335,0
2024-10-14 17:30:00+00:00,1.090274691581726,1.090274691581726,1.090274691581726,1.090274691581726,1.090274691581726,0
2024-10-14 17:35:00+00:00,1.0903936624526978,1.0903936624526978,1.0903936624526978,1.090274691581726,1.090274691581726,0
2024-10-14 17:40:00+00:00,1.0905125141143799,1.0905125141143799,1.0905125141143799,1.0903936624526978,1.0903936624526978,0
2024-10-14 17:45:00+00:00,1.0906314849853516,1.0906314849853516,1.0907504558563232,1.0905125141143799,1.0905125141143799,0
2024-10-14 17:50:00+00:00,1.0906314849853516,1.0906314849853516,1.0907504558563232,1.0906314849853516,1.0906314849853516,0
2024-10-14 17:55:00+00:00,1.0907504558563232,1.0907504558563232,1.0907504558563232,1.0906314849853516,1.0906314849853516,0
2024-10-14 18:00:00+00:00,1.0906314849853516,1.0906314849853516,1.0907504558563232,1.0906314849853516,1.0906314849853516,0
2024-10-14 18:05:00+00:00,1.0907504558563232,1.0907504558563232,1.0907504558563232,1.0907504558563232,1.0907504558563232,0
2024-10-14 18:10:00+00:00,1.0907504558563232,1.0907504558563232,1.090869426727295,1.0907504558563232,1.090869426727295,0
2024-10-14 18:15:00+00:00,1.0907504558563232,1.0907504558563232,1.0907504558563232,1.0907504558563232,1.0907504558563232,0
2024-10-14 18:20:00+00:00,1.0906314849853516,1.0906314849853516,1.0906314849853516,1.0905125141143799,1.0906314849853516,0
2024-10-14 18:25:00+00:00,1.0905125141143799,1.0905125141143799,1.0907504558563232,1.0905125141143799,1.0907504558563232,0
2024-10-14 18:30:00+00:00,1.0905125141143799,1.0905125141143799,1.0905125141143799,1.0903936624526978,1.0905125141143799,0
2024-10-14 18:35:00+00:00,1.0905125141143799,1.0905125141143799,1.0905125141143799,1.0903936624526978,1.0903936624526978,0
2024-10-14 18:40:00+00:00,1.0905125141143799,1.0905125141143799,1.0905125141143799,1.0905125141143799,1.0905125141143799,0
2024-10-14 18:45:00+00:00,1.090274691581726,1.090274691581726,1.0905125141143799,1.090274691581726,1.0905125141143799,0
2024-10-14 18:50:00+00:00,1.0899182558059692,1.0899182558059692,1.0901559591293335,1.0899182558059692,1.0901559591293335,0
2024-10-14 18:55:00+00:00,1.0900371074676514,1.0900371074676514,1.0900371074676514,1.0897995233535767,1.0897995233535767,0
2024-10-14 19:00:00+00:00,1.0903936624526978,1.0903936624526978,1.0905125141143799,1.0893245935440063,1.0899182558059692,0
2024-10-14 19:05:00+00:00,1.0903936624526978,1.0903936624526978,1.0905125141143799,1.0903936624526978,1.0905125141143799,0
2024-10-14 19:10:00+00:00,1.090274691581726,1.090274691581726,1.0903936624526978,1.0901559591293335,1.090274691581726,0
2024-10-14 19:15:00+00:00,1.0906314849853516,1.0906314849853516,1.0906314849853516,1.0903936624526978,1.0903936624526978,0
2024-10-14 19:20:00+00:00,1.0907504558563232,1.0907504558563232,1.0907504558563232,1.0905125141143799,1.0905125141143799,0
2024-10-14 19:25:00+00:00,1.0907504558563232,1.0907504558563232,1.090869426727295,1.0907504558563232,1.090869426727295,0
2024-10-14 19:30:00+00:00,1.0906314849853516,1.0906314849853516,1.0907504558563232,1.0906314849853516,1.0907504558563232,0
2024-10-14 19:35:00+00:00,1.0907504558563232,1.0907504558563232,1.0907504558563232,1.0906314849853516,1.0907504558563232,0
2024-10-14 19:40:00+00:00,1.0906314849853516,1.0906314849853516,1.0907504558563232,1.0906314849853516,1.0907504558563232,0
2024-10-14 19:45:00+00:00,1.0905125141143799,1.0905125141143799,1.0906314849853516,1.0905125141143799,1.0905125141143799,0
2024-10-14 19:50:00+00:00,1.0906314849853516,1.0906314849853516,1.0906314849853516,1.0905125141143799,1.0906314849853516,0
2024-10-14 19:55:00+00:00,1.090869426727295,1.090869426727295,1.090869426727295,1.0907504558563232,1.0907504558563232,0
2024-10-14 20:00:00+00:00,1.0907504558563232,1.0907504558563232,1.0907504558563232,1.0906314849853516,1.0906314849853516,0
2024-10-14 20:05:00+00:00,1.0907504558563232,1.0907504558563232,1.0907504558563232,1.0907504558563232,1.0907504558563232,0
2024-10-14 20:10:00+00:00,1.090869426727295,1.090869426727295,1.0909883975982666,1.090869426727295,1.090869426727295,0
2024-10-14 20:15:00+00:00,1.0909883975982666,1.0909883975982666,1.0909883975982666,1.0909883975982666,1.0909883975982666,0
2024-10-14 20:20:00+00:00,1.0911074876785278,1.0911074876785278,1.0911074876785278,1.0909883975982666,1.0909883975982666,0
2024-10-14 20:25:00+00:00,1.0909883975982666,1.0909883975982666,1.0911074876785278,1.0909883975982666,1.0911074876785278,0
2024-10-14 20:30:00+00:00,1.0909883975982666,1.0909883975982666,1.0911074876785278,1.0909883975982666,1.0909883975982666,0
2024-10-14 20:35:00+00:00,1.0909883975982666,1.0909883975982666,1.0911074876785278,1.0909883975982666,1.0909883975982666,0
2024-10-14 20:40:00+00:00,1.0909883975982666,1.0909883975982666,1.0911074876785278,1.090869426727295,1.0911074876785278,0
2024-10-14 20:45:00+00:00,1.0909883975982666,1.0909883975982666,1.0909883975982666,1.0909883975982666,1.0909883975982666,0
2024-10-14 20:50:00+00:00,1.0911074876785278,1.0911074876785278,1.0911074876785278,1.0909883975982666,1.0911074876785278,0
2024-10-14 20:55:00+00:00,1.091226577758789,1.091226577758789,1.091226577758789,1.0911074876785278,1.0911074876785278,0
2024-10-14 21:00:00+00:00,1.0911074876785278,1.0911074876785278,1.0915838479995728,1.0909883975982666,1.0914647579193115,0
2024-10-14 21:05:00+00:00,1.090869426727295,1.090869426727295,1.0911074876785278,1.090869426727295,1.0911074876785278,0
2024-10-14 21:10:00+00:00,1.0911074876785278,1.0911074876785278,1.0911074876785278,1.0909883975982666,1.0909883975982666,0
2024-10-14 21:15:00+00:00,1.0911074876785278,1.0911074876785278,1.0911074876785278,1.0911074876785278,1.0911074876785278,0
2024-10-14 21:20:00+00:00,1.0911074876785278,1.0911074876785278,1.091226577758789,1.0909883975982666,1.0909883975982666,0
2024-10-14 21:25:00+00:00,1.0911074876785278,1.0911074876785278,1.091226577758789,1.0909883975982666,1.091226577758789,0
2024-10-14 21:30:00+00:00,1.0909883975982666,1.0909883975982666,1.091226577758789,1.0909883975982666,1.0911074876785278,0
2024-10-14 21:35:00+00:00,1.0911074876785278,1.0911074876785278,1.0911074876785278,1.0909883975982666,1.0909883975982666,0
2024-10-14 21:40:00+00:00,1.0911074876785278,1.0911074876785278,1.091226577758789,1.0911074876785278,1.0911074876785278,0
2024-10-14 21:45:00+00:00,1.091226577758789,1.091226577758789,1.091226577758789,1.0911074876785278,1.0911074876785278,0
2024-10-14 21:50:00+00:00,1.091226577758789,1.091226577758789,1.091226577758789,1.0909883975982666,1.091226577758789,0
2024-10-14 21:55:00+00:00,1.0911074876785278,1.0911074876785278,1.091226577758789,1.0911074876785278,1.091226577758789,0
2024-10-14 22:00:00+00:00,1.0909883975982666,1.0909883975982666,1.0911074876785278,1.0909883975982666,1.0909883975982666,0
2024-10-14 22:05:00+00:00,1.090869426727295,1.090869426727295,1.0909883975982666,1.090869426727295,1.0909883975982666,0
2024-10-14 22:10:00+00:00,1.090869426727295,1.090869426727295,1.0909883975982666,1.090869426727295,1.090869426727295,0
2024-10-14 22:15:00+00:00,1.090869426727295,1.090869426727295,1.090869426727295,1.0907504558563232,1.090869426727295,0
2024-10-14 22:20:00+00:00,1.090869426727295,1.090869426727295,1.0909883975982666,1.0907504558563232,1.0909883975982666,0
2024-10-14 22:25:00+00:00,1.090869426727295,1.090869426727295,1.090869426727295,1.090869426727295,1.090869426727295,0
2024-10-14 22:30:00+00:00,1.0909883975982666,1.0909883975982666,1.0909883975982666,1.090869426727295,1.090869426727295,0
2024-10-14 22:35:00+00:00,1.090869426727295,1.090869426727295,1.0909883975982666,1.090869426727295,1.0909883975982666,0
2024-10-14 22:40:00+00:00,1.0909883975982666,1.0909883975982666,1.0909883975982666,1.090869426727295,1.090869426727295,0
2024-10-14 22:45:00+00:00,1.0911074876785278,1.0911074876785278,1.0911074876785278,1.0909883975982666,1.0909883975982666,0
2024-10-14 22:50:00+00:00,1.091226577758789,1.091226577758789,1.091226577758789,1.0911074876785278,1.0911074876785278,0
2024-10-14 22:55:00+00:00,1.091226577758789,1.091226577758789,1.091226577758789,1.0911074876785278,1.0911074876785278,0
2024-10-14 23:00:00+00:00,1.0911074876785278,1.0911074876785278,1.091226577758789,1.0911074876785278,1.091226577758789,0
2024-10-14 23:05:00+00:00,1.0911074876785278,1.0911074876785278,1.0911074876785278,1.0909883975982666,1.0909883975982666,0
2024-10-14 23:10:00+00:00,1.0911074876785278,1.0911074876785278,1.091226577758789,1.0911074876785278,1.0911074876785278,0
2024-10-14 23:15:00+00:00,1.091226577758789,1.091226577758789,1.091226577758789,1.091226577758789,1.091226577758789,0
2024-10-14 23:20:00+00:00,1.0914647579193115,1.0914647579193115,1.0914647579193115,1.091226577758789,1.091226577758789,0
2024-10-14 23:25:00+00:00,1.091226577758789,1.091226577758789,1.091226577758789,1.091226577758789,1.091226577758789,0
2024-10-14 23:30:00+00:00,1.091226577758789,1.091226577758789,1.0913456678390503,1.091226577758789,1.0913456678390503,0
2024-10-14 23:35:00+00:00,1.0909883975982666,1.0909883975982666,1.0911074876785278,1.0909883975982666,1.0911074876785278,0
2024-10-14 23:40:00+00:00,1.0911074876785278,1.0911074876785278,1.0911074876785278,1.0911074876785278,1.0911074876785278,0
2024-10-14 23:45:00+00:00,1.0911074876785278,1.0911074876785278,1.0911074876785278,1.0909883975982666,1.0909883975982666,0
2024-10-14 23:50:00+00:00,1.0911074876785278,1.0911074876785278,1.0911074876785278,1.0911074876785278,1.0911074876785278,0
2024-10-14 23:55:00+00:00,1.091226577758789,1.091226577758789,1.091226577758789,1.0911074876785278,1.0911074876785278,0
2024-10-15 00:00:00+00:00,1.0911074876785278,1.0911074876785278,1.091226577758789,1.0911074876785278,1.091226577758789,0
2024-10-15 00:05:00+00:00,1.090869426727295,1.090869426727295,1.0911074876785278,1.090869426727295,1.0911074876785278,0
2024-10-15 00:10:00+00:00,1.090869426727295,1.090869426727295,1.090869426727295,1.090869426727295,1.090869426727295,0
2024-10-15 00:15:00+00:00,1.0907504558563232,1.0907504558563232,1.090869426727295,1.0907504558563232,1.0907504558563232,0
2024-10-15 00:20:00+00:00,1.0909883975982666,1.0909883975982666,1.0909883975982666,1.090869426727295,1.090869426727295,0
2024-10-15 00:25:00+00:00,1.0909883975982666,1.0909883975982666,1.0909883975982666,1.090869426727295,1.090869426727295,0
2024-10-15 00:30:00+00:00,1.090869426727295,1.090869426727295,1.090869426727295,1.090869426727295,1.090869426727295,0
2024-10-15 00:35:00+00:00,1.0907504558563232,1.0907504558563232,1.090869426727295,1.0907504558563232,1.090869426727295,0
2024-10-15 00:40:00+00:00,1.090869426727295,1.090869426727295,1.090869426727295,1.0907504558563232,1.0907504558563232,0
2024-10-15 00:45:00+00:00,1.090869426727295,1.090869426727295,1.090869426727295,1.0907504558563232,1.090869426727295,0
2024-10-15 00:50:00+00:00,1.090869426727295,1.090869426727295,1.090869426727295,1.0907504558563232,1.0907504558563232,0
2024-10-15 00:55:00+00:00,1.0909883975982666,1.0909883975982666,1.0911074876785278,1.090869426727295,1.090869426727295,0
2024-10-15 01:00:00+00:00,1.0911074876785278,1.0911074876785278,1.0911074876785278,1.090869426727295,1.0909883975982666,0
2024-10-15 01:05:00+00:00,1.090869426727295,1.090869426727295,1.0911074876785278,1.090869426727295,1.0911074876785278,0
2024-10-15 01:10:00+00:00,1.0909883975982666,1.0909883975982666,1.0909883975982666,1.090869426727295,1.090869426727295,0
2024-10-15 01:15:00+00:00,1.0911074876785278,1.0911074876785278,1.0911074876785278,1.090869426727295,1.090869426727295,0
2024-10-15 01:20:00+00:00,1.0911074876785278,1.0911074876785278,1.0911074876785278,1.0909883975982666,1.0911074876785278,0
2024-10-15 01:25:00+00:00,1.0909883975982666,1.0909883975982666,1.0911074876785278,1.0909883975982666,1.0911074876785278,0
2024-10-15 01:30:00+00:00,1.0911074876785278,1.0911074876785278,1.0911074876785278,1.0909883975982666,1.0911074876785278,0
2024-10-15 01:35:00+00:00,1.0911074876785278,1.0911074876785278,1.0911074876785278,1.0911074876785278,1.0911074876785278,0
2024-10-15 01:40:00+00:00,1.090869426727295,1.090869426727295,1.0911074876785278,1.090869426727295,1.0911074876785278,0
2024-10-15 01:45:00+00:00,1.0911074876785278,1.0911074876785278,1.0911074876785278,1.090869426727295,1.090869426727295,0
2024-10-15 01:50:00+00:00,1.0911074876785278,1.0911074876785278,1.0911074876785278,1.0909883975982666,1.0911074876785278,0
2024-10-15 01:55:00+00:00,1.0909883975982666,1.0909883975982666,1.0911074876785278,1.0909883975982666,1.0911074876785278,0
2024-10-15 02:00:00+00:00,1.0911074876785278,1.0911074876785278,1.091226577758789,1.0909883975982666,1.0909883975982666,0
2024-10-15 02:05:00+00:00,1.0909883975982666,1.0909883975982666,1.0909883975982666,1.0909883975982666,1.0909883975982666,0
2024-10-15 02:10:00+00:00,1.090869426727295,1.090869426727295,1.090869426727295,1.0907504558563232,1.090869426727295,0
2024-10-15 02:15:00+00:00,1.0907504558563232,1.0907504558563232,1.090869426727295,1.0907504558563232,1.090869426727295,0
2024-10-15 02:20:00+00:00,1.090869426727295,1.090869426727295,1.0909883975982666,1.090869426727295,1.090869426727295,0
2024-10-15 02:25:00+00:00,1.0907504558563232,1.0907504558563232,1.090869426727295,1.0907504558563232,1.090869426727295,0
2024-10-15 02:30:00+00:00,1.0907504558563232,1.0907504558563232,1.0907504558563232,1.0907504558563232,1.0907504558563232,0
2024-10-15 02:35:00+00:00,1.0906314849853516,1.0906314849853516,1.0907504558563232,1.0906314849853516,1.0906314849853516,0
2024-10-15 02:40:00+00:00,1.0906314849853516,1.0906314849853516,1.0907504558563232,1.0906314849853516,1.0907504558563232,0
2024-10-15 02:45:00+00:00,1.0905125141143799,1.0905125141143799,1.0906314849853516,1.0905125141143799,1.0906314849853516,0
2024-10-15 02:50:00+00:00,1.0905125141143799,1.0905125141143799,1.0905125141143799,1.0903936624526978,1.0903936624526978,0
2024-10-15 02:55:00+00:00,1.0905125141143799,1.0905125141143799,1.0905125141143799,1.0905125141143799,1.0905125141143799,0
2024-10-15 03:00:00+00:00,1.0903936624526978,1.0903936624526978,1.0905125141143799,1.0903936624526978,1.0905125141143799,0
2024-10-15 03:05:00+00:00,1.0905125141143799,1.0905125141143799,1.0905125141143799,1.0903936624526978,1.0903936624526978,0
2024-10-15 03:10:00+00:00,1.0905125141143799,1.0905125141143799,1.0905125141143799,1.0903936624526978,1.0905125141143799,0
2024-10-15 03:15:00+00:00,1.090274691581726,1.090274691581726,1.0903936624526978,1.090274691581726,1.0903936624526978,0
2024-10-15 03:20:00+00:00,1.090274691581726,1.090274691581726,1.090274691581726,1.0901559591293335,1.090274691581726,0
2024-10-15 03:25:00+00:00,1.0905125141143799,1.0905125141143799,1.0905125141143799,1.0903936624526978,1.0903936624526978,0
2024-10-15 03:30:00+00:00,1.0905125141143799,1.0905125141143799,1.0905125141143799,1.0903936624526978,1.0905125141143799,0
2024-10-15 03:35:00+00:00,1.090274691581726,1.090274691581726,1.0903936624526978,1.090274691581726,1.090274691581726,0
2024-10-15 03:40:00+00:00,1.090274691581726,1.090274691581726,1.0903936624526978,1.090274691581726,1.0903936624526978,0
2024-10-15 03:45:00+00:00,1.0901559591293335,1.0901559591293335,1.090274691581726,1.0901559591293335,1.090274691581726,0
2024-10-15 03:50:00+00:00,1.0900371074676514,1.0900371074676514,1.0901559591293335,1.0900371074676514,1.0901559591293335,0
2024-10-15 03:55:00+00:00,1.0899182558059692,1.0899182558059692,1.0900371074676514,1.0899182558059692,1.0900371074676514,0
2024-10-15 04:00:00+00:00,1.089680790901184,1.089680790901184,1.0899182558059692,1.089680790901184,1.0899182558059692,0
2024-10-15 04:05:00+00:00,1.0897995233535767,1.0897995233535767,1.0897995233535767,1.089680790901184,1.0897995233535767,0
2024-10-15 04:10:00+00:00,1.0897995233535767,1.0897995233535767,1.0897995233535767,1.0897995233535767,1.0897995233535767,0
2024-10-15 04:15:00+00:00,1.089680790901184,1.089680790901184,1.0897995233535767,1.089680790901184,1.0897995233535767,0
2024-10-15 04:20:00+00:00,1.089561939239502,1.089561939239502,1.0897995233535767,1.089561939239502,1.0897995233535767,0
2024-10-15 04:25:00+00:00,1.089561939239502,1.089561939239502,1.089561939239502,1.0894432067871094,1.089561939239502,0
2024-10-15 04:30:00+00:00,1.089561939239502,1.089561939239502,1.089561939239502,1.0894432067871094,1.089561939239502,0
2024-10-15 04:35:00+00:00,1.089561939239502,1.089561939239502,1.089561939239502,1.089561939239502,1.089561939239502,0
2024-10-15 04:40:00+00:00,1.089680790901184,1.089680790901184,1.089680790901184,1.089561939239502,1.089680790901184,0
2024-10-15 04:45:00+00:00,1.089680790901184,1.089680790901184,1.089680790901184,1.089680790901184,1.089680790901184,0
2024-10-15 04:50:00+00:00,1.089680790901184,1.089680790901184,1.089680790901184,1.089561939239502,1.089680790901184,0
2024-10-15 04:55:00+00:00,1.089680790901184,1.089680790901184,1.089680790901184,1.089680790901184,1.089680790901184,0
2024-10-15 05:00:00+00:00,1.089561939239502,1.089561939239502,1.089561939239502,1.089561939239502,1.089561939239502,0
2024-10-15 05:05:00+00:00,1.0894432067871094,1.0894432067871094,1.089561939239502,1.0894432067871094,1.0894432067871094,0
2024-10-15 05:10:00+00:00,1.0894432067871094,1.0894432067871094,1.0894432067871094,1.0893245935440063,1.0894432067871094,0
2024-10-15 05:15:00+00:00,1.0893245935440063,1.0893245935440063,1.0894432067871094,1.0893245935440063,1.0894432067871094,0
2024-10-15 05:20:00+00:00,1.0893245935440063,1.0893245935440063,1.0893245935440063,1.0893245935440063,1.0893245935440063,0
2024-10-15 05:25:00+00:00,1.0893245935440063,1.0893245935440063,1.0893245935440063,1.0893245935440063,1.0893245935440063,0
2024-10-15 05:30:00+00:00,1.0892059803009033,1.0892059803009033,1.0893245935440063,1.0892059803009033,1.0892059803009033,0
2024-10-15 05:35:00+00:00,1.0892059803009033,1.0892059803009033,1.0893245935440063,1.0890873670578003,1.0890873670578003,0
2024-10-15 05:40:00+00:00,1.0892059803009033,1.0892059803009033,1.0892059803009033,1.0892059803009033,1.0892059803009033,0
2024-10-15 05:45:00+00:00,1.0892059803009033,1.0892059803009033,1.0893245935440063,1.0890873670578003,1.0893245935440063,0
2024-10-15 05:50:00+00:00,1.0893245935440063,1.0893245935440063,1.0894432067871094,1.0892059803009033,1.0892059803009033,0
2024-10-15 05:55:00+00:00,1.089561939239502,1.089561939239502,1.089561939239502,1.0893245935440063,1.0893245935440063,0
2024-10-15 06:00:00+00:00,1.0888501405715942,1.0888501405715942,1.0893245935440063,1.0888501405715942,1.0893245935440063,0
2024-10-15 06:05:00+00:00,1.0890873670578003,1.0890873670578003,1.0890873670578003,1.0889687538146973,1.0889687538146973,0
2024-10-15 06:10:00+00:00,1.0889687538146973,1.0889687538146973,1.0890873670578003,1.0888501405715942,1.0890873670578003,0
2024-10-15 06:15:00+00:00,1.0892059803009033,1.0892059803009033,1.0892059803009033,1.0889687538146973,1.0890873670578003,0
2024-10-15 06:20:00+00:00,1.0893245935440063,1.0893245935440063,1.0894432067871094,1.0890873670578003,1.0890873670578003,0
2024-10-15 06:25:00+00:00,1.0892059803009033,1.0892059803009033,1.0893245935440063,1.0890873670578003,1.0893245935440063,0
2024-10-15 06:30:00+00:00,1.089680790901184,1.089680790901184,1.089680790901184,1.0893245935440063,1.0893245935440063,0
2024-10-15 06:35:00+00:00,1.089680790901184,1.089680790901184,1.0897995233535767,1.089680790901184,1.089680790901184,0
2024-10-15 06:40:00+00:00,1.0897995233535767,1.0897995233535767,1.0897995233535767,1.089561939239502,1.0897995233535767,0
2024-10-15 06:45:00+00:00,1.089561939239502,1.089561939239502,1.0897995233535767,1.0894432067871094,1.0897995233535767,0
2024-10-15 06:50:00+00:00,1.089561939239502,1.089561939239502,1.089680790901184,1.089561939239502,1.089561939239502,0
2024-10-15 06:55:00+00:00,1.089561939239502,1.089561939239502,1.089680790901184,1.089561939239502,1.089561939239502,0
2024-10-15 07:00:00+00:00,1.0893245935440063,1.0893245935440063,1.089561939239502,1.0893245935440063,1.089561939239502,0
2024-10-15 07:05:00+00:00,1.0889687538146973,1.0889687538146973,1.0894432067871094,1.0889687538146973,1.0894432067871094,0
2024-10-15 07:10:00+00:00,1.0890873670578003,1.0890873670578003,1.0890873670578003,1.0888501405715942,1.0890873670578003,0
2024-10-15 07:15:00+00:00,1.0889687538146973,1.0889687538146973,1.0890873670578003,1.0889687538146973,1.0889687538146973,0
2024-10-15 07:20:00+00:00,1.0892059803009033,1.0892059803009033,1.0892059803009033,1.0888501405715942,1.0888501405715942,0
2024-10-15 07:25:00+00:00,1.0894432067871094,1.0894432067871094,1.0894432067871094,1.0890873670578003,1.0890873670578003,0
2024-10-15 07:30:00+00:00,1.089561939239502,1.089561939239502,1.089680790901184,1.0894432067871094,1.0894432067871094,0
2024-10-15 07:35:00+00:00,1.0894432067871094,1.0894432067871094,1.089561939239502,1.0894432067871094,1.0894432067871094,0
2024-10-15 07:40:00+00:00,1.089561939239502,1.089561939239502,1.089680790901184,1.0890873670578003,1.0890873670578003,0
2024-10-15 07:45:00+00:00,1.089680790901184,1.089680790901184,1.0899182558059692,1.089680790901184,1.089680790901184,0
2024-10-15 07:50:00+00:00,1.089680790901184,1.089680790901184,1.089680790901184,1.089680790901184,1.089680790901184,0
2024-10-15 07:55:00+00:00,1.0900371074676514,1.0900371074676514,1.0900371074676514,1.089680790901184,1.089680790901184,0
2024-10-15 08:00:00+00:00,1.0900371074676514,1.0900371074676514,1.090274691581726,1.0900371074676514,1.090274691581726,0
2024-10-15 08:05:00+00:00,1.0907504558563232,1.0907504558563232,1.0907504558563232,1.090274691581726,1.090274691581726,0
2024-10-15 08:10:00+00:00,1.0909883975982666,1.0909883975982666,1.0909883975982666,1.0906314849853516,1.0907504558563232,0
2024-10-15 08:15:00+00:00,1.0911074876785278,1.0911074876785278,1.0911074876785278,1.0909883975982666,1.0909883975982666,0
2024-10-15 08:20:00+00:00,1.0909883975982666,1.0909883975982666,1.0911074876785278,1.0909883975982666,1.0911074876785278,0
2024-10-15 08:25:00+00:00,1.0907504558563232,1.0907504558563232,1.0911074876785278,1.0907504558563232,1.0911074876785278,0
2024-10-15 08:30:00+00:00,1.0906314849853516,1.0906314849853516,1.0907504558563232,1.0905125141143799,1.0907504558563232,0
2024-10-15 08:35:00+00:00,1.0911074876785278,1.0911074876785278,1.0911074876785278,1.0907504558563232,1.0907504558563232,0
2024-10-15 08:40:00+00:00,1.091226577758789,1.091226577758789,1.091226577758789,1.091226577758789,1.091226577758789,0
2024-10-15 08:45:00+00:00,1.0915838479995728,1.0915838479995728,1.091941475868225,1.091226577758789,1.091226577758789,0
2024-10-15 08:50:00+00:00,1.0915838479995728,1.0915838479995728,1.0917030572891235,1.0915838479995728,1.0917030572891235,0
2024-10-15 08:55:00+00:00,1.0914647579193115,1.0914647579193115,1.0914647579193115,1.091226577758789,1.0914647579193115,0
2024-10-15 09:00:00+00:00,1.0915838479995728,1.0915838479995728,1.0917030572891235,1.0915838479995728,1.0915838479995728,0
2024-10-15 09:05:00+00:00,1.0913456678390503,1.0913456678390503,1.0915838479995728,1.0913456678390503,1.0914647579193115,0
2024-10-15 09:10:00+00:00,1.0911074876785278,1.0911074876785278,1.091226577758789,1.0911074876785278,1.091226577758789,0
2024-10-15 09:15:00+00:00,1.0914647579193115,1.0914647579193115,1.0914647579193115,1.091226577758789,1.091226577758789,0
2024-10-15 09:20:00+00:00,1.091226577758789,1.091226577758789,1.0914647579193115,1.0911074876785278,1.0914647579193115,0
2024-10-15 09:25:00+00:00,1.0911074876785278,1.0911074876785278,1.091226577758789,1.0911074876785278,1.091226577758789,0
2024-10-15 09:30:00+00:00,1.0909883975982666,1.0909883975982666,1.0911074876785278,1.0909883975982666,1.0911074876785278,0
2024-10-15 09:35:00+00:00,1.0909883975982666,1.0909883975982666,1.0911074876785278,1.0909883975982666,1.0911074876785278,0
2024-10-15 09:40:00+00:00,1.0909883975982666,1.0909883975982666,1.0911074876785278,1.0909883975982666,1.0911074876785278,0
2024-10-15 09:45:00+00:00,1.0909883975982666,1.0909883975982666,1.0911074876785278,1.0909883975982666,1.0911074876785278,0
2024-10-15 09:50:00+00:00,1.0914647579193115,1.0914647579193115,1.0915838479995728,1.090869426727295,1.090869426727295,0
2024-10-15 09:55:00+00:00,1.0914647579193115,1.0914647579193115,1.0915838479995728,1.0913456678390503,1.0915838479995728,0
2024-10-15 10:00:00+00:00,1.0917030572891235,1.0917030572891235,1.0918222665786743,1.0915838479995728,1.0915838479995728,0
2024-10-15 10:05:00+00:00,1.0915838479995728,1.0915838479995728,1.0918222665786743,1.0915838479995728,1.0917030572891235,0
2024-10-15 10:10:00+00:00,1.0913456678390503,1.0913456678390503,1.0915838479995728,1.0913456678390503,1.0915838479995728,0
2024-10-15 10:15:00+00:00,1.0913456678390503,1.0913456678390503,1.0915838479995728,1.0913456678390503,1.0914647579193115,0
2024-10-15 10:20:00+00:00,1.091226577758789,1.091226577758789,1.091226577758789,1.0909883975982666,1.091226577758789,0
2024-10-15 10:25:00+00:00,1.0913456678390503,1.0913456678390503,1.0914647579193115,1.091226577758789,1.091226577758789,0
2024-10-15 10:30:00+00:00,1.091226577758789,1.091226577758789,1.0914647579193115,1.0911074876785278,1.0914647579193115,0
2024-10-15 10:35:00+00:00,1.0911074876785278,1.0911074876785278,1.091226577758789,1.0911074876785278,1.091226577758789,0
2024-10-15 10:40:00+00:00,1.090869426727295,1.090869426727295,1.0911074876785278,1.090869426727295,1.0909883975982666,0
2024-10-15 10:45:00+00:00,1.0907504558563232,1.0907504558563232,1.090869426727295,1.0907504558563232,1.0907504558563232,0
2024-10-15 10:50:00+00:00,1.0909883975982666,1.0909883975982666,1.0909883975982666,1.0907504558563232,1.0907504558563232,0
2024-10-15 10:55:00+00:00,1.0906314849853516,1.0906314849853516,1.0911074876785278,1.0906314849853516,1.0911074876785278,0
2024-10-15 11:00:00+00:00,1.0906314849853516,1.0906314849853516,1.090869426727295,1.0905125141143799,1.0905125141143799,0
2024-10-15 11:05:00+00:00,1.0905125141143799,1.0905125141143799,1.0906314849853516,1.0905125141143799,1.0906314849853516,0
2024-10-15 11:10:00+00:00,1.0906314849853516,1.0906314849853516,1.0906314849853516,1.0903936624526978,1.0903936624526978,0
2024-10-15 11:15:00+00:00,1.0903936624526978,1.0903936624526978,1.0905125141143799,1.0903936624526978,1.0905125141143799,0
2024-10-15 11:20:00+00:00,1.0903936624526978,1.0903936624526978,1.0903936624526978,1.090274691581726,1.0903936624526978,0
2024-10-15 11:25:00+00:00,1.0901559591293335,1.0901559591293335,1.090274691581726,1.0901559591293335,1.090274691581726,0
2024-10-15 11:30:00+00:00,1.0906314849853516,1.0906314849853516,1.0906314849853516,1.0903936624526978,1.0903936624526978,0
2024-10-15 11:35:00+00:00,1.0907504558563232,1.0907504558563232,1.0907504558563232,1.0906314849853516,1.0906314849853516,0
2024-10-15 11:40:00+00:00,1.0909883975982666,1.0909883975982666,1.0909883975982666,1.0907504558563232,1.0907504558563232,0
2024-10-15 11:45:00+00:00,1.0909883975982666,1.0909883975982666,1.0911074876785278,1.090869426727295,1.090869426727295,0
2024-10-15 11:50:00+00:00,1.090869426727295,1.090869426727295,1.0909883975982666,1.090869426727295,1.0909883975982666,0
2024-10-15 11:55:00+00:00,1.090274691581726,1.090274691581726,1.0905125141143799,1.0901559591293335,1.0905125141143799,0
2024-10-15 12:00:00+00:00,1.0905125141143799,1.0905125141143799,1.0905125141143799,1.090274691581726,1.0905125141143799,0
2024-10-15 12:05:00+00:00,1.0905125141143799,1.0905125141143799,1.0906314849853516,1.0905125141143799,1.0906314849853516,0
2024-10-15 12:10:00+00:00,1.0907504558563232,1.0907504558563232,1.0907504558563232,1.0903936624526978,1.0906314849853516,0
2024-10-15 12:15:00+00:00,1.0911074876785278,1.0911074876785278,1.0911074876785278,1.090869426727295,1.090869426727295,0
2024-10-15 12:20:00+00:00,1.0909883975982666,1.0909883975982666,1.0909883975982666,1.090869426727295,1.0909883975982666,0
2024-10-15 12:25:00+00:00,1.0909883975982666,1.0909883975982666,1.0911074876785278,1.0909883975982666,1.0911074876785278,0
2024-10-15 12:30:00+00:00,1.0911074876785278,1.0911074876785278,1.091226577758789,1.0909883975982666,1.091226577758789,0
2024-10-15 12:35:00+00:00,1.0913456678390503,1.0913456678390503,1.0913456678390503,1.091226577758789,1.091226577758789,0
2024-10-15 12:40:00+00:00,1.0909883975982666,1.0909883975982666,1.0914647579193115,1.0909883975982666,1.0913456678390503,0
2024-10-15 12:45:00+00:00,1.0909883975982666,1.0909883975982666,1.0911074876785278,1.090869426727295,1.090869426727295,0
2024-10-15 12:50:00+00:00,1.090869426727295,1.090869426727295,1.0909883975982666,1.090869426727295,1.090869426727295,0
2024-10-15 12:55:00+00:00,1.0913456678390503,1.0913456678390503,1.0913456678390503,1.090869426727295,1.090869426727295,0
2024-10-15 13:00:00+00:00,1.0914647579193115,1.0914647579193115,1.0914647579193115,1.0913456678390503,1.0913456678390503,0
2024-10-15 13:05:00+00:00,1.0914647579193115,1.0914647579193115,1.0917030572891235,1.0914647579193115,1.0914647579193115,0
2024-10-15 13:10:00+00:00,1.0917030572891235,1.0917030572891235,1.0917030572891235,1.0914647579193115,1.0914647579193115,0
2024-10-15 13:15:00+00:00,1.0914647579193115,1.0914647579193115,1.0917030572891235,1.0914647579193115,1.0915838479995728,0
2024-10-15 13:20:00+00:00,1.0915838479995728,1.0915838479995728,1.0918222665786743,1.0915838479995728,1.0917030572891235,0
2024-10-15 13:25:00+00:00,1.0914647579193115,1.0914647579193115,1.0914647579193115,1.091226577758789,1.0914647579193115,0
2024-10-15 13:30:00+00:00,1.0915838479995728,1.0915838479995728,1.0917030572891235,1.0914647579193115,1.0914647579193115,0
2024-10-15 13:35:00+00:00,1.0914647579193115,1.0914647579193115,1.0914647579193115,1.0913456678390503,1.0913456678390503,0
2024-10-15 13:40:00+00:00,1.0917030572891235,1.0917030572891235,1.0917030572891235,1.0913456678390503,1.0913456678390503,0
2024-10-15 13:45:00+00:00,1.0918222665786743,1.0918222665786743,1.0918222665786743,1.0917030572891235,1.0917030572891235,0
2024-10-15 13:50:00+00:00,1.0915838479995728,1.0915838479995728,1.091941475868225,1.0915838479995728,1.091941475868225,0
2024-10-15 13:55:00+00:00,1.091226577758789,1.091226577758789,1.0915838479995728,1.091226577758789,1.0915838479995728,0
2024-10-15 14:00:00+00:00,1.091226577758789,1.091226577758789,1.0913456678390503,1.091226577758789,1.091226577758789,0
2024-10-15 14:05:00+00:00,1.0909883975982666,1.0909883975982666,1.0914647579193115,1.0909883975982666,1.0913456678390503,0
2024-10-15 14:10:00+00:00,1.090869426727295,1.090869426727295,1.0911074876785278,1.090869426727295,1.0911074876785278,0
2024-10-15 14:15:00+00:00,1.090869426727295,1.090869426727295,1.090869426727295,1.0907504558563232,1.090869426727295,0
2024-10-15 14:20:00+00:00,1.0909883975982666,1.0909883975982666,1.0911074876785278,1.0909883975982666,1.0909883975982666,0
2024-10-15 14:25:00+00:00,1.090869426727295,1.090869426727295,1.090869426727295,1.090869426727295,1.090869426727295,0
2024-10-15 14:30:00+00:00,1.0906314849853516,1.0906314849853516,1.0907504558563232,1.0906314849853516,1.0907504558563232,0
2024-10-15 14:35:00+00:00,1.0905125141143799,1.0905125141143799,1.0906314849853516,1.0905125141143799,1.0906314849853516,0
2024-10-15 14:40:00+00:00,1.0903936624526978,1.0903936624526978,1.0903936624526978,1.0901559591293335,1.0903936624526978,0
2024-10-15 14:45:00+00:00,1.090869426727295,1.090869426727295,1.090869426727295,1.090274691581726,1.090274691581726,0
2024-10-15 14:50:00+00:00,1.0909883975982666,1.0909883975982666,1.0909883975982666,1.0906314849853516,1.0907504558563232,0
2024-10-15 14:55:00+00:00,1.0906314849853516,1.0906314849853516,1.090869426727295,1.0906314849853516,1.090869426727295,0
2024-10-15 15:00:00+00:00,1.0906314849853516,1.0906314849853516,1.0907504558563232,1.0905125141143799,1.0905125141143799,0
2024-10-15 15:05:00+00:00,1.0907504558563232,1.0907504558563232,1.0907504558563232,1.0903936624526978,1.0906314849853516,0
2024-10-15 15:10:00+00:00,1.0907504558563232,1.0907504558563232,1.0907504558563232,1.0905125141143799,1.0905125141143799,0
2024-10-15 15:15:00+00:00,1.0907504558563232,1.0907504558563232,1.090869426727295,1.0907504558563232,1.0907504558563232,0
2024-10-15 15:20:00+00:00,1.0907504558563232,1.0907504558563232,1.0909883975982666,1.0907504558563232,1.090869426727295,0
2024-10-15 15:25:00+00:00,1.090869426727295,1.090869426727295,1.0909883975982666,1.0907504558563232,1.0907504558563232,0
2024-10-15 15:30:00+00:00,1.0907504558563232,1.0907504558563232,1.0909883975982666,1.0907504558563232,1.090869426727295,0
2024-10-15 15:35:00+00:00,1.0906314849853516,1.0906314849853516,1.0907504558563232,1.0906314849853516,1.0907504558563232,0
2024-10-15 15:40:00+00:00,1.0906314849853516,1.0906314849853516,1.0906314849853516,1.0903936624526978,1.0905125141143799,0
2024-10-15 15:45:00+00:00,1.0905125141143799,1.0905125141143799,1.0907504558563232,1.0905125141143799,1.0906314849853516,0
2024-10-15 15:50:00+00:00,1.0903936624526978,1.0903936624526978,1.0905125141143799,1.090274691581726,1.0903936624526978,0
2024-10-15 15:55:00+00:00,1.090274691581726,1.090274691581726,1.090274691581726,1.090274691581726,1.090274691581726,0
2024-10-15 16:00:00+00:00,1.0901559591293335,1.0901559591293335,1.0901559591293335,1.0900371074676514,1.0901559591293335,0
2024-10-15 16:05:00+00:00,1.090274691581726,1.090274691581726,1.090274691581726,1.0901559591293335,1.0901559591293335,0
2024-10-15 16:10:00+00:00,1.090274691581726,1.090274691581726,1.090274691581726,1.0901559591293335,1.090274691581726,0
2024-10-15 16:15:00+00:00,1.090274691581726,1.090274691581726,1.0905125141143799,1.090274691581726,1.0903936624526978,0
2024-10-15 16:20:00+00:00,1.0899182558059692,1.0899182558059692,1.0901559591293335,1.0899182558059692,1.0901559591293335,0
2024-10-15 16:25:00+00:00,1.089680790901184,1.089680790901184,1.089680790901184,1.089680790901184,1.089680790901184,0
2024-10-15 16:30:00+00:00,1.0897995233535767,1.0897995233535767,1.0897995233535767,1.089680790901184,1.089680790901184,0
2024-10-15 16:35:00+00:00,1.089680790901184,1.089680790901184,1.089680790901184,1.089561939239502,1.089561939239502,0
2024-10-15 16:40:00+00:00,1.089561939239502,1.089561939239502,1.089561939239502,1.089561939239502,1.089561939239502,0
2024-10-15 16:45:00+00:00,1.0894432067871094,1.0894432067871094,1.089561939239502,1.0894432067871094,1.089561939239502,0
2024-10-15 16:50:00+00:00,1.089561939239502,1.089561939239502,1.089561939239502,1.0894432067871094,1.0894432067871094,0
2024-10-15 16:55:00+00:00,1.0894432067871094,1.0894432067871094,1.089561939239502,1.0894432067871094,1.0894432067871094,0
2024-10-15 17:00:00+00:00,1.0892059803009033,1.0892059803009033,1.0892059803009033,1.0890873670578003,1.0892059803009033,0
2024-10-15 17:05:00+00:00,1.0890873670578003,1.0890873670578003,1.0890873670578003,1.0890873670578003,1.0890873670578003,0
2024-10-15 17:10:00+00:00,1.0889687538146973,1.0889687538146973,1.0890873670578003,1.0889687538146973,1.0889687538146973,0
2024-10-15 17:15:00+00:00,1.0889687538146973,1.0889687538146973,1.0890873670578003,1.0889687538146973,1.0890873670578003,0
2024-10-15 17:20:00+00:00,1.0887316465377808,1.0887316465377808,1.0889687538146973,1.0887316465377808,1.0889687538146973,0
2024-10-15 17:25:00+00:00,1.0887316465377808,1.0887316465377808,1.0887316465377808,1.0887316465377808,1.0887316465377808,0
2024-10-15 17:30:00+00:00,1.0888501405715942,1.0888501405715942,1.0888501405715942,1.0887316465377808,1.0887316465377808,0
2024-10-15 17:35:00+00:00,1.0888501405715942,1.0888501405715942,1.0889687538146973,1.0888501405715942,1.0889687538146973,0
2024-10-15 17:40:00+00:00,1.0888501405715942,1.0888501405715942,1.0888501405715942,1.0888501405715942,1.0888501405715942,0
2024-10-15 17:45:00+00:00,1.0887316465377808,1.0887316465377808,1.0888501405715942,1.0887316465377808,1.0888501405715942,0
2024-10-15 17:50:00+00:00,1.0886130332946777,1.0886130332946777,1.0887316465377808,1.0884946584701538,1.0887316465377808,0
2024-10-15 17:55:00+00:00,1.0888501405715942,1.0888501405715942,1.0888501405715942,1.0886130332946777,1.0886130332946777,0
2024-10-15 18:00:00+00:00,1.0889687538146973,1.0889687538146973,1.0889687538146973,1.0887316465377808,1.0887316465377808,0
2024-10-15 18:05:00+00:00,1.0890873670578003,1.0890873670578003,1.0890873670578003,1.0888501405715942,1.0888501405715942,0
2024-10-15 18:10:00+00:00,1.0890873670578003,1.0890873670578003,1.0892059803009033,1.0890873670578003,1.0890873670578003,0
2024-10-15 18:15:00+00:00,1.0890873670578003,1.0890873670578003,1.0890873670578003,1.0890873670578003,1.0890873670578003,0
2024-10-15 18:20:00+00:00,1.0892059803009033,1.0892059803009033,1.0892059803009033,1.0890873670578003,1.0890873670578003,0
2024-10-15 18:25:00+00:00,1.0892059803009033,1.0892059803009033,1.0892059803009033,1.0890873670578003,1.0892059803009033,0
2024-10-15 18:30:00+00:00,1.0892059803009033,1.0892059803009033,1.0893245935440063,1.0892059803009033,1.0892059803009033,0
2024-10-15 18:35:00+00:00,1.0892059803009033,1.0892059803009033,1.0892059803009033,1.0892059803009033,1.0892059803009033,0
2024-10-15 18:40:00+00:00,1.0892059803009033,1.0892059803009033,1.0893245935440063,1.0892059803009033,1.0893245935440063,0
2024-10-15 18:45:00+00:00,1.0890873670578003,1.0890873670578003,1.0892059803009033,1.0890873670578003,1.0892059803009033,0
2024-10-15 18:50:00+00:00,1.0890873670578003,1.0890873670578003,1.0892059803009033,1.0890873670578003,1.0892059803009033,0
2024-10-15 18:55:00+00:00,1.0890873670578003,1.0890873670578003,1.0892059803009033,1.0890873670578003,1.0892059803009033,0
2024-10-15 19:00:00+00:00,1.0890873670578003,1.0890873670578003,1.0890873670578003,1.0889687538146973,1.0890873670578003,0
2024-10-15 19:05:00+00:00,1.0892059803009033,1.0892059803009033,1.0892059803009033,1.0890873670578003,1.0890873670578003,0
2024-10-15 19:10:00+00:00,1.0892059803009033,1.0892059803009033,1.0892059803009033,1.0892059803009033,1.0892059803009033,0
2024-10-15 19:15:00+00:00,1.0890873670578003,1.0890873670578003,1.0892059803009033,1.0890873670578003,1.0892059803009033,0
2024-10-15 19:20:00+00:00,1.0892059803009033,1.0892059803009033,1.0893245935440063,1.0892059803009033,1.0892059803009033,0
2024-10-15 19:25:00+00:00,1.0892059803009033,1.0892059803009033,1.0892059803009033,1.0892059803009033,1.0892059803009033,0
2024-10-15 19:30:00+00:00,1.0889687538146973,1.0889687538146973,1.0890873670578003,1.0889687538146973,1.0890873670578003,0
2024-10-15 19:35:00+00:00,1.0890873670578003,1.0890873670578003,1.0890873670578003,1.0889687538146973,1.0889687538146973,0
2024-10-15 19:40:00+00:00,1.0890873670578003,1.0890873670578003,1.0890873670578003,1.0890873670578003,1.0890873670578003,0
2024-10-15 19:45:00+00:00,1.0889687538146973,1.0889687538146973,1.0889687538146973,1.0889687538146973,1.0889687538146973,0
2024-10-15 19:50:00+00:00,1.0890873670578003,1.0890873670578003,1.0890873670578003,1.0889687538146973,1.0889687538146973,0
2024-10-15 19:55:00+00:00,1.0889687538146973,1.0889687538146973,1.0890873670578003,1.0889687538146973,1.0890873670578003,0
2024-10-15 20:00:00+00:00,1.0890873670578003,1.0890873670578003,1.0890873670578003,1.0889687538146973,1.0889687538146973,0
2024-10-15 20:05:00+00:00,1.0890873670578003,1.0890873670578003,1.0892059803009033,1.0890873670578003,1.0890873670578003,0
2024-10-15 20:10:00+00:00,1.0892059803009033,1.0892059803009033,1.0892059803009033,1.0892059803009033,1.0892059803009033,0
2024-10-15 20:15:00+00:00,1.0890873670578003,1.0890873670578003,1.0890873670578003,1.0890873670578003,1.0890873670578003,0
2024-10-15 20:20:00+00:00,1.0890873670578003,1.0890873670578003,1.0890873670578003,1.0889687538146973,1.0889687538146973,0
2024-10-15 20:25:00+00:00,1.0890873670578003,1.0890873670578003,1.0890873670578003,1.0889687538146973,1.0890873670578003,0
2024-10-15 20:30:00+00:00,1.0890873670578003,1.0890873670578003,1.0890873670578003,1.0889687538146973,1.0889687538146973,0
2024-10-15 20:35:00+00:00,1.0892059803009033,1.0892059803009033,1.0892059803009033,1.0890873670578003,1.0890873670578003,0
2024-10-15 20:40:00+00:00,1.0892059803009033,1.0892059803009033,1.0893245935440063,1.0892059803009033,1.0893245935440063,0
2024-10-15 20:45:00+00:00,1.0893245935440063,1.0893245935440063,1.0893245935440063,1.0893245935440063,1.0893245935440063,0
2024-10-15 20:50:00+00:00,1.0894432067871094,1.0894432067871094,1.0894432067871094,1.0893245935440063,1.0894432067871094,0
2024-10-15 20:55:00+00:00,1.0894432067871094,1.0894432067871094,1.089561939239502,1.0894432067871094,1.089561939239502,0
2024-10-15 21:00:00+00:00,1.0894432067871094,1.0894432067871094,1.089561939239502,1.0894432067871094,1.089561939239502,0
2024-10-15 21:05:00+00:00,1.0899182558059692,1.0899182558059692,1.0899182558059692,1.0893245935440063,1.0894432067871094,0
2024-10-15 21:10:00+00:00,1.089561939239502,1.089561939239502,1.089561939239502,1.0894432067871094,1.0894432067871094,0
2024-10-15 21:15:00+00:00,1.089561939239502,1.089561939239502,1.089561939239502,1.0894432067871094,1.0894432067871094,0
2024-10-15 21:20:00+00:00,1.0894432067871094,1.0894432067871094,1.089561939239502,1.0894432067871094,1.089561939239502,0
2024-10-15 21:25:00+00:00,1.0894432067871094,1.0894432067871094,1.089680790901184,1.0894432067871094,1.0894432067871094,0
2024-10-15 21:30:00+00:00,1.0894432067871094,1.0894432067871094,1.089561939239502,1.0894432067871094,1.089561939239502,0
2024-10-15 21:35:00+00:00,1.089561939239502,1.089561939239502,1.089561939239502,1.0894432067871094,1.089561939239502,0
2024-10-15 21:40:00+00:00,1.0894432067871094,1.0894432067871094,1.089561939239502,1.0893245935440063,1.089561939239502,0
2024-10-15 21:45:00+00:00,1.089680790901184,1.089680790901184,1.0897995233535767,1.0894432067871094,1.0897995233535767,0
2024-10-15 21:50:00+00:00,1.089561939239502,1.089561939239502,1.089561939239502,1.089561939239502,1.089561939239502,0
2024-10-15 21:55:00+00:00,1.089561939239502,1.089561939239502,1.089561939239502,1.0893245935440063,1.0894432067871094,0
2024-10-15 22:00:00+00:00,1.0893245935440063,1.0893245935440063,1.0894432067871094,1.0893245935440063,1.0893245935440063,0
2024-10-15 22:05:00+00:00,1.0893245935440063,1.0893245935440063,1.0894432067871094,1.0892059803009033,1.0893245935440063,0
2024-10-15 22:10:00+00:00,1.0893245935440063,1.0893245935440063,1.0893245935440063,1.0890873670578003,1.0893245935440063,0
2024-10-15 22:15:00+00:00,1.0893245935440063,1.0893245935440063,1.0894432067871094,1.0893245935440063,1.0893245935440063,0
2024-10-15 22:20:00+00:00,1.0893245935440063,1.0893245935440063,1.0893245935440063,1.0893245935440063,1.0893245935440063,0
2024-10-15 22:25:00+00:00,1.0893245935440063,1.0893245935440063,1.0893245935440063,1.0893245935440063,1.0893245935440063,0
2024-10-15 22:30:00+00:00,1.0892059803009033,1.0892059803009033,1.0893245935440063,1.0892059803009033,1.0893245935440063,0
2024-10-15 22:35:00+00:00,1.0890873670578003,1.0890873670578003,1.0892059803009033,1.0890873670578003,1.0892059803009033,0
2024-10-15 22:40:00+00:00,1.0890873670578003,1.0890873670578003,1.0892059803009033,1.0890873670578003,1.0890873670578003,0
2024-10-15 22:45:00+00:00,1.0890873670578003,1.0890873670578003,1.0890873670578003,1.0890873670578003,1.0890873670578003,0
2024-10-15 22:50:00+00:00,1.0892059803009033,1.0892059803009033,1.0892059803009033,1.0890873670578003,1.0890873670578003,0
2024-10-15 22:55:00+00:00,1.0892059803009033,1.0892059803009033,1.0892059803009033,1.0892059803009033,1.0892059803009033,0
2024-10-15 23:00:00+00:00,1.0892059803009033,1.0892059803009033,1.0893245935440063,1.0890873670578003,1.0893245935440063,0
2024-10-15 23:05:00+00:00,1.0889687538146973,1.0889687538146973,1.0892059803009033,1.0889687538146973,1.0892059803009033,0
2024-10-15 23:10:00+00:00,1.0889687538146973,1.0889687538146973,1.0890873670578003,1.0889687538146973,1.0889687538146973,0
2024-10-15 23:15:00+00:00,1.0889687538146973,1.0889687538146973,1.0889687538146973,1.0889687538146973,1.0889687538146973,0
2024-10-15 23:20:00+00:00,1.0890873670578003,1.0890873670578003,1.0890873670578003,1.0889687538146973,1.0889687538146973,0
2024-10-15 23:25:00+00:00,1.0890873670578003,1.0890873670578003,1.0890873670578003,1.0889687538146973,1.0889687538146973,0
2024-10-15 23:30:00+00:00,1.0894432067871094,1.0894432067871094,1.0894432067871094,1.0890873670578003,1.0890873670578003,0
2024-10-15 23:35:00+00:00,1.0890873670578003,1.0890873670578003,1.0892059803009033,1.0890873670578003,1.0890873670578003,0
2024-10-15 23:40:00+00:00,1.0890873670578003,1.0890873670578003,1.0890873670578003,1.0889687538146973,1.0890873670578003,0
2024-10-15 23:45:00+00:00,1.0889687538146973,1.0889687538146973,1.0890873670578003,1.0889687538146973,1.0890873670578003,0
2024-10-15 23:50:00+00:00,1.0887316465377808,1.0887316465377808,1.0889687538146973,1.0887316465377808,1.0889687538146973,0
2024-10-15 23:55:00+00:00,1.0886130332946777,1.0886130332946777,1.0888501405715942,1.0886130332946777,1.0887316465377808,0
2024-10-16 00:00:00+00:00,1.0886130332946777,1.0886130332946777,1.0888501405715942,1.0886130332946777,1.0886130332946777,0
2024-10-16 00:05:00+00:00,1.0886130332946777,1.0886130332946777,1.0887316465377808,1.0884946584701538,1.0887316465377808,0
2024-10-16 00:10:00+00:00,1.0886130332946777,1.0886130332946777,1.0886130332946777,1.0886130332946777,1.0886130332946777,0
2024-10-16 00:15:00+00:00,1.0886130332946777,1.0886130332946777,1.0887316465377808,1.0886130332946777,1.0887316465377808,0
2024-10-16 00:20:00+00:00,1.0887316465377808,1.0887316465377808,1.0887316465377808,1.0886130332946777,1.0887316465377808,0
2024-10-16 00:25:00+00:00,1.0886130332946777,1.0886130332946777,1.0887316465377808,1.0886130332946777,1.0887316465377808,0
2024-10-16 00:30:00+00:00,1.0887316465377808,1.0887316465377808,1.0887316465377808,1.0887316465377808,1.0887316465377808,0
2024-10-16 00:35:00+00:00,1.0888501405715942,1.0888501405715942,1.0888501405715942,1.0888501405715942,1.0888501405715942,0
2024-10-16 00:40:00+00:00,1.0887316465377808,1.0887316465377808,1.0889687538146973,1.0887316465377808,1.0889687538146973,0
2024-10-16 00:45:00+00:00,1.0887316465377808,1.0887316465377808,1.0888501405715942,1.0887316465377808,1.0888501405715942,0
2024-10-16 00:50:00+00:00,1.0887316465377808,1.0887316465377808,1.0888501405715942,1.0887316465377808,1.0887316465377808,0
2024-10-16 00:55:00+00:00,1.0888501405715942,1.0888501405715942,1.0889687538146973,1.0888501405715942,1.0888501405715942,0
2024-10-16 01:00:00+00:00,1.0888501405715942,1.0888501405715942,1.0888501405715942,1.0888501405715942,1.0888501405715942,0
2024-10-16 01:05:00+00:00,1.0888501405715942,1.0888501405715942,1.0889687538146973,1.0888501405715942,1.0889687538146973,0
2024-10-16 01:10:00+00:00,1.0889687538146973,1.0889687538146973,1.0889687538146973,1.0887316465377808,1.0887316465377808,0
2024-10-16 01:15:00+00:00,1.0889687538146973,1.0889687538146973,1.0889687538146973,1.0889687538146973,1.0889687538146973,0
2024-10-16 01:20:00+00:00,1.0889687538146973,1.0889687538146973,1.0889687538146973,1.0888501405715942,1.0888501405715942,0
2024-10-16 01:25:00+00:00,1.0890873670578003,1.0890873670578003,1.0890873670578003,1.0889687538146973,1.0890873670578003,0
2024-10-16 01:30:00+00:00,1.0890873670578003,1.0890873670578003,1.0892059803009033,1.0890873670578003,1.0892059803009033,0
2024-10-16 01:35:00+00:00,1.0890873670578003,1.0890873670578003,1.0890873670578003,1.0889687538146973,1.0889687538146973,0
2024-10-16 01:40:00+00:00,1.0894432067871094,1.0894432067871094,1.0894432067871094,1.0892059803009033,1.0892059803009033,0
2024-10-16 01:45:00+00:00,1.0893245935440063,1.0893245935440063,1.0894432067871094,1.0893245935440063,1.0894432067871094,0
2024-10-16 01:50:00+00:00,1.0894432067871094,1.0894432067871094,1.0894432067871094,1.0893245935440063,1.0893245935440063,0
2024-10-16 01:55:00+00:00,1.0894432067871094,1.0894432067871094,1.0894432067871094,1.0893245935440063,1.0894432067871094,0
2024-10-16 02:00:00+00:00,1.0893245935440063,1.0893245935440063,1.0894432067871094,1.0893245935440063,1.0894432067871094,0
2024-10-16 02:05:00+00:00,1.0892059803009033,1.0892059803009033,1.0893245935440063,1.0892059803009033,1.0893245935440063,0
2024-10-16 02:10:00+00:00,1.0893245935440063,1.0893245935440063,1.0893245935440063,1.0892059803009033,1.0892059803009033,0
2024-10-16 02:15:00+00:00,1.0892059803009033,1.0892059803009033,1.0893245935440063,1.0890873670578003,1.0893245935440063,0
2024-10-16 02:20:00+00:00,1.0894432067871094,1.0894432067871094,1.0894432067871094,1.0892059803009033,1.0892059803009033,0
2024-10-16 02:25:00+00:00,1.0893245935440063,1.0893245935440063,1.0893245935440063,1.0893245935440063,1.0893245935440063,0
2024-10-16 02:30:00+00:00,1.0893245935440063,1.0893245935440063,1.0893245935440063,1.0892059803009033,1.0892059803009033,0
2024-10-16 02:35:00+00:00,1.0894432067871094,1.0894432067871094,1.0894432067871094,1.0893245935440063,1.0893245935440063,0
2024-10-16 02:40:00+00:00,1.0894432067871094,1.0894432067871094,1.089561939239502,1.0894432067871094,1.089561939239502,0
2024-10-16 02:45:00+00:00,1.089561939239502,1.089561939239502,1.089561939239502,1.089561939239502,1.089561939239502,0
2024-10-16 02:50:00+00:00,1.089561939239502,1.089561939239502,1.089561939239502,1.0894432067871094,1.089561939239502,0
2024-10-16 02:55:00+00:00,1.089561939239502,1.089561939239502,1.089561939239502,1.0894432067871094,1.089561939239502,0
2024-10-16 03:00:00+00:00,1.089561939239502,1.089561939239502,1.089561939239502,1.089561939239502,1.089561939239502,0
2024-10-16 03:05:00+00:00,1.089561939239502,1.089561939239502,1.089680790901184,1.089561939239502,1.089680790901184,0
2024-10-16 03:10:00+00:00,1.089680790901184,1.089680790901184,1.0897995233535767,1.089680790901184,1.089680790901184,0
2024-10-16 03:15:00+00:00,1.089680790901184,1.089680790901184,1.0897995233535767,1.089680790901184,1.089680790901184,0
2024-10-16 03:20:00+00:00,1.089680790901184,1.089680790901184,1.089680790901184,1.089561939239502,1.089561939239502,0
2024-10-16 03:25:00+00:00,1.089680790901184,1.089680790901184,1.0897995233535767,1.089680790901184,1.089680790901184,0
2024-10-16 03:30:00+00:00,1.089561939239502,1.089561939239502,1.089680790901184,1.089561939239502,1.089680790901184,0
2024-10-16 03:35:00+00:00,1.089561939239502,1.089561939239502,1.089561939239502,1.089561939239502,1.089561939239502,0
2024-10-16 03:40:00+00:00,1.089561939239502,1.089561939239502,1.089680790901184,1.089561939239502,1.089561939239502,0
2024-10-16 03:45:00+00:00,1.089561939239502,1.089561939239502,1.089680790901184,1.089561939239502,1.089680790901184,0
2024-10-16 03:50:00+00:00,1.089561939239502,1.089561939239502,1.089561939239502,1.089561939239502,1.089561939239502,0
2024-10-16 03:55:00+00:00,1.0894432067871094,1.0894432067871094,1.0894432067871094,1.0894432067871094,1.0894432067871094,0
2024-10-16 04:00:00+00:00,1.0894432067871094,1.0894432067871094,1.0894432067871094,1.0894432067871094,1.0894432067871094,0
2024-10-16 04:05:00+00:00,1.089561939239502,1.089561939239502,1.089561939239502,1.089561939239502,1.089561939239502,0
2024-10-16 04:10:00+00:00,1.0894432067871094,1.0894432067871094,1.089561939239502,1.0894432067871094,1.089561939239502,0
2024-10-16 04:15:00+00:00,1.0893245935440063,1.0893245935440063,1.0894432067871094,1.0893245935440063,1.0894432067871094,0
2024-10-16 04:20:00+00:00,1.0893245935440063,1.0893245935440063,1.0893245935440063,1.0892059803009033,1.0893245935440063,0
2024-10-16 04:25:00+00:00,1.0893245935440063,1.0893245935440063,1.0893245935440063,1.0893245935440063,1.0893245935440063,0
2024-10-16 04:30:00+00:00,1.0893245935440063,1.0893245935440063,1.0893245935440063,1.0893245935440063,1.0893245935440063,0
2024-10-16 04:35:00+00:00,1.0893245935440063,1.0893245935440063,1.0893245935440063,1.0893245935440063,1.0893245935440063,0
2024-10-16 04:40:00+00:00,1.0893245935440063,1.0893245935440063,1.0893245935440063,1.0892059803009033,1.0893245935440063,0
2024-10-16 04:45:00+00:00,1.0892059803009033,1.0892059803009033,1.0892059803009033,1.0892059803009033,1.0892059803009033,0
2024-10-16 04:50:00+00:00,1.0890873670578003,1.0890873670578003,1.0892059803009033,1.0890873670578003,1.0892059803009033,0
2024-10-16 04:55:00+00:00,1.0892059803009033,1.0892059803009033,1.0892059803009033,1.0890873670578003,1.0890873670578003,0
2024-10-16 05:00:00+00:00,1.0892059803009033,1.0892059803009033,1.0893245935440063,1.0892059803009033,1.0892059803009033,0
2024-10-16 05:05:00+00:00,1.0889687538146973,1.0889687538146973,1.0892059803009033,1.0889687538146973,1.0892059803009033,0
2024-10-16 05:10:00+00:00,1.0890873670578003,1.0890873670578003,1.0890873670578003,1.0890873670578003,1.0890873670578003,0
2024-10-16 05:15:00+00:00,1.0889687538146973,1.0889687538146973,1.0890873670578003,1.0889687538146973,1.0890873670578003,0
2024-10-16 05:20:00+00:00,1.0890873670578003,1.0890873670578003,1.0890873670578003,1.0889687538146973,1.0889687538146973,0
2024-10-16 05:25:00+00:00,1.0890873670578003,1.0890873670578003,1.0892059803009033,1.0890873670578003,1.0890873670578003,0
2024-10-16 05:30:00+00:00,1.0892059803009033,1.0892059803009033,1.0892059803009033,1.0892059803009033,1.0892059803009033,0
2024-10-16 05:35:00+00:00,1.0892059803009033,1.0892059803009033,1.0892059803009033,1.0892059803009033,1.0892059803009033,0
2024-10-16 05:40:00+00:00,1.0892059803009033,1.0892059803009033,1.0892059803009033,1.0889687538146973,1.0892059803009033,0
2024-10-16 05:45:00+00:00,1.0892059803009033,1.0892059803009033,1.0893245935440063,1.0892059803009033,1.0893245935440063,0
2024-10-16 05:50:00+00:00,1.0890873670578003,1.0890873670578003,1.0892059803009033,1.0890873670578003,1.0892059803009033,0
2024-10-16 05:55:00+00:00,1.0890873670578003,1.0890873670578003,1.0890873670578003,1.0889687538146973,1.0890873670578003,0
2024-10-16 06:00:00+00:00,1.0884946584701538,1.0884946584701538,1.0887316465377808,1.0882576704025269,1.0887316465377808,0
2024-10-16 06:05:00+00:00,1.0883761644363403,1.0883761644363403,1.0886130332946777,1.0883761644363403,1.0884946584701538,0
2024-10-16 06:10:00+00:00,1.0883761644363403,1.0883761644363403,1.0883761644363403,1.0882576704025269,1.0883761644363403,0
2024-10-16 06:15:00+00:00,1.0883761644363403,1.0883761644363403,1.0883761644363403,1.0882576704025269,1.0882576704025269,0
2024-10-16 06:20:00+00:00,1.0882576704025269,1.0882576704025269,1.0884946584701538,1.0882576704025269,1.0884946584701538,0
2024-10-16 06:25:00+00:00,1.0883761644363403,1.0883761644363403,1.0883761644363403,1.0882576704025269,1.0882576704025269,0
2024-10-16 06:30:00+00:00,1.088020920753479,1.088020920753479,1.0882576704025269,1.088020920753479,1.0882576704025269,0
2024-10-16 06:35:00+00:00,1.088020920753479,1.088020920753479,1.0882576704025269,1.088020920753479,1.088139295578003,0
2024-10-16 06:40:00+00:00,1.088020920753479,1.088020920753479,1.088020920753479,1.087902545928955,1.088020920753479,0
2024-10-16 06:45:00+00:00,1.0883761644363403,1.0883761644363403,1.0883761644363403,1.088139295578003,1.088139295578003,0
2024-10-16 06:50:00+00:00,1.0882576704025269,1.0882576704025269,1.0883761644363403,1.0882576704025269,1.0883761644363403,0
2024-10-16 06:55:00+00:00,1.088020920753479,1.088020920753479,1.0882576704025269,1.088020920753479,1.0882576704025269,0
2024-10-16 07:00:00+00:00,1.087902545928955,1.087902545928955,1.087902545928955,1.087902545928955,1.087902545928955,0
2024-10-16 07:05:00+00:00,1.0884946584701538,1.0884946584701538,1.0884946584701538,1.088020920753479,1.088020920753479,0
2024-10-16 07:10:00+00:00,1.0883761644363403,1.0883761644363403,1.0884946584701538,1.0883761644363403,1.0884946584701538,0
2024-10-16 07:15:00+00:00,1.0884946584701538,1.0884946584701538,1.0884946584701538,1.0882576704025269,1.0883761644363403,0
2024-10-16 07:20:00+00:00,1.0883761644363403,1.0883761644363403,1.0886130332946777,1.0883761644363403,1.0886130332946777,0
2024-10-16 07:25:00+00:00,1.0884946584701538,1.0884946584701538,1.0887316465377808,1.0884946584701538,1.0884946584701538,0
2024-10-16 07:30:00+00:00,1.0884946584701538,1.0884946584701538,1.0886130332946777,1.0884946584701538,1.0886130332946777,0
2024-10-16 07:35:00+00:00,1.0884946584701538,1.0884946584701538,1.0887316465377808,1.0884946584701538,1.0884946584701538,0
2024-10-16 07:40:00+00:00,1.088139295578003,1.088139295578003,1.0883761644363403,1.088139295578003,1.0883761644363403,0
2024-10-16 07:45:00+00:00,1.0886130332946777,1.0886130332946777,1.0886130332946777,1.0883761644363403,1.0883761644363403,0
2024-10-16 07:50:00+00:00,1.0887316465377808,1.0887316465377808,1.0887316465377808,1.0884946584701538,1.0884946584701538,0
2024-10-16 07:55:00+00:00,1.0884946584701538,1.0884946584701538,1.0887316465377808,1.0884946584701538,1.0887316465377808,0
2024-10-16 08:00:00+00:00,1.0884946584701538,1.0884946584701538,1.0884946584701538,1.0883761644363403,1.0884946584701538,0
2024-10-16 08:05:00+00:00,1.0886130332946777,1.0886130332946777,1.0886130332946777,1.0883761644363403,1.0884946584701538,0
2024-10-16 08:10:00+00:00,1.0884946584701538,1.0884946584701538,1.0886130332946777,1.0884946584701538,1.0884946584701538,0
2024-10-16 08:15:00+00:00,1.0882576704025269,1.0882576704025269,1.0882576704025269,1.088139295578003,1.088139295578003,0
2024-10-16 08:20:00+00:00,1.0883761644363403,1.0883761644363403,1.0883761644363403,1.088139295578003,1.0882576704025269,0
2024-10-16 08:25:00+00:00,1.0883761644363403,1.0883761644363403,1.0886130332946777,1.0883761644363403,1.0883761644363403,0
2024-10-16 08:30:00+00:00,1.0882576704025269,1.0882576704025269,1.0883761644363403,1.0882576704025269,1.0883761644363403,0
2024-10-16 08:35:00+00:00,1.0882576704025269,1.0882576704025269,1.0882576704025269,1.088139295578003,1.0882576704025269,0
2024-10-16 08:40:00+00:00,1.0883761644363403,1.0883761644363403,1.0883761644363403,1.0882576704025269,1.0882576704025269,0
2024-10-16 08:45:00+00:00,1.0882576704025269,1.0882576704025269,1.0883761644363403,1.0882576704025269,1.0883761644363403,0
2024-10-16 08:50:00+00:00,1.0884946584701538,1.0884946584701538,1.0884946584701538,1.0883761644363403,1.0883761644363403,0
2024-10-16 08:55:00+00:00,1.0886130332946777,1.0886130332946777,1.0886130332946777,1.0883761644363403,1.0883761644363403,0
2024-10-16 09:00:00+00:00,1.0888501405715942,1.0888501405715942,1.0888501405715942,1.0886130332946777,1.0887316465377808,0
2024-10-16 09:05:00+00:00,1.0890873670578003,1.0890873670578003,1.0892059803009033,1.0887316465377808,1.0887316465377808,0
2024-10-16 09:10:00+00:00,1.0894432067871094,1.0894432067871094,1.089561939239502,1.0889687538146973,1.0889687538146973,0
2024-10-16 09:15:00+00:00,1.089680790901184,1.089680790901184,1.0897995233535767,1.0894432067871094,1.0894432067871094,0
2024-10-16 09:20:00+00:00,1.089680790901184,1.089680790901184,1.089680790901184,1.089561939239502,1.089680790901184,0
2024-10-16 09:25:00+00:00,1.0899182558059692,1.0899182558059692,1.0900371074676514,1.0894432067871094,1.0894432067871094,0
2024-10-16 09:30:00+00:00,1.0897995233535767,1.0897995233535767,1.0899182558059692,1.0897995233535767,1.0899182558059692,0
2024-10-16 09:35:00+00:00,1.0897995233535767,1.0897995233535767,1.0899182558059692,1.0897995233535767,1.0899182558059692,0
2024-10-16 09:40:00+00:00,1.089561939239502,1.089561939239502,1.0897995233535767,1.089561939239502,1.0897995233535767,0
2024-10-16 09:45:00+00:00,1.089680790901184,1.089680790901184,1.089680790901184,1.089680790901184,1.089680790901184,0
2024-10-16 09:50:00+00:00,1.0899182558059692,1.0899182558059692,1.0899182558059692,1.089680790901184,1.089680790901184,0
2024-10-16 09:55:00+00:00,1.0897995233535767,1.0897995233535767,1.0897995233535767,1.089680790901184,1.0897995233535767,0
2024-10-16 10:00:00+00:00,1.0897995233535767,1.0897995233535767,1.0897995233535767,1.089680790901184,1.089680790901184,0
2024-10-16 10:05:00+00:00,1.089561939239502,1.089561939239502,1.0897995233535767,1.089561939239502,1.0897995233535767,0
2024-10-16 10:10:00+00:00,1.089561939239502,1.089561939239502,1.089561939239502,1.089561939239502,1.089561939239502,0
2024-10-16 10:15:00+00:00,1.0894432067871094,1.0894432067871094,1.089561939239502,1.0894432067871094,1.089561939239502,0
2024-10-16 10:20:00+00:00,1.0897995233535767,1.0897995233535767,1.0897995233535767,1.089561939239502,1.089561939239502,0
2024-10-16 10:25:00+00:00,1.089680790901184,1.089680790901184,1.0897995233535767,1.089561939239502,1.0897995233535767,0
2024-10-16 10:30:00+00:00,1.089680790901184,1.089680790901184,1.0897995233535767,1.089680790901184,1.089680790901184,0
2024-10-16 10:35:00+00:00,1.089561939239502,1.089561939239502,1.0897995233535767,1.089561939239502,1.0897995233535767,0
2024-10-16 10:40:00+00:00,1.0897995233535767,1.0897995233535767,1.0897995233535767,1.089561939239502,1.089680790901184,0
2024-10-16 10:45:00+00:00,1.0894432067871094,1.0894432067871094,1.089680790901184,1.0894432067871094,1.089561939239502,0
2024-10-16 10:50:00+00:00,1.0893245935440063,1.0893245935440063,1.0894432067871094,1.0892059803009033,1.0893245935440063,0
2024-10-16 10:55:00+00:00,1.0893245935440063,1.0893245935440063,1.0894432067871094,1.0893245935440063,1.0894432067871094,0
2024-10-16 11:00:00+00:00,1.0890873670578003,1.0890873670578003,1.0893245935440063,1.0890873670578003,1.0893245935440063,0
2024-10-16 11:05:00+00:00,1.0893245935440063,1.0893245935440063,1.0893245935440063,1.0889687538146973,1.0889687538146973,0
2024-10-16 11:10:00+00:00,1.089561939239502,1.089561939239502,1.089561939239502,1.0894432067871094,1.089561939239502,0
2024-10-16 11:15:00+00:00,1.0894432067871094,1.0894432067871094,1.0894432067871094,1.0894432067871094,1.0894432067871094,0
2024-10-16 11:20:00+00:00,1.0893245935440063,1.0893245935440063,1.089561939239502,1.0893245935440063,1.089561939239502,0
2024-10-16 11:25:00+00:00,1.0893245935440063,1.0893245935440063,1.0894432067871094,1.0893245935440063,1.0894432067871094,0
2024-10-16 11:30:00+00:00,1.089561939239502,1.089561939239502,1.089561939239502,1.089561939239502,1.089561939239502,0
2024-10-16 11:35:00+00:00,1.089680790901184,1.089680790901184,1.089680790901184,1.089561939239502,1.089680790901184,0
2024-10-16 11:40:00+00:00,1.0894432067871094,1.0894432067871094,1.089561939239502,1.0894432067871094,1.089561939239502,0
2024-10-16 11:45:00+00:00,1.089680790901184,1.089680790901184,1.089680790901184,1.089561939239502,1.089561939239502,0
2024-10-16 11:50:00+00:00,1.089680790901184,1.089680790901184,1.089680790901184,1.089561939239502,1.089561939239502,0
2024-10-16 11:55:00+00:00,1.0897995233535767,1.0897995233535767,1.0897995233535767,1.089680790901184,1.0897995233535767,0
2024-10-16 12:00:00+00:00,1.0899182558059692,1.0899182558059692,1.0899182558059692,1.089680790901184,1.089680790901184,0
2024-10-16 12:05:00+00:00,1.0899182558059692,1.0899182558059692,1.0900371074676514,1.0899182558059692,1.0900371074676514,0
2024-10-16 12:10:00+00:00,1.0901559591293335,1.0901559591293335,1.0901559591293335,1.0899182558059692,1.0899182558059692,0
2024-10-16 12:15:00+00:00,1.0900371074676514,1.0900371074676514,1.0901559591293335,1.0900371074676514,1.0900371074676514,0
2024-10-16 12:20:00+00:00,1.0900371074676514,1.0900371074676514,1.0901559591293335,1.0899182558059692,1.0899182558059692,0
2024-10-16 12:25:00+00:00,1.0901559591293335,1.0901559591293335,1.090274691581726,1.0900371074676514,1.0900371074676514,0
2024-10-16 12:30:00+00:00,1.0900371074676514,1.0900371074676514,1.090274691581726,1.0900371074676514,1.090274691581726,0
2024-10-16 12:35:00+00:00,1.089561939239502,1.089561939239502,1.0900371074676514,1.089561939239502,1.0900371074676514,0
2024-10-16 12:40:00+00:00,1.0892059803009033,1.0892059803009033,1.089561939239502,1.0892059803009033,1.089561939239502,0
2024-10-16 12:45:00+00:00,1.0890873670578003,1.0890873670578003,1.0894432067871094,1.0890873670578003,1.0894432067871094,0
2024-10-16 12:50:00+00:00,1.0889687538146973,1.0889687538146973,1.0890873670578003,1.0889687538146973,1.0890873670578003,0
2024-10-16 12:55:00+00:00,1.0890873670578003,1.0890873670578003,1.0892059803009033,1.0890873670578003,1.0890873670578003,0
2024-10-16 13:00:00+00:00,1.0890873670578003,1.0890873670578003,1.0892059803009033,1.0889687538146973,1.0892059803009033,0
2024-10-16 13:05:00+00:00,1.0889687538146973,1.0889687538146973,1.0890873670578003,1.0889687538146973,1.0890873670578003,0
2024-10-16 13:10:00+00:00,1.0890873670578003,1.0890873670578003,1.0890873670578003,1.0888501405715942,1.0888501405715942,0
2024-10-16 13:15:00+00:00,1.089561939239502,1.089561939239502,1.089680790901184,1.0893245935440063,1.0893245935440063,0
2024-10-16 13:20:00+00:00,1.0897995233535767,1.0897995233535767,1.0897995233535767,1.089561939239502,1.089561939239502,0
2024-10-16 13:25:00+00:00,1.089561939239502,1.089561939239502,1.0900371074676514,1.089561939239502,1.0900371074676514,0
2024-10-16 13:30:00+00:00,1.089561939239502,1.089561939239502,1.089561939239502,1.0894432067871094,1.0894432067871094,0
2024-10-16 13:35:00+00:00,1.089561939239502,1.089561939239502,1.089561939239502,1.0894432067871094,1.089561939239502,0
2024-10-16 13:40:00+00:00,1.089561939239502,1.089561939239502,1.089680790901184,1.0893245935440063,1.0893245935440063,0
2024-10-16 13:45:00+00:00,1.0893245935440063,1.0893245935440063,1.089561939239502,1.0893245935440063,1.0894432067871094,0
2024-10-16 13:50:00+00:00,1.0890873670578003,1.0890873670578003,1.0893245935440063,1.0889687538146973,1.0893245935440063,0
2024-10-16 13:55:00+00:00,1.0892059803009033,1.0892059803009033,1.0893245935440063,1.0890873670578003,1.0890873670578003,0
2024-10-16 14:00:00+00:00,1.0889687538146973,1.0889687538146973,1.0893245935440063,1.0889687538146973,1.0893245935440063,0
2024-10-16 14:05:00+00:00,1.0884946584701538,1.0884946584701538,1.0888501405715942,1.0884946584701538,1.0888501405715942,0
2024-10-16 14:10:00+00:00,1.0887316465377808,1.0887316465377808,1.0887316465377808,1.0886130332946777,1.0886130332946777,0
2024-10-16 14:15:00+00:00,1.0884946584701538,1.0884946584701538,1.0887316465377808,1.0884946584701538,1.0887316465377808,0
2024-10-16 14:20:00+00:00,1.088139295578003,1.088139295578003,1.0883761644363403,1.088139295578003,1.0883761644363403,0
2024-10-16 14:25:00+00:00,1.087902545928955,1.087902545928955,1.088139295578003,1.0877841711044312,1.088139295578003,0
2024-10-16 14:30:00+00:00,1.0876659154891968,1.0876659154891968,1.087902545928955,1.0876659154891968,1.087902545928955,0
2024-10-16 14:35:00+00:00,1.0875475406646729,1.0875475406646729,1.0875475406646729,1.0875475406646729,1.0875475406646729,0
2024-10-16 14:40:00+00:00,1.087902545928955,1.087902545928955,1.087902545928955,1.0875475406646729,1.0875475406646729,0
2024-10-16 14:45:00+00:00,1.088139295578003,1.088139295578003,1.088139295578003,1.087902545928955,1.088020920753479,0
2024-10-16 14:50:00+00:00,1.088139295578003,1.088139295578003,1.0883761644363403,1.088139295578003,1.0882576704025269,0
2024-10-16 14:55:00+00:00,1.0882576704025269,1.0882576704025269,1.0882576704025269,1.0882576704025269,1.0882576704025269,0
2024-10-16 15:00:00+00:00,1.088139295578003,1.088139295578003,1.088139295578003,1.088139295578003,1.088139295578003,0
2024-10-16 15:05:00+00:00,1.087902545928955,1.087902545928955,1.088139295578003,1.087902545928955,1.088139295578003,0
2024-10-16 15:10:00+00:00,1.088139295578003,1.088139295578003,1.088139295578003,1.0877841711044312,1.0877841711044312,0
2024-10-16 15:15:00+00:00,1.088020920753479,1.088020920753479,1.0882576704025269,1.088020920753479,1.0882576704025269,0
2024-10-16 15:20:00+00:00,1.0877841711044312,1.0877841711044312,1.088020920753479,1.0876659154891968,1.088020920753479,0
2024-10-16 15:25:00+00:00,1.0877841711044312,1.0877841711044312,1.087902545928955,1.0877841711044312,1.087902545928955,0
2024-10-16 15:30:00+00:00,1.0875475406646729,1.0875475406646729,1.0876659154891968,1.0875475406646729,1.0876659154891968,0
2024-10-16 15:35:00+00:00,1.0877841711044312,1.0877841711044312,1.0877841711044312,1.0876659154891968,1.0876659154891968,0
2024-10-16 15:40:00+00:00,1.0874292850494385,1.0874292850494385,1.0877841711044312,1.0874292850494385,1.0876659154891968,0
2024-10-16 15:45:00+00:00,1.0871928930282593,1.0871928930282593,1.087311029434204,1.08695650100708,1.087311029434204,0
2024-10-16 15:50:00+00:00,1.0876659154891968,1.0876659154891968,1.0876659154891968,1.087311029434204,1.087311029434204,0
2024-10-16 15:55:00+00:00,1.0875475406646729,1.0875475406646729,1.0876659154891968,1.0875475406646729,1.0876659154891968,0
2024-10-16 16:00:00+00:00,1.0875475406646729,1.0875475406646729,1.0875475406646729,1.0875475406646729,1.0875475406646729,0
2024-10-16 16:05:00+00:00,1.0874292850494385,1.0874292850494385,1.0876659154891968,1.0874292850494385,1.0876659154891968,0
2024-10-16 16:10:00+00:00,1.0876659154891968,1.0876659154891968,1.0876659154891968,1.0875475406646729,1.0875475406646729,0
2024-10-16 16:15:00+00:00,1.0877841711044312,1.0877841711044312,1.0877841711044312,1.0876659154891968,1.0876659154891968,0
2024-10-16 16:20:00+00:00,1.088020920753479,1.088020920753479,1.088020920753479,1.087902545928955,1.087902545928955,0
2024-10-16 16:25:00+00:00,1.0876659154891968,1.0876659154891968,1.088020920753479,1.0876659154891968,1.088020920753479,0
2024-10-16 16:30:00+00:00,1.0874292850494385,1.0874292850494385,1.0875475406646729,1.0874292850494385,1.0875475406646729,0
2024-10-16 16:35:00+00:00,1.0871928930282593,1.0871928930282593,1.0874292850494385,1.0871928930282593,1.0874292850494385,0
2024-10-16 16:40:00+00:00,1.0871928930282593,1.0871928930282593,1.0871928930282593,1.087074637413025,1.0871928930282593,0
2024-10-16 16:45:00+00:00,1.087074637413025,1.087074637413025,1.087074637413025,1.087074637413025,1.087074637413025,0
2024-10-16 16:50:00+00:00,1.087074637413025,1.087074637413025,1.087074637413025,1.08695650100708,1.08695650100708,0
2024-10-16 16:55:00+00:00,1.0871928930282593,1.0871928930282593,1.0871928930282593,1.0871928930282593,1.0871928930282593,0
2024-10-16 17:00:00+00:00,1.087074637413025,1.087074637413025,1.087074637413025,1.087074637413025,1.087074637413025,0
2024-10-16 17:05:00+00:00,1.08695650100708,1.08695650100708,1.087074637413025,1.08695650100708,1.087074637413025,0
2024-10-16 17:10:00+00:00,1.0868383646011353,1.0868383646011353,1.08695650100708,1.0868383646011353,1.08695650100708,0
2024-10-16 17:15:00+00:00,1.0868383646011353,1.0868383646011353,1.0868383646011353,1.08672034740448,1.08672034740448,0
2024-10-16 17:20:00+00:00,1.0868383646011353,1.0868383646011353,1.0868383646011353,1.0868383646011353,1.0868383646011353,0
2024-10-16 17:25:00+00:00,1.08672034740448,1.08672034740448,1.0868383646011353,1.08672034740448,1.0868383646011353,0
2024-10-16 17:30:00+00:00,1.0866022109985352,1.0866022109985352,1.0866022109985352,1.0866022109985352,1.0866022109985352,0
2024-10-16 17:35:00+00:00,1.0864840745925903,1.0864840745925903,1.0864840745925903,1.0864840745925903,1.0864840745925903,0
2024-10-16 17:40:00+00:00,1.0866022109985352,1.0866022109985352,1.0866022109985352,1.0866022109985352,1.0866022109985352,0
2024-10-16 17:45:00+00:00,1.0864840745925903,1.0864840745925903,1.0866022109985352,1.0864840745925903,1.0866022109985352,0
2024-10-16 17:50:00+00:00,1.0864840745925903,1.0864840745925903,1.0866022109985352,1.0864840745925903,1.0866022109985352,0
2024-10-16 17:55:00+00:00,1.0866022109985352,1.0866022109985352,1.0866022109985352,1.0864840745925903,1.0864840745925903,0
2024-10-16 18:00:00+00:00,1.0864840745925903,1.0864840745925903,1.0866022109985352,1.0864840745925903,1.0864840745925903,0
2024-10-16 18:05:00+00:00,1.0864840745925903,1.0864840745925903,1.0864840745925903,1.0863661766052246,1.0864840745925903,0
2024-10-16 18:10:00+00:00,1.0862481594085693,1.0862481594085693,1.0866022109985352,1.0862481594085693,1.0864840745925903,0
2024-10-16 18:15:00+00:00,1.0863661766052246,1.0863661766052246,1.0863661766052246,1.0862481594085693,1.0862481594085693,0
2024-10-16 18:20:00+00:00,1.0862481594085693,1.0862481594085693,1.0863661766052246,1.0862481594085693,1.0863661766052246,0
2024-10-16 18:25:00+00:00,1.086130142211914,1.086130142211914,1.086130142211914,1.086130142211914,1.086130142211914,0
2024-10-16 18:30:00+00:00,1.086130142211914,1.086130142211914,1.086130142211914,1.086130142211914,1.086130142211914,0
2024-10-16 18:35:00+00:00,1.085894227027893,1.085894227027893,1.086130142211914,1.085894227027893,1.086130142211914,0
2024-10-16 18:40:00+00:00,1.0860122442245483,1.0860122442245483,1.0860122442245483,1.0860122442245483,1.0860122442245483,0
2024-10-16 18:45:00+00:00,1.0860122442245483,1.0860122442245483,1.0860122442245483,1.0860122442245483,1.0860122442245483,0
2024-10-16 18:50:00+00:00,1.0860122442245483,1.0860122442245483,1.086130142211914,1.0860122442245483,1.0860122442245483,0
2024-10-16 18:55:00+00:00,1.085894227027893,1.085894227027893,1.085894227027893,1.085894227027893,1.085894227027893,0
2024-10-16 19:00:00+00:00,1.0857763290405273,1.0857763290405273,1.085894227027893,1.0857763290405273,1.085894227027893,0
2024-10-16 19:05:00+00:00,1.0857763290405273,1.0857763290405273,1.0857763290405273,1.0857763290405273,1.0857763290405273,0
2024-10-16 19:10:00+00:00,1.085894227027893,1.085894227027893,1.085894227027893,1.0857763290405273,1.0857763290405273,0
2024-10-16 19:15:00+00:00,1.0857763290405273,1.0857763290405273,1.085894227027893,1.0857763290405273,1.085894227027893,0
2024-10-16 19:20:00+00:00,1.0857763290405273,1.0857763290405273,1.0857763290405273,1.0856584310531616,1.0857763290405273,0
2024-10-16 19:25:00+00:00,1.0857763290405273,1.0857763290405273,1.0857763290405273,1.0856584310531616,1.0857763290405273,0
2024-10-16 19:30:00+00:00,1.0860122442245483,1.0860122442245483,1.0860122442245483,1.085894227027893,1.085894227027893,0
2024-10-16 19:35:00+00:00,1.0862481594085693,1.0862481594085693,1.0862481594085693,1.086130142211914,1.086130142211914,0
2024-10-16 19:40:00+00:00,1.086130142211914,1.086130142211914,1.0862481594085693,1.086130142211914,1.0862481594085693,0
2024-10-16 19:45:00+00:00,1.0860122442245483,1.0860122442245483,1.086130142211914,1.0860122442245483,1.086130142211914,0
2024-10-16 19:50:00+00:00,1.085894227027893,1.085894227027893,1.086130142211914,1.085894227027893,1.0860122442245483,0
2024-10-16 19:55:00+00:00,1.086130142211914,1.086130142211914,1.086130142211914,1.0860122442245483,1.0860122442245483,0
2024-10-16 20:00:00+00:00,1.086130142211914,1.086130142211914,1.086130142211914,1.0860122442245483,1.0860122442245483,0
2024-10-16 20:05:00+00:00,1.086130142211914,1.086130142211914,1.086130142211914,1.086130142211914,1.086130142211914,0
2024-10-16 20:10:00+00:00,1.086130142211914,1.086130142211914,1.086130142211914,1.086130142211914,1.086130142211914,0
2024-10-16 20:15:00+00:00,1.0862481594085693,1.0862481594085693,1.0862481594085693,1.086130142211914,1.086130142211914,0
2024-10-16 20:20:00+00:00,1.0862481594085693,1.0862481594085693,1.0862481594085693,1.086130142211914,1.0862481594085693,0
2024-10-16 20:25:00+00:00,1.0862481594085693,1.0862481594085693,1.0862481594085693,1.086130142211914,1.0862481594085693,0
2024-10-16 20:30:00+00:00,1.0862481594085693,1.0862481594085693,1.0862481594085693,1.086130142211914,1.0862481594085693,0
2024-10-16 20:35:00+00:00,1.0863661766052246,1.0863661766052246,1.0863661766052246,1.086130142211914,1.086130142211914,0
2024-10-16 20:40:00+00:00,1.0864840745925903,1.0864840745925903,1.0864840745925903,1.0863661766052246,1.0864840745925903,0
2024-10-16 20:45:00+00:00,1.0864840745925903,1.0864840745925903,1.0864840745925903,1.0863661766052246,1.0863661766052246,0
2024-10-16 20:50:00+00:00,1.0866022109985352,1.0866022109985352,1.0866022109985352,1.0864840745925903,1.0864840745925903,0
2024-10-16 20:55:00+00:00,1.0866022109985352,1.0866022109985352,1.0866022109985352,1.0864840745925903,1.0864840745925903,0
2024-10-16 21:00:00+00:00,1.0863661766052246,1.0863661766052246,1.0864840745925903,1.086130142211914,1.0863661766052246,0
2024-10-16 21:05:00+00:00,1.0874292850494385,1.0874292850494385,1.0874292850494385,1.0866022109985352,1.0866022109985352,0
2024-10-16 21:10:00+00:00,1.0868383646011353,1.0868383646011353,1.0871928930282593,1.0868383646011353,1.0871928930282593,0
2024-10-16 21:15:00+00:00,1.0866022109985352,1.0866022109985352,1.08695650100708,1.0866022109985352,1.08695650100708,0
2024-10-16 21:20:00+00:00,1.0864840745925903,1.0864840745925903,1.0868383646011353,1.0864840745925903,1.08672034740448,0
2024-10-16 21:25:00+00:00,1.0868383646011353,1.0868383646011353,1.0868383646011353,1.0866022109985352,1.0868383646011353,0
2024-10-16 21:30:00+00:00,1.08672034740448,1.08672034740448,1.08672034740448,1.0866022109985352,1.0866022109985352,0
2024-10-16 21:35:00+00:00,1.08672034740448,1.08672034740448,1.0868383646011353,1.0866022109985352,1.08672034740448,0
2024-10-16 21:40:00+00:00,1.08672034740448,1.08672034740448,1.0871928930282593,1.08672034740448,1.0871928930282593,0
2024-10-16 21:45:00+00:00,1.08672034740448,1.08672034740448,1.0868383646011353,1.08672034740448,1.0868383646011353,0
2024-10-16 21:50:00+00:00,1.0868383646011353,1.0868383646011353,1.0868383646011353,1.08672034740448,1.08672034740448,0
2024-10-16 21:55:00+00:00,1.08672034740448,1.08672034740448,1.08695650100708,1.08672034740448,1.0868383646011353,0
2024-10-16 22:00:00+00:00,1.0864840745925903,1.0864840745925903,1.08672034740448,1.0864840745925903,1.08672034740448,0
2024-10-16 22:05:00+00:00,1.0864840745925903,1.0864840745925903,1.0866022109985352,1.0864840745925903,1.0864840745925903,0
2024-10-16 22:10:00+00:00,1.0864840745925903,1.0864840745925903,1.0864840745925903,1.0864840745925903,1.0864840745925903,0
2024-10-16 22:15:00+00:00,1.0863661766052246,1.0863661766052246,1.0863661766052246,1.0863661766052246,1.0863661766052246,0
2024-10-16 22:20:00+00:00,1.0863661766052246,1.0863661766052246,1.0864840745925903,1.0863661766052246,1.0864840745925903,0
2024-10-16 22:25:00+00:00,1.0863661766052246,1.0863661766052246,1.0863661766052246,1.0863661766052246,1.0863661766052246,0
2024-10-16 22:30:00+00:00,1.0863661766052246,1.0863661766052246,1.0863661766052246,1.0863661766052246,1.0863661766052246,0
2024-10-16 22:35:00+00:00,1.0863661766052246,1.0863661766052246,1.0863661766052246,1.0863661766052246,1.0863661766052246,0
2024-10-16 22:40:00+00:00,1.0863661766052246,1.0863661766052246,1.0863661766052246,1.0863661766052246,1.0863661766052246,0
2024-10-16 22:45:00+00:00,1.086130142211914,1.086130142211914,1.0863661766052246,1.086130142211914,1.0863661766052246,0
2024-10-16 22:50:00+00:00,1.086130142211914,1.086130142211914,1.086130142211914,1.086130142211914,1.086130142211914,0
2024-10-16 22:55:00+00:00,1.086130142211914,1.086130142211914,1.0862481594085693,1.086130142211914,1.086130142211914,0
2024-10-16 23:00:00+00:00,1.0860122442245483,1.0860122442245483,1.086130142211914,1.085894227027893,1.086130142211914,0
2024-10-16 23:05:00+00:00,1.0860122442245483,1.0860122442245483,1.0860122442245483,1.0860122442245483,1.0860122442245483,0
2024-10-16 23:10:00+00:00,1.086130142211914,1.086130142211914,1.086130142211914,1.0860122442245483,1.0860122442245483,0
2024-10-16 23:15:00+00:00,1.086130142211914,1.086130142211914,1.086130142211914,1.086130142211914,1.086130142211914,0
2024-10-16 23:20:00+00:00,1.086130142211914,1.086130142211914,1.086130142211914,1.086130142211914,1.086130142211914,0
2024-10-16 23:25:00+00:00,1.086130142211914,1.086130142211914,1.086130142211914,1.086130142211914,1.086130142211914,0
2024-10-16 23:30:00+00:00,1.086130142211914,1.086130142211914,1.0862481594085693,1.086130142211914,1.086130142211914,0
2024-10-16 23:35:00+00:00,1.086130142211914,1.086130142211914,1.086130142211914,1.086130142211914,1.086130142211914,0
2024-10-16 23:40:00+00:00,1.086130142211914,1.086130142211914,1.0862481594085693,1.086130142211914,1.086130142211914,0
2024-10-16 23:45:00+00:00,1.086130142211914,1.086130142211914,1.0862481594085693,1.0860122442245483,1.0862481594085693,0
2024-10-16 23:50:00+00:00,1.0862481594085693,1.0862481594085693,1.0862481594085693,1.086130142211914,1.086130142211914,0
2024-10-16 23:55:00+00:00,1.086130142211914,1.086130142211914,1.0862481594085693,1.086130142211914,1.0862481594085693,0
2024-10-17 00:00:00+00:00,1.0862481594085693,1.0862481594085693,1.0862481594085693,1.086130142211914,1.086130142211914,0
2024-10-17 00:05:00+00:00,1.0863661766052246,1.0863661766052246,1.0863661766052246,1.0862481594085693,1.0862481594085693,0
2024-10-17 00:10:00+00:00,1.0862481594085693,1.0862481594085693,1.0863661766052246,1.0862481594085693,1.0863661766052246,0
2024-10-17 00:15:00+00:00,1.0862481594085693,1.0862481594085693,1.0862481594085693,1.0862481594085693,1.0862481594085693,0
2024-10-17 00:20:00+00:00,1.0864840745925903,1.0864840745925903,1.0864840745925903,1.0864840745925903,1.0864840745925903,0
2024-10-17 00:25:00+00:00,1.0864840745925903,1.0864840745925903,1.0864840745925903,1.0864840745925903,1.0864840745925903,0
2024-10-17 00:30:00+00:00,1.0866022109985352,1.0866022109985352,1.0866022109985352,1.0864840745925903,1.0866022109985352,0
2024-10-17 00:35:00+00:00,1.0864840745925903,1.0864840745925903,1.0864840745925903,1.0863661766052246,1.0864840745925903,0
2024-10-17 00:40:00+00:00,1.0863661766052246,1.0863661766052246,1.0864840745925903,1.0863661766052246,1.0864840745925903,0
2024-10-17 00:45:00+00:00,1.0863661766052246,1.0863661766052246,1.0863661766052246,1.0863661766052246,1.0863661766052246,0
2024-10-17 00:50:00+00:00,1.0864840745925903,1.0864840745925903,1.0866022109985352,1.0863661766052246,1.0863661766052246,0
2024-10-17 00:55:00+00:00,1.0866022109985352,1.0866022109985352,1.0868383646011353,1.0866022109985352,1.0866022109985352,0
2024-10-17 01:00:00+00:00,1.0864840745925903,1.0864840745925903,1.0866022109985352,1.0864840745925903,1.0866022109985352,0
2024-10-17 01:05:00+00:00,1.0866022109985352,1.0866022109985352,1.0866022109985352,1.0864840745925903,1.0864840745925903,0
2024-10-17 01:10:00+00:00,1.0864840745925903,1.0864840745925903,1.0866022109985352,1.0864840745925903,1.0866022109985352,0
2024-10-17 01:15:00+00:00,1.0863661766052246,1.0863661766052246,1.0866022109985352,1.0863661766052246,1.0866022109985352,0
2024-10-17 01:20:00+00:00,1.0862481594085693,1.0862481594085693,1.0864840745925903,1.0862481594085693,1.0864840745925903,0
2024-10-17 01:25:00+00:00,1.0863661766052246,1.0863661766052246,1.0863661766052246,1.0862481594085693,1.0862481594085693,0
2024-10-17 01:30:00+00:00,1.0863661766052246,1.0863661766052246,1.0863661766052246,1.0862481594085693,1.0863661766052246,0
2024-10-17 01:35:00+00:00,1.0864840745925903,1.0864840745925903,1.0864840745925903,1.0863661766052246,1.0863661766052246,0
2024-10-17 01:40:00+00:00,1.0866022109985352,1.0866022109985352,1.0866022109985352,1.0866022109985352,1.0866022109985352,0
2024-10-17 01:45:00+00:00,1.0864840745925903,1.0864840745925903,1.0866022109985352,1.0864840745925903,1.0866022109985352,0
2024-10-17 01:50:00+00:00,1.0866022109985352,1.0866022109985352,1.0866022109985352,1.0864840745925903,1.0866022109985352,0
2024-10-17 01:55:00+00:00,1.0864840745925903,1.0864840745925903,1.0864840745925903,1.0864840745925903,1.0864840745925903,0
2024-10-17 02:00:00+00:00,1.0868383646011353,1.0868383646011353,1.0868383646011353,1.0866022109985352,1.0866022109985352,0
2024-10-17 02:05:00+00:00,1.0868383646011353,1.0868383646011353,1.0868383646011353,1.0866022109985352,1.0868383646011353,0
2024-10-17 02:10:00+00:00,1.0866022109985352,1.0866022109985352,1.08672034740448,1.0864840745925903,1.08672034740448,0
2024-10-17 02:15:00+00:00,1.0863661766052246,1.0863661766052246,1.0864840745925903,1.0863661766052246,1.0864840745925903,0
2024-10-17 02:20:00+00:00,1.0864840745925903,1.0864840745925903,1.0864840745925903,1.0863661766052246,1.0863661766052246,0
2024-10-17 02:25:00+00:00,1.0863661766052246,1.0863661766052246,1.0863661766052246,1.0862481594085693,1.0863661766052246,0
2024-10-17 02:30:00+00:00,1.0863661766052246,1.0863661766052246,1.0863661766052246,1.0862481594085693,1.0863661766052246,0
2024-10-17 02:35:00+00:00,1.0863661766052246,1.0863661766052246,1.0863661766052246,1.0862481594085693,1.0862481594085693,0
2024-10-17 02:40:00+00:00,1.0863661766052246,1.0863661766052246,1.0863661766052246,1.0862481594085693,1.0863661766052246,0
2024-10-17 02:45:00+00:00,1.0863661766052246,1.0863661766052246,1.0864840745925903,1.0863661766052246,1.0863661766052246,0
2024-10-17 02:50:00+00:00,1.0863661766052246,1.0863661766052246,1.0864840745925903,1.0863661766052246,1.0863661766052246,0
2024-10-17 02:55:00+00:00,1.0864840745925903,1.0864840745925903,1.0864840745925903,1.0863661766052246,1.0863661766052246,0
2024-10-17 03:00:00+00:00,1.0863661766052246,1.0863661766052246,1.0864840745925903,1.0863661766052246,1.0864840745925903,0
2024-10-17 03:05:00+00:00,1.0862481594085693,1.0862481594085693,1.0862481594085693,1.086130142211914,1.0862481594085693,0
2024-10-17 03:10:00+00:00,1.086130142211914,1.086130142211914,1.0863661766052246,1.086130142211914,1.0862481594085693,0
2024-10-17 03:15:00+00:00,1.0860122442245483,1.0860122442245483,1.086130142211914,1.0860122442245483,1.086130142211914,0
2024-10-17 03:20:00+00:00,1.0856584310531616,1.0856584310531616,1.0860122442245483,1.0856584310531616,1.0860122442245483,0
2024-10-17 03:25:00+00:00,1.0856584310531616,1.0856584310531616,1.0857763290405273,1.0856584310531616,1.0856584310531616,0
2024-10-17 03:30:00+00:00,1.0855406522750854,1.0855406522750854,1.0856584310531616,1.0855406522750854,1.0856584310531616,0
2024-10-17 03:35:00+00:00,1.0855406522750854,1.0855406522750854,1.0855406522750854,1.0854227542877197,1.0854227542877197,0
2024-10-17 03:40:00+00:00,1.0854227542877197,1.0854227542877197,1.0854227542877197,1.0854227542877197,1.0854227542877197,0
2024-10-17 03:45:00+00:00,1.0854227542877197,1.0854227542877197,1.0855406522750854,1.0854227542877197,1.0855406522750854,0
2024-10-17 03:50:00+00:00,1.0854227542877197,1.0854227542877197,1.0855406522750854,1.0854227542877197,1.0854227542877197,0
2024-10-17 03:55:00+00:00,1.0856584310531616,1.0856584310531616,1.0856584310531616,1.0854227542877197,1.0854227542877197,0
2024-10-17 04:00:00+00:00,1.0856584310531616,1.0856584310531616,1.0856584310531616,1.0856584310531616,1.0856584310531616,0
2024-10-17 04:05:00+00:00,1.0856584310531616,1.0856584310531616,1.0856584310531616,1.0855406522750854,1.0856584310531616,0
2024-10-17 04:10:00+00:00,1.0857763290405273,1.0857763290405273,1.0857763290405273,1.0856584310531616,1.0857763290405273,0
2024-10-17 04:15:00+00:00,1.0857763290405273,1.0857763290405273,1.0857763290405273,1.0857763290405273,1.0857763290405273,0
2024-10-17 04:20:00+00:00,1.0857763290405273,1.0857763290405273,1.0857763290405273,1.0857763290405273,1.0857763290405273,0
2024-10-17 04:25:00+00:00,1.085894227027893,1.085894227027893,1.085894227027893,1.0857763290405273,1.0857763290405273,0
2024-10-17 04:30:00+00:00,1.0856584310531616,1.0856584310531616,1.085894227027893,1.0856584310531616,1.0857763290405273,0
2024-10-17 04:35:00+00:00,1.0856584310531616,1.0856584310531616,1.0857763290405273,1.0856584310531616,1.0857763290405273,0
2024-10-17 04:40:00+00:00,1.0857763290405273,1.0857763290405273,1.0857763290405273,1.0856584310531616,1.0856584310531616,0
2024-10-17 04:45:00+00:00,1.0856584310531616,1.0856584310531616,1.0857763290405273,1.0856584310531616,1.0857763290405273,0
2024-10-17 04:50:00+00:00,1.0857763290405273,1.0857763290405273,1.0857763290405273,1.0856584310531616,1.0856584310531616,0
2024-10-17 04:55:00+00:00,1.0856584310531616,1.0856584310531616,1.0857763290405273,1.0856584310531616,1.0856584310531616,0
2024-10-17 05:00:00+00:00,1.0856584310531616,1.0856584310531616,1.0856584310531616,1.0855406522750854,1.0855406522750854,0
2024-10-17 05:05:00+00:00,1.0856584310531616,1.0856584310531616,1.0856584310531616,1.0855406522750854,1.0856584310531616,0
2024-10-17 05:10:00+00:00,1.0856584310531616,1.0856584310531616,1.0856584310531616,1.0855406522750854,1.0856584310531616,0
2024-10-17 05:15:00+00:00,1.0856584310531616,1.0856584310531616,1.0857763290405273,1.0856584310531616,1.0856584310531616,0
2024-10-17 05:20:00+00:00,1.0857763290405273,1.0857763290405273,1.085894227027893,1.0857763290405273,1.0857763290405273,0
2024-10-17 05:25:00+00:00,1.0857763290405273,1.0857763290405273,1.0857763290405273,1.0857763290405273,1.0857763290405273,0
2024-10-17 05:30:00+00:00,1.0856584310531616,1.0856584310531616,1.0857763290405273,1.0856584310531616,1.0857763290405273,0
2024-10-17 05:35:00+00:00,1.0856584310531616,1.0856584310531616,1.0856584310531616,1.0856584310531616,1.0856584310531616,0
2024-10-17 05:40:00+00:00,1.0856584310531616,1.0856584310531616,1.0857763290405273,1.0856584310531616,1.0856584310531616,0
2024-10-17 05:45:00+00:00,1.0856584310531616,1.0856584310531616,1.0856584310531616,1.0855406522750854,1.0856584310531616,0
2024-10-17 05:50:00+00:00,1.0855406522750854,1.0855406522750854,1.0856584310531616,1.0855406522750854,1.0856584310531616,0
2024-10-17 05:55:00+00:00,1.0856584310531616,1.0856584310531616,1.0857763290405273,1.0855406522750854,1.0855406522750854,0
2024-10-17 06:00:00+00:00,1.0855406522750854,1.0855406522750854,1.0855406522750854,1.0854227542877197,1.0855406522750854,0
2024-10-17 06:05:00+00:00,1.0855406522750854,1.0855406522750854,1.0856584310531616,1.0855406522750854,1.0855406522750854,0
2024-10-17 06:10:00+00:00,1.0855406522750854,1.0855406522750854,1.0855406522750854,1.0855406522750854,1.0855406522750854,0
2024-10-17 06:15:00+00:00,1.0855406522750854,1.0855406522750854,1.0855406522750854,1.0855406522750854,1.0855406522750854,0
2024-10-17 06:20:00+00:00,1.0855406522750854,1.0855406522750854,1.0855406522750854,1.0855406522750854,1.0855406522750854,0
2024-10-17 06:25:00+00:00,1.0856584310531616,1.0856584310531616,1.0856584310531616,1.0855406522750854,1.0856584310531616,0
2024-10-17 06:30:00+00:00,1.0856584310531616,1.0856584310531616,1.0857763290405273,1.0856584310531616,1.0856584310531616,0
2024-10-17 06:35:00+00:00,1.0857763290405273,1.0857763290405273,1.0857763290405273,1.0856584310531616,1.0856584310531616,0
2024-10-17 06:40:00+00:00,1.0860122442245483,1.0860122442245483,1.086130142211914,1.0860122442245483,1.0860122442245483,0
2024-10-17 06:45:00+00:00,1.0860122442245483,1.0860122442245483,1.086130142211914,1.0860122442245483,1.0860122442245483,0
2024-10-17 06:50:00+00:00,1.0856584310531616,1.0856584310531616,1.0857763290405273,1.0856584310531616,1.0857763290405273,0
2024-10-17 06:55:00+00:00,1.0853049755096436,1.0853049755096436,1.0856584310531616,1.0853049755096436,1.0856584310531616,0
2024-10-17 07:00:00+00:00,1.0853049755096436,1.0853049755096436,1.0853049755096436,1.0853049755096436,1.0853049755096436,0
2024-10-17 07:05:00+00:00,1.0856584310531616,1.0856584310531616,1.0856584310531616,1.0853049755096436,1.0853049755096436,0
2024-10-17 07:10:00+00:00,1.0854227542877197,1.0854227542877197,1.0856584310531616,1.0854227542877197,1.0856584310531616,0
2024-10-17 07:15:00+00:00,1.0856584310531616,1.0856584310531616,1.0856584310531616,1.0855406522750854,1.0855406522750854,0
2024-10-17 07:20:00+00:00,1.0853049755096436,1.0853049755096436,1.0855406522750854,1.0851871967315674,1.0855406522750854,0
2024-10-17 07:25:00+00:00,1.0855406522750854,1.0855406522750854,1.0856584310531616,1.0855406522750854,1.0855406522750854,0
2024-10-17 07:30:00+00:00,1.0857763290405273,1.0857763290405273,1.0857763290405273,1.0856584310531616,1.0856584310531616,0
2024-10-17 07:35:00+00:00,1.0860122442245483,1.0860122442245483,1.0860122442245483,1.085894227027893,1.0860122442245483,0
2024-10-17 07:40:00+00:00,1.0856584310531616,1.0856584310531616,1.0860122442245483,1.0856584310531616,1.0860122442245483,0
2024-10-17 07:45:00+00:00,1.0854227542877197,1.0854227542877197,1.0856584310531616,1.0854227542877197,1.0856584310531616,0
2024-10-17 07:50:00+00:00,1.0856584310531616,1.0856584310531616,1.0856584310531616,1.0855406522750854,1.0855406522750854,0
2024-10-17 07:55:00+00:00,1.0857763290405273,1.0857763290405273,1.0857763290405273,1.0855406522750854,1.0855406522750854,0
2024-10-17 08:00:00+00:00,1.0855406522750854,1.0855406522750854,1.0857763290405273,1.0855406522750854,1.0857763290405273,0
2024-10-17 08:05:00+00:00,1.085894227027893,1.085894227027893,1.085894227027893,1.0856584310531616,1.0856584310531616,0
2024-10-17 08:10:00+00:00,1.0857763290405273,1.0857763290405273,1.085894227027893,1.0856584310531616,1.085894227027893,0
2024-10-17 08:15:00+00:00,1.085894227027893,1.085894227027893,1.085894227027893,1.0857763290405273,1.085894227027893,0
2024-10-17 08:20:00+00:00,1.0857763290405273,1.0857763290405273,1.085894227027893,1.0857763290405273,1.085894227027893,0
2024-10-17 08:25:00+00:00,1.0857763290405273,1.0857763290405273,1.085894227027893,1.0855406522750854,1.085894227027893,0
2024-10-17 08:30:00+00:00,1.0855406522750854,1.0855406522750854,1.0857763290405273,1.0855406522750854,1.0857763290405273,0
2024-10-17 08:35:00+00:00,1.0854227542877197,1.0854227542877197,1.0855406522750854,1.0853049755096436,1.0854227542877197,0
2024-10-17 08:40:00+00:00,1.0853049755096436,1.0853049755096436,1.0854227542877197,1.0853049755096436,1.0853049755096436,0
2024-10-17 08:45:00+00:00,1.0853049755096436,1.0853049755096436,1.0854227542877197,1.0853049755096436,1.0853049755096436,0
2024-10-17 08:50:00+00:00,1.0853049755096436,1.0853049755096436,1.0855406522750854,1.0853049755096436,1.0855406522750854,0
2024-10-17 08:55:00+00:00,1.0855406522750854,1.0855406522750854,1.0855406522750854,1.0853049755096436,1.0853049755096436,0
2024-10-17 09:00:00+00:00,1.0854227542877197,1.0854227542877197,1.0855406522750854,1.0854227542877197,1.0854227542877197,0
2024-10-17 09:05:00+00:00,1.0854227542877197,1.0854227542877197,1.0855406522750854,1.0854227542877197,1.0855406522750854,0
2024-10-17 09:10:00+00:00,1.0856584310531616,1.0856584310531616,1.0857763290405273,1.0856584310531616,1.0856584310531616,0
2024-10-17 09:15:00+00:00,1.0856584310531616,1.0856584310531616,1.0856584310531616,1.0855406522750854,1.0856584310531616,0
2024-10-17 09:20:00+00:00,1.0855406522750854,1.0855406522750854,1.0856584310531616,1.0855406522750854,1.0855406522750854,0
2024-10-17 09:25:00+00:00,1.0854227542877197,1.0854227542877197,1.0855406522750854,1.0854227542877197,1.0854227542877197,0
2024-10-17 09:30:00+00:00,1.0857763290405273,1.0857763290405273,1.0857763290405273,1.0855406522750854,1.0855406522750854,0
2024-10-17 09:35:00+00:00,1.0860122442245483,1.0860122442245483,1.0860122442245483,1.0857763290405273,1.0857763290405273,0
2024-10-17 09:40:00+00:00,1.0863661766052246,1.0863661766052246,1.0864840745925903,1.086130142211914,1.086130142211914,0
2024-10-17 09:45:00+00:00,1.0863661766052246,1.0863661766052246,1.0863661766052246,1.0863661766052246,1.0863661766052246,0
2024-10-17 09:50:00+00:00,1.0863661766052246,1.0863661766052246,1.0863661766052246,1.0862481594085693,1.0863661766052246,0
2024-10-17 09:55:00+00:00,1.086130142211914,1.086130142211914,1.0862481594085693,1.0860122442245483,1.0862481594085693,0
2024-10-17 10:00:00+00:00,1.086130142211914,1.086130142211914,1.0863661766052246,1.086130142211914,1.0863661766052246,0
2024-10-17 10:05:00+00:00,1.0863661766052246,1.0863661766052246,1.0863661766052246,1.0862481594085693,1.0862481594085693,0
2024-10-17 10:10:00+00:00,1.0862481594085693,1.0862481594085693,1.0862481594085693,1.086130142211914,1.0862481594085693,0
2024-10-17 10:15:00+00:00,1.0863661766052246,1.0863661766052246,1.0863661766052246,1.0862481594085693,1.0862481594085693,0
2024-10-17 10:20:00+00:00,1.0864840745925903,1.0864840745925903,1.0864840745925903,1.0863661766052246,1.0863661766052246,0
2024-10-17 10:25:00+00:00,1.0864840745925903,1.0864840745925903,1.0866022109985352,1.0863661766052246,1.0863661766052246,0
2024-10-17 10:30:00+00:00,1.0864840745925903,1.0864840745925903,1.0864840745925903,1.0864840745925903,1.0864840745925903,0
2024-10-17 10:35:00+00:00,1.0863661766052246,1.0863661766052246,1.0864840745925903,1.0863661766052246,1.0864840745925903,0
2024-10-17 10:40:00+00:00,1.0866022109985352,1.0866022109985352,1.0866022109985352,1.0863661766052246,1.0863661766052246,0
2024-10-17 10:45:00+00:00,1.0864840745925903,1.0864840745925903,1.0866022109985352,1.0864840745925903,1.0864840745925903,0
2024-10-17 10:50:00+00:00,1.0864840745925903,1.0864840745925903,1.0866022109985352,1.0864840745925903,1.0866022109985352,0
2024-10-17 10:55:00+00:00,1.08672034740448,1.08672034740448,1.08672034740448,1.0863661766052246,1.0863661766052246,0
2024-10-17 11:00:00+00:00,1.08695650100708,1.08695650100708,1.08695650100708,1.0868383646011353,1.0868383646011353,0
2024-10-17 11:05:00+00:00,1.0868383646011353,1.0868383646011353,1.0868383646011353,1.08672034740448,1.0868383646011353,0
2024-10-17 11:10:00+00:00,1.087074637413025,1.087074637413025,1.087074637413025,1.0868383646011353,1.0868383646011353,0
2024-10-17 11:15:00+00:00,1.08695650100708,1.08695650100708,1.08695650100708,1.08695650100708,1.08695650100708,0
2024-10-17 11:20:00+00:00,1.08695650100708,1.08695650100708,1.08695650100708,1.0868383646011353,1.0868383646011353,0
2024-10-17 11:25:00+00:00,1.08695650100708,1.08695650100708,1.087074637413025,1.08695650100708,1.08695650100708,0
2024-10-17 11:30:00+00:00,1.08695650100708,1.08695650100708,1.08695650100708,1.08695650100708,1.08695650100708,0
2024-10-17 11:35:00+00:00,1.08695650100708,1.08695650100708,1.08695650100708,1.08695650100708,1.08695650100708,0
2024-10-17 11:40:00+00:00,1.0868383646011353,1.0868383646011353,1.087074637413025,1.0868383646011353,1.08695650100708,0
2024-10-17 11:45:00+00:00,1.08695650100708,1.08695650100708,1.08695650100708,1.0868383646011353,1.0868383646011353,0
2024-10-17 11:50:00+00:00,1.0868383646011353,1.0868383646011353,1.08695650100708,1.0868383646011353,1.08695650100708,0
2024-10-17 11:55:00+00:00,1.0866022109985352,1.0866022109985352,1.08672034740448,1.0866022109985352,1.08672034740448,0
2024-10-17 12:00:00+00:00,1.0864840745925903,1.0864840745925903,1.0866022109985352,1.0864840745925903,1.0866022109985352,0
2024-10-17 12:05:00+00:00,1.08672034740448,1.08672034740448,1.0868383646011353,1.0864840745925903,1.0864840745925903,0
2024-10-17 12:10:00+00:00,1.0864840745925903,1.0864840745925903,1.0868383646011353,1.0864840745925903,1.0868383646011353,0
2024-10-17 12:15:00+00:00,1.08672034740448,1.08672034740448,1.08672034740448,1.0864840745925903,1.0866022109985352,0
2024-10-17 12:20:00+00:00,1.08672034740448,1.08672034740448,1.087074637413025,1.08672034740448,1.08695650100708,0
2024-10-17 12:25:00+00:00,1.0868383646011353,1.0868383646011353,1.0868383646011353,1.0866022109985352,1.08672034740448,0
2024-10-17 12:30:00+00:00,1.0848339796066284,1.0848339796066284,1.0853049755096436,1.0843634605407715,1.0853049755096436,0
2024-10-17 12:35:00+00:00,1.0836584568023682,1.0836584568023682,1.0842459201812744,1.0836584568023682,1.0842459201812744,0
2024-10-17 12:40:00+00:00,1.0847163200378418,1.0847163200378418,1.0847163200378418,1.0837758779525757,1.0837758779525757,0
2024-10-17 12:45:00+00:00,1.0850694179534912,1.0850694179534912,1.0850694179534912,1.084481120109558,1.084481120109558,0
2024-10-17 12:50:00+00:00,1.0851871967315674,1.0851871967315674,1.0851871967315674,1.0848339796066284,1.0848339796066284,0
2024-10-17 12:55:00+00:00,1.0845986604690552,1.0845986604690552,1.0847163200378418,1.084481120109558,1.0847163200378418,0
2024-10-17 13:00:00+00:00,1.0838934183120728,1.0838934183120728,1.084481120109558,1.0838934183120728,1.084481120109558,0
2024-10-17 13:05:00+00:00,1.0829542875289917,1.0829542875289917,1.0841283798217773,1.0829542875289917,1.0841283798217773,0
2024-10-17 13:10:00+00:00,1.0822510719299316,1.0822510719299316,1.08236825466156,1.0817828178405762,1.08236825466156,0
2024-10-17 13:15:00+00:00,1.0828369855880737,1.0828369855880737,1.0828369855880737,1.0822510719299316,1.0822510719299316,0
2024-10-17 13:20:00+00:00,1.0829542875289917,1.0829542875289917,1.0830715894699097,1.0827198028564453,1.0827198028564453,0
2024-10-17 13:25:00+00:00,1.0816657543182373,1.0816657543182373,1.0824854373931885,1.081548810005188,1.0824854373931885,0
2024-10-17 13:30:00+00:00,1.081548810005188,1.081548810005188,1.0817828178405762,1.081548810005188,1.0816657543182373,0
2024-10-17 13:35:00+00:00,1.0827198028564453,1.0827198028564453,1.0827198028564453,1.0817828178405762,1.0817828178405762,0
2024-10-17 13:40:00+00:00,1.0833063125610352,1.0833063125610352,1.0834236145019531,1.0828369855880737,1.0828369855880737,0
2024-10-17 13:45:00+00:00,1.0827198028564453,1.0827198028564453,1.0835410356521606,1.0827198028564453,1.0835410356521606,0
2024-10-17 13:50:00+00:00,1.0834236145019531,1.0834236145019531,1.0834236145019531,1.0827198028564453,1.0827198028564453,0
2024-10-17 13:55:00+00:00,1.0835410356521606,1.0835410356521606,1.0837758779525757,1.0834236145019531,1.0834236145019531,0
2024-10-17 14:00:00+00:00,1.0834236145019531,1.0834236145019531,1.0836584568023682,1.0833063125610352,1.0836584568023682,0
2024-10-17 14:05:00+00:00,1.0827198028564453,1.0827198028564453,1.0829542875289917,1.082602620124817,1.0829542875289917,0
2024-10-17 14:10:00+00:00,1.0827198028564453,1.0827198028564453,1.0828369855880737,1.0824854373931885,1.0827198028564453,0
2024-10-17 14:15:00+00:00,1.0821340084075928,1.0821340084075928,1.0829542875289917,1.0821340084075928,1.0828369855880737,0
2024-10-17 14:20:00+00:00,1.082602620124817,1.082602620124817,1.0827198028564453,1.0821340084075928,1.0822510719299316,0
2024-10-17 14:25:00+00:00,1.0824854373931885,1.0824854373931885,1.0827198028564453,1.0822510719299316,1.0822510719299316,0
2024-10-17 14:30:00+00:00,1.0818997621536255,1.0818997621536255,1.08236825466156,1.0818997621536255,1.08236825466156,0
2024-10-17 14:35:00+00:00,1.0821340084075928,1.0821340084075928,1.0821340084075928,1.0817828178405762,1.0817828178405762,0
2024-10-17 14:40:00+00:00,1.0824854373931885,1.0824854373931885,1.0824854373931885,1.0822510719299316,1.0822510719299316,0
2024-10-17 14:45:00+00:00,1.0824854373931885,1.0824854373931885,1.0828369855880737,1.08236825466156,1.08236825466156,0
2024-10-17 14:50:00+00:00,1.0827198028564453,1.0827198028564453,1.0828369855880737,1.0824854373931885,1.0827198028564453,0
2024-10-17 14:55:00+00:00,1.0830715894699097,1.0830715894699097,1.0830715894699097,1.0824854373931885,1.0824854373931885,0
2024-10-17 15:00:00+00:00,1.0831888914108276,1.0831888914108276,1.0831888914108276,1.0830715894699097,1.0830715894699097,0
2024-10-17 15:05:00+00:00,1.0830715894699097,1.0830715894699097,1.0831888914108276,1.0830715894699097,1.0831888914108276,0
2024-10-17 15:10:00+00:00,1.0834236145019531,1.0834236145019531,1.0834236145019531,1.0831888914108276,1.0831888914108276,0
2024-10-17 15:15:00+00:00,1.0829542875289917,1.0829542875289917,1.0831888914108276,1.0829542875289917,1.0830715894699097,0
2024-10-17 15:20:00+00:00,1.0829542875289917,1.0829542875289917,1.0829542875289917,1.0827198028564453,1.0829542875289917,0
2024-10-17 15:25:00+00:00,1.0840108394622803,1.0840108394622803,1.0840108394622803,1.0831888914108276,1.0831888914108276,0
2024-10-17 15:30:00+00:00,1.0841283798217773,1.0841283798217773,1.0842459201812744,1.0838934183120728,1.0838934183120728,0
2024-10-17 15:35:00+00:00,1.0840108394622803,1.0840108394622803,1.0842459201812744,1.0838934183120728,1.0842459201812744,0
2024-10-17 15:40:00+00:00,1.0838934183120728,1.0838934183120728,1.0841283798217773,1.0838934183120728,1.0841283798217773,0
2024-10-17 15:45:00+00:00,1.0840108394622803,1.0840108394622803,1.0841283798217773,1.0838934183120728,1.0840108394622803,0
2024-10-17 15:50:00+00:00,1.0838934183120728,1.0838934183120728,1.0840108394622803,1.0838934183120728,1.0840108394622803,0
2024-10-17 15:55:00+00:00,1.0838934183120728,1.0838934183120728,1.0840108394622803,1.0838934183120728,1.0840108394622803,0
2024-10-17 16:00:00+00:00,1.0834236145019531,1.0834236145019531,1.0840108394622803,1.0834236145019531,1.0840108394622803,0
2024-10-17 16:05:00+00:00,1.0831888914108276,1.0831888914108276,1.0834236145019531,1.0830715894699097,1.0834236145019531,0
2024-10-17 16:10:00+00:00,1.0830715894699097,1.0830715894699097,1.0833063125610352,1.0830715894699097,1.0833063125610352,0
2024-10-17 16:15:00+00:00,1.0831888914108276,1.0831888914108276,1.0831888914108276,1.0830715894699097,1.0831888914108276,0
2024-10-17 16:20:00+00:00,1.0829542875289917,1.0829542875289917,1.0830715894699097,1.0829542875289917,1.0830715894699097,0
2024-10-17 16:25:00+00:00,1.0828369855880737,1.0828369855880737,1.0828369855880737,1.0827198028564453,1.0828369855880737,0
2024-10-17 16:30:00+00:00,1.0828369855880737,1.0828369855880737,1.0828369855880737,1.0827198028564453,1.0828369855880737,0
2024-10-17 16:35:00+00:00,1.0827198028564453,1.0827198028564453,1.0828369855880737,1.0827198028564453,1.0828369855880737,0
2024-10-17 16:40:00+00:00,1.0827198028564453,1.0827198028564453,1.0827198028564453,1.082602620124817,1.0827198028564453,0
2024-10-17 16:45:00+00:00,1.0828369855880737,1.0828369855880737,1.0828369855880737,1.0827198028564453,1.0828369855880737,0
2024-10-17 16:50:00+00:00,1.0828369855880737,1.0828369855880737,1.0829542875289917,1.0827198028564453,1.0827198028564453,0
2024-10-17 16:55:00+00:00,1.0828369855880737,1.0828369855880737,1.0828369855880737,1.0827198028564453,1.0827198028564453,0
2024-10-17 17:00:00+00:00,1.0830715894699097,1.0830715894699097,1.0830715894699097,1.0829542875289917,1.0829542875289917,0
2024-10-17 17:05:00+00:00,1.0829542875289917,1.0829542875289917,1.0830715894699097,1.0829542875289917,1.0830715894699097,0
2024-10-17 17:10:00+00:00,1.0828369855880737,1.0828369855880737,1.0829542875289917,1.0828369855880737,1.0829542875289917,0
2024-10-17 17:15:00+00:00,1.0827198028564453,1.0827198028564453,1.0828369855880737,1.0827198028564453,1.0828369855880737,0
2024-10-17 17:20:00+00:00,1.0827198028564453,1.0827198028564453,1.0827198028564453,1.082602620124817,1.082602620124817,0
2024-10-17 17:25:00+00:00,1.082602620124817,1.082602620124817,1.0827198028564453,1.082602620124817,1.0827198028564453,0
2024-10-17 17:30:00+00:00,1.082602620124817,1.082602620124817,1.082602620124817,1.082602620124817,1.082602620124817,0
2024-10-17 17:35:00+00:00,1.0824854373931885,1.0824854373931885,1.0824854373931885,1.08236825466156,1.0824854373931885,0
2024-10-17 17:40:00+00:00,1.0827198028564453,1.0827198028564453,1.0827198028564453,1.0824854373931885,1.0824854373931885,0
2024-10-17 17:45:00+00:00,1.0828369855880737,1.0828369855880737,1.0828369855880737,1.082602620124817,1.082602620124817,0
2024-10-17 17:50:00+00:00,1.0830715894699097,1.0830715894699097,1.0830715894699097,1.0829542875289917,1.0830715894699097,0
2024-10-17 17:55:00+00:00,1.0828369855880737,1.0828369855880737,1.0830715894699097,1.0828369855880737,1.0830715894699097,0
2024-10-17 18:00:00+00:00,1.0829542875289917,1.0829542875289917,1.0829542875289917,1.0828369855880737,1.0828369855880737,0
2024-10-17 18:05:00+00:00,1.0828369855880737,1.0828369855880737,1.0829542875289917,1.0828369855880737,1.0828369855880737,0
2024-10-17 18:10:00+00:00,1.0829542875289917,1.0829542875289917,1.0829542875289917,1.0828369855880737,1.0829542875289917,0
2024-10-17 18:15:00+00:00,1.0828369855880737,1.0828369855880737,1.0829542875289917,1.0828369855880737,1.0829542875289917,0
2024-10-17 18:20:00+00:00,1.0829542875289917,1.0829542875289917,1.0829542875289917,1.0828369855880737,1.0828369855880737,0
2024-10-17 18:25:00+00:00,1.0830715894699097,1.0830715894699097,1.0830715894699097,1.0829542875289917,1.0829542875289917,0
2024-10-17 18:30:00+00:00,1.0830715894699097,1.0830715894699097,1.0830715894699097,1.0828369855880737,1.0829542875289917,0
2024-10-17 18:35:00+00:00,1.0829542875289917,1.0829542875289917,1.0829542875289917,1.0828369855880737,1.0829542875289917,0
2024-10-17 18:40:00+00:00,1.0831888914108276,1.0831888914108276,1.0834236145019531,1.0830715894699097,1.0831888914108276,0
2024-10-17 18:45:00+00:00,1.0831888914108276,1.0831888914108276,1.0831888914108276,1.0831888914108276,1.0831888914108276,0
2024-10-17 18:50:00+00:00,1.0830715894699097,1.0830715894699097,1.0831888914108276,1.0829542875289917,1.0831888914108276,0
2024-10-17 18:55:00+00:00,1.0828369855880737,1.0828369855880737,1.0830715894699097,1.0828369855880737,1.0830715894699097,0
2024-10-17 19:00:00+00:00,1.0828369855880737,1.0828369855880737,1.0828369855880737,1.0827198028564453,1.0827198028564453,0
2024-10-17 19:05:00+00:00,1.0830715894699097,1.0830715894699097,1.0830715894699097,1.0829542875289917,1.0829542875289917,0
2024-10-17 19:10:00+00:00,1.0829542875289917,1.0829542875289917,1.0829542875289917,1.0828369855880737,1.0829542875289917,0
2024-10-17 19:15:00+00:00,1.0830715894699097,1.0830715894699097,1.0830715894699097,1.0829542875289917,1.0829542875289917,0
2024-10-17 19:20:00+00:00,1.0828369855880737,1.0828369855880737,1.0830715894699097,1.0828369855880737,1.0830715894699097,0
2024-10-17 19:25:00+00:00,1.0829542875289917,1.0829542875289917,1.0830715894699097,1.0829542875289917,1.0829542875289917,0
2024-10-17 19:30:00+00:00,1.0829542875289917,1.0829542875289917,1.0830715894699097,1.0829542875289917,1.0829542875289917,0
2024-10-17 19:35:00+00:00,1.0830715894699097,1.0830715894699097,1.0830715894699097,1.0829542875289917,1.0829542875289917,0
2024-10-17 19:40:00+00:00,1.0830715894699097,1.0830715894699097,1.0830715894699097,1.0829542875289917,1.0829542875289917,0
2024-10-17 19:45:00+00:00,1.0830715894699097,1.0830715894699097,1.0830715894699097,1.0830715894699097,1.0830715894699097,0
2024-10-17 19:50:00+00:00,1.0831888914108276,1.0831888914108276,1.0831888914108276,1.0830715894699097,1.0830715894699097,0
2024-10-17 19:55:00+00:00,1.0830715894699097,1.0830715894699097,1.0830715894699097,1.0830715894699097,1.0830715894699097,0
2024-10-17 20:00:00+00:00,1.0830715894699097,1.0830715894699097,1.0830715894699097,1.0830715894699097,1.0830715894699097,0
2024-10-17 20:05:00+00:00,1.0830715894699097,1.0830715894699097,1.0833063125610352,1.0830715894699097,1.0830715894699097,0
2024-10-17 20:10:00+00:00,1.0830715894699097,1.0830715894699097,1.0830715894699097,1.0830715894699097,1.0830715894699097,0
2024-10-17 20:15:00+00:00,1.0830715894699097,1.0830715894699097,1.0830715894699097,1.0830715894699097,1.0830715894699097,0
2024-10-17 20:20:00+00:00,1.0830715894699097,1.0830715894699097,1.0830715894699097,1.0830715894699097,1.0830715894699097,0
2024-10-17 20:25:00+00:00,1.0830715894699097,1.0830715894699097,1.0830715894699097,1.0830715894699097,1.0830715894699097,0
2024-10-17 20:30:00+00:00,1.0831888914108276,1.0831888914108276,1.0831888914108276,1.0831888914108276,1.0831888914108276,0
2024-10-17 20:35:00+00:00,1.0833063125610352,1.0833063125610352,1.0833063125610352,1.0831888914108276,1.0831888914108276,0
2024-10-17 20:40:00+00:00,1.0833063125610352,1.0833063125610352,1.0833063125610352,1.0833063125610352,1.0833063125610352,0
2024-10-17 20:45:00+00:00,1.0833063125610352,1.0833063125610352,1.0834236145019531,1.0833063125610352,1.0834236145019531,0
2024-10-17 20:50:00+00:00,1.0833063125610352,1.0833063125610352,1.0834236145019531,1.0833063125610352,1.0833063125610352,0
2024-10-17 20:55:00+00:00,1.0833063125610352,1.0833063125610352,1.0833063125610352,1.0833063125610352,1.0833063125610352,0
2024-10-17 21:00:00+00:00,1.0835410356521606,1.0835410356521606,1.0837758779525757,1.0831888914108276,1.0833063125610352,0
2024-10-17 21:05:00+00:00,1.0834236145019531,1.0834236145019531,1.0835410356521606,1.0833063125610352,1.0835410356521606,0
2024-10-17 21:10:00+00:00,1.0833063125610352,1.0833063125610352,1.0835410356521606,1.0833063125610352,1.0835410356521606,0
2024-10-17 21:15:00+00:00,1.0834236145019531,1.0834236145019531,1.0834236145019531,1.0830715894699097,1.0833063125610352,0
2024-10-17 21:20:00+00:00,1.0833063125610352,1.0833063125610352,1.0835410356521606,1.0833063125610352,1.0835410356521606,0
2024-10-17 21:25:00+00:00,1.0833063125610352,1.0833063125610352,1.0836584568023682,1.0833063125610352,1.0836584568023682,0
2024-10-17 21:30:00+00:00,1.0834236145019531,1.0834236145019531,1.0835410356521606,1.0834236145019531,1.0834236145019531,0
2024-10-17 21:35:00+00:00,1.0834236145019531,1.0834236145019531,1.0835410356521606,1.0834236145019531,1.0834236145019531,0
2024-10-17 21:40:00+00:00,1.0834236145019531,1.0834236145019531,1.0835410356521606,1.0834236145019531,1.0835410356521606,0
2024-10-17 21:45:00+00:00,1.0835410356521606,1.0835410356521606,1.0835410356521606,1.0834236145019531,1.0834236145019531,0
2024-10-17 21:50:00+00:00,1.0834236145019531,1.0834236145019531,1.0835410356521606,1.0834236145019531,1.0835410356521606,0
2024-10-17 21:55:00+00:00,1.0836584568023682,1.0836584568023682,1.0836584568023682,1.0834236145019531,1.0835410356521606,0
2024-10-17 22:00:00+00:00,1.0835410356521606,1.0835410356521606,1.0835410356521606,1.0834236145019531,1.0834236145019531,0
2024-10-17 22:05:00+00:00,1.0834236145019531,1.0834236145019531,1.0835410356521606,1.0834236145019531,1.0835410356521606,0
2024-10-17 22:10:00+00:00,1.0834236145019531,1.0834236145019531,1.0835410356521606,1.0834236145019531,1.0834236145019531,0
2024-10-17 22:15:00+00:00,1.0834236145019531,1.0834236145019531,1.0835410356521606,1.0834236145019531,1.0834236145019531,0
2024-10-17 22:20:00+00:00,1.0834236145019531,1.0834236145019531,1.0835410356521606,1.0834236145019531,1.0835410356521606,0
2024-10-17 22:25:00+00:00,1.0834236145019531,1.0834236145019531,1.0834236145019531,1.0834236145019531,1.0834236145019531,0
2024-10-17 22:30:00+00:00,1.0835410356521606,1.0835410356521606,1.0835410356521606,1.0834236145019531,1.0834236145019531,0
2024-10-17 22:35:00+00:00,1.0834236145019531,1.0834236145019531,1.0834236145019531,1.0834236145019531,1.0834236145019531,0
2024-10-17 22:40:00+00:00,1.0834236145019531,1.0834236145019531,1.0834236145019531,1.0834236145019531,1.0834236145019531,0
2024-10-17 22:45:00+00:00,1.0834236145019531,1.0834236145019531,1.0834236145019531,1.0833063125610352,1.0834236145019531,0
2024-10-17 22:50:00+00:00,1.0833063125610352,1.0833063125610352,1.0834236145019531,1.0833063125610352,1.0834236145019531,0
2024-10-17 22:55:00+00:00,1.0833063125610352,1.0833063125610352,1.0833063125610352,1.0833063125610352,1.0833063125610352,0
2024-10-17 23:00:00+00:00,1.0830715894699097,1.0830715894699097,1.0831888914108276,1.0830715894699097,1.0831888914108276,0
2024-10-17 23:05:00+00:00,1.0830715894699097,1.0830715894699097,1.0830715894699097,1.0830715894699097,1.0830715894699097,0
2024-10-17 23:10:00+00:00,1.0830715894699097,1.0830715894699097,1.0830715894699097,1.0830715894699097,1.0830715894699097,0
2024-10-17 23:15:00+00:00,1.0830715894699097,1.0830715894699097,1.0831888914108276,1.0830715894699097,1.0830715894699097,0
2024-10-17 23:20:00+00:00,1.0830715894699097,1.0830715894699097,1.0831888914108276,1.0830715894699097,1.0831888914108276,0
2024-10-17 23:25:00+00:00,1.0830715894699097,1.0830715894699097,1.0831888914108276,1.0830715894699097,1.0831888914108276,0
2024-10-17 23:30:00+00:00,1.0828369855880737,1.0828369855880737,1.0830715894699097,1.0828369855880737,1.0830715894699097,0
2024-10-17 23:35:00+00:00,1.0829542875289917,1.0829542875289917,1.0829542875289917,1.0828369855880737,1.0828369855880737,0
2024-10-17 23:40:00+00:00,1.0829542875289917,1.0829542875289917,1.0829542875289917,1.0829542875289917,1.0829542875289917,0
2024-10-17 23:45:00+00:00,1.0831888914108276,1.0831888914108276,1.0831888914108276,1.0830715894699097,1.0830715894699097,0
2024-10-17 23:50:00+00:00,1.0833063125610352,1.0833063125610352,1.0833063125610352,1.0831888914108276,1.0831888914108276,0
2024-10-17 23:55:00+00:00,1.0831888914108276,1.0831888914108276,1.0833063125610352,1.0831888914108276,1.0833063125610352,0
2024-10-18 00:00:00+00:00,1.0831888914108276,1.0831888914108276,1.0831888914108276,1.0830715894699097,1.0831888914108276,0
2024-10-18 00:05:00+00:00,1.0831888914108276,1.0831888914108276,1.0833063125610352,1.0831888914108276,1.0833063125610352,0
2024-10-18 00:10:00+00:00,1.0833063125610352,1.0833063125610352,1.0834236145019531,1.0831888914108276,1.0831888914108276,0
2024-10-18 00:15:00+00:00,1.0833063125610352,1.0833063125610352,1.0833063125610352,1.0831888914108276,1.0833063125610352,0
2024-10-18 00:20:00+00:00,1.0831888914108276,1.0831888914108276,1.0833063125610352,1.0831888914108276,1.0833063125610352,0
2024-10-18 00:25:00+00:00,1.0830715894699097,1.0830715894699097,1.0834236145019531,1.0830715894699097,1.0831888914108276,0
2024-10-18 00:30:00+00:00,1.0831888914108276,1.0831888914108276,1.0831888914108276,1.0830715894699097,1.0830715894699097,0
2024-10-18 00:35:00+00:00,1.0831888914108276,1.0831888914108276,1.0833063125610352,1.0831888914108276,1.0831888914108276,0
2024-10-18 00:40:00+00:00,1.0833063125610352,1.0833063125610352,1.0833063125610352,1.0831888914108276,1.0833063125610352,0
2024-10-18 00:45:00+00:00,1.0834236145019531,1.0834236145019531,1.0834236145019531,1.0833063125610352,1.0833063125610352,0
2024-10-18 00:50:00+00:00,1.0834236145019531,1.0834236145019531,1.0835410356521606,1.0834236145019531,1.0834236145019531,0
2024-10-18 00:55:00+00:00,1.0833063125610352,1.0833063125610352,1.0834236145019531,1.0833063125610352,1.0834236145019531,0
2024-10-18 01:00:00+00:00,1.0833063125610352,1.0833063125610352,1.0833063125610352,1.0830715894699097,1.0831888914108276,0
2024-10-18 01:05:00+00:00,1.0834236145019531,1.0834236145019531,1.0834236145019531,1.0833063125610352,1.0833063125610352,0
2024-10-18 01:10:00+00:00,1.0835410356521606,1.0835410356521606,1.0835410356521606,1.0834236145019531,1.0834236145019531,0
2024-10-18 01:15:00+00:00,1.0833063125610352,1.0833063125610352,1.0833063125610352,1.0833063125610352,1.0833063125610352,0
2024-10-18 01:20:00+00:00,1.0835410356521606,1.0835410356521606,1.0835410356521606,1.0833063125610352,1.0834236145019531,0
2024-10-18 01:25:00+00:00,1.0834236145019531,1.0834236145019531,1.0835410356521606,1.0834236145019531,1.0835410356521606,0
2024-10-18 01:30:00+00:00,1.0834236145019531,1.0834236145019531,1.0834236145019531,1.0834236145019531,1.0834236145019531,0
2024-10-18 01:35:00+00:00,1.0834236145019531,1.0834236145019531,1.0835410356521606,1.0834236145019531,1.0834236145019531,0
2024-10-18 01:40:00+00:00,1.0835410356521606,1.0835410356521606,1.0835410356521606,1.0834236145019531,1.0834236145019531,0
2024-10-18 01:45:00+00:00,1.0836584568023682,1.0836584568023682,1.0836584568023682,1.0836584568023682,1.0836584568023682,0
2024-10-18 01:50:00+00:00,1.0838934183120728,1.0838934183120728,1.0838934183120728,1.0835410356521606,1.0835410356521606,0
2024-10-18 01:55:00+00:00,1.0837758779525757,1.0837758779525757,1.0838934183120728,1.0837758779525757,1.0838934183120728,0
2024-10-18 02:00:00+00:00,1.0837758779525757,1.0837758779525757,1.0840108394622803,1.0837758779525757,1.0837758779525757,0
2024-10-18 02:05:00+00:00,1.0838934183120728,1.0838934183120728,1.0838934183120728,1.0837758779525757,1.0838934183120728,0
2024-10-18 02:10:00+00:00,1.0836584568023682,1.0836584568023682,1.0838934183120728,1.0836584568023682,1.0838934183120728,0
2024-10-18 02:15:00+00:00,1.0836584568023682,1.0836584568023682,1.0836584568023682,1.0836584568023682,1.0836584568023682,0
2024-10-18 02:20:00+00:00,1.0836584568023682,1.0836584568023682,1.0836584568023682,1.0836584568023682,1.0836584568023682,0
2024-10-18 02:25:00+00:00,1.0836584568023682,1.0836584568023682,1.0837758779525757,1.0836584568023682,1.0836584568023682,0
2024-10-18 02:30:00+00:00,1.0840108394622803,1.0840108394622803,1.0840108394622803,1.0837758779525757,1.0837758779525757,0
2024-10-18 02:35:00+00:00,1.0841283798217773,1.0841283798217773,1.0841283798217773,1.0840108394622803,1.0840108394622803,0
2024-10-18 02:40:00+00:00,1.0841283798217773,1.0841283798217773,1.0842459201812744,1.0841283798217773,1.0842459201812744,0
2024-10-18 02:45:00+00:00,1.0841283798217773,1.0841283798217773,1.0841283798217773,1.0841283798217773,1.0841283798217773,0
2024-10-18 02:50:00+00:00,1.0840108394622803,1.0840108394622803,1.0840108394622803,1.0840108394622803,1.0840108394622803,0
2024-10-18 02:55:00+00:00,1.0841283798217773,1.0841283798217773,1.0842459201812744,1.0840108394622803,1.0840108394622803,0
2024-10-18 03:00:00+00:00,1.0842459201812744,1.0842459201812744,1.0842459201812744,1.0841283798217773,1.0841283798217773,0
2024-10-18 03:05:00+00:00,1.0842459201812744,1.0842459201812744,1.0842459201812744,1.0842459201812744,1.0842459201812744,0
2024-10-18 03:10:00+00:00,1.0841283798217773,1.0841283798217773,1.0841283798217773,1.0840108394622803,1.0841283798217773,0
2024-10-18 03:15:00+00:00,1.0841283798217773,1.0841283798217773,1.0841283798217773,1.0840108394622803,1.0840108394622803,0
2024-10-18 03:20:00+00:00,1.0841283798217773,1.0841283798217773,1.0841283798217773,1.0840108394622803,1.0841283798217773,0
2024-10-18 03:25:00+00:00,1.0841283798217773,1.0841283798217773,1.0841283798217773,1.0841283798217773,1.0841283798217773,0
2024-10-18 03:30:00+00:00,1.0840108394622803,1.0840108394622803,1.0841283798217773,1.0840108394622803,1.0841283798217773,0
2024-10-18 03:35:00+00:00,1.0841283798217773,1.0841283798217773,1.0841283798217773,1.0840108394622803,1.0840108394622803,0
2024-10-18 03:40:00+00:00,1.0841283798217773,1.0841283798217773,1.0841283798217773,1.0841283798217773,1.0841283798217773,0
2024-10-18 03:45:00+00:00,1.0841283798217773,1.0841283798217773,1.0841283798217773,1.0841283798217773,1.0841283798217773,0
2024-10-18 03:50:00+00:00,1.0841283798217773,1.0841283798217773,1.0841283798217773,1.0841283798217773,1.0841283798217773,0
2024-10-18 03:55:00+00:00,1.0841283798217773,1.0841283798217773,1.0841283798217773,1.0840108394622803,1.0840108394622803,0
2024-10-18 04:00:00+00:00,1.0841283798217773,1.0841283798217773,1.0842459201812744,1.0841283798217773,1.0842459201812744,0
2024-10-18 04:05:00+00:00,1.0841283798217773,1.0841283798217773,1.0842459201812744,1.0841283798217773,1.0841283798217773,0
2024-10-18 04:10:00+00:00,1.0841283798217773,1.0841283798217773,1.0842459201812744,1.0841283798217773,1.0842459201812744,0
2024-10-18 04:15:00+00:00,1.0842459201812744,1.0842459201812744,1.0842459201812744,1.0841283798217773,1.0841283798217773,0
2024-10-18 04:20:00+00:00,1.0842459201812744,1.0842459201812744,1.0842459201812744,1.0842459201812744,1.0842459201812744,0
2024-10-18 04:25:00+00:00,1.0842459201812744,1.0842459201812744,1.0842459201812744,1.0842459201812744,1.0842459201812744,0
2024-10-18 04:30:00+00:00,1.0842459201812744,1.0842459201812744,1.0842459201812744,1.0842459201812744,1.0842459201812744,0
2024-10-18 04:35:00+00:00,1.0842459201812744,1.0842459201812744,1.0842459201812744,1.0842459201812744,1.0842459201812744,0
2024-10-18 04:40:00+00:00,1.0843634605407715,1.0843634605407715,1.0843634605407715,1.0842459201812744,1.0842459201812744,0
2024-10-18 04:45:00+00:00,1.0843634605407715,1.0843634605407715,1.0843634605407715,1.0843634605407715,1.0843634605407715,0
2024-10-18 04:50:00+00:00,1.0842459201812744,1.0842459201812744,1.0843634605407715,1.0842459201812744,1.0842459201812744,0
2024-10-18 04:55:00+00:00,1.0842459201812744,1.0842459201812744,1.0843634605407715,1.0842459201812744,1.0842459201812744,0
2024-10-18 05:00:00+00:00,1.0843634605407715,1.0843634605407715,1.084481120109558,1.0843634605407715,1.0843634605407715,0
2024-10-18 05:05:00+00:00,1.0843634605407715,1.0843634605407715,1.084481120109558,1.0843634605407715,1.0843634605407715,0
2024-10-18 05:10:00+00:00,1.084481120109558,1.084481120109558,1.084481120109558,1.0843634605407715,1.0843634605407715,0
2024-10-18 05:15:00+00:00,1.0843634605407715,1.0843634605407715,1.084481120109558,1.0843634605407715,1.084481120109558,0
2024-10-18 05:20:00+00:00,1.0843634605407715,1.0843634605407715,1.0843634605407715,1.0843634605407715,1.0843634605407715,0
2024-10-18 05:25:00+00:00,1.0842459201812744,1.0842459201812744,1.0842459201812744,1.0841283798217773,1.0842459201812744,0
2024-10-18 05:30:00+00:00,1.0843634605407715,1.0843634605407715,1.0843634605407715,1.0842459201812744,1.0842459201812744,0
2024-10-18 05:35:00+00:00,1.0843634605407715,1.0843634605407715,1.0843634605407715,1.0843634605407715,1.0843634605407715,0
2024-10-18 05:40:00+00:00,1.0843634605407715,1.0843634605407715,1.0843634605407715,1.0842459201812744,1.0842459201812744,0
2024-10-18 05:45:00+00:00,1.084481120109558,1.084481120109558,1.084481120109558,1.0843634605407715,1.0843634605407715,0
2024-10-18 05:50:00+00:00,1.0843634605407715,1.0843634605407715,1.084481120109558,1.0843634605407715,1.084481120109558,0
2024-10-18 05:55:00+00:00,1.0847163200378418,1.0847163200378418,1.0847163200378418,1.084481120109558,1.084481120109558,0
2024-10-18 06:00:00+00:00,1.0843634605407715,1.0843634605407715,1.084481120109558,1.0843634605407715,1.084481120109558,0
2024-10-18 06:05:00+00:00,1.0841283798217773,1.0841283798217773,1.084481120109558,1.0841283798217773,1.0843634605407715,0
2024-10-18 06:10:00+00:00,1.0841283798217773,1.0841283798217773,1.0843634605407715,1.0841283798217773,1.0842459201812744,0
2024-10-18 06:15:00+00:00,1.084481120109558,1.084481120109558,1.0845986604690552,1.0842459201812744,1.0842459201812744,0
2024-10-18 06:20:00+00:00,1.0845986604690552,1.0845986604690552,1.0845986604690552,1.084481120109558,1.084481120109558,0
2024-10-18 06:25:00+00:00,1.0848339796066284,1.0848339796066284,1.0848339796066284,1.0847163200378418,1.0847163200378418,0
2024-10-18 06:30:00+00:00,1.0849517583847046,1.0849517583847046,1.0850694179534912,1.0848339796066284,1.0848339796066284,0
2024-10-18 06:35:00+00:00,1.0849517583847046,1.0849517583847046,1.0850694179534912,1.0849517583847046,1.0850694179534912,0
2024-10-18 06:40:00+00:00,1.0848339796066284,1.0848339796066284,1.0848339796066284,1.0847163200378418,1.0848339796066284,0
2024-10-18 06:45:00+00:00,1.0848339796066284,1.0848339796066284,1.0848339796066284,1.0845986604690552,1.0845986604690552,0
2024-10-18 06:50:00+00:00,1.0849517583847046,1.0849517583847046,1.0849517583847046,1.0848339796066284,1.0848339796066284,0
2024-10-18 06:55:00+00:00,1.0848339796066284,1.0848339796066284,1.0848339796066284,1.0847163200378418,1.0848339796066284,0
2024-10-18 07:00:00+00:00,1.0845986604690552,1.0845986604690552,1.0845986604690552,1.084481120109558,1.0845986604690552,0
2024-10-18 07:05:00+00:00,1.0843634605407715,1.0843634605407715,1.0845986604690552,1.0843634605407715,1.084481120109558,0
2024-10-18 07:10:00+00:00,1.0841283798217773,1.0841283798217773,1.0843634605407715,1.0841283798217773,1.0843634605407715,0
2024-10-18 07:15:00+00:00,1.0842459201812744,1.0842459201812744,1.0845986604690552,1.0842459201812744,1.0843634605407715,0
2024-10-18 07:20:00+00:00,1.0843634605407715,1.0843634605407715,1.084481120109558,1.0841283798217773,1.0841283798217773,0
2024-10-18 07:25:00+00:00,1.0841283798217773,1.0841283798217773,1.0843634605407715,1.0840108394622803,1.0843634605407715,0
2024-10-18 07:30:00+00:00,1.0841283798217773,1.0841283798217773,1.0841283798217773,1.0840108394622803,1.0841283798217773,0
2024-10-18 07:35:00+00:00,1.0842459201812744,1.0842459201812744,1.0842459201812744,1.0840108394622803,1.0842459201812744,0
2024-10-18 07:40:00+00:00,1.0841283798217773,1.0841283798217773,1.0842459201812744,1.0841283798217773,1.0842459201812744,0
2024-10-18 07:45:00+00:00,1.0842459201812744,1.0842459201812744,1.0842459201812744,1.0841283798217773,1.0841283798217773,0
2024-10-18 07:50:00+00:00,1.084481120109558,1.084481120109558,1.084481120109558,1.0841283798217773,1.0842459201812744,0
2024-10-18 07:55:00+00:00,1.0845986604690552,1.0845986604690552,1.0847163200378418,1.0845986604690552,1.0847163200378418,0
2024-10-18 08:00:00+00:00,1.0845986604690552,1.0845986604690552,1.0845986604690552,1.084481120109558,1.084481120109558,0
2024-10-18 08:05:00+00:00,1.0845986604690552,1.0845986604690552,1.0845986604690552,1.084481120109558,1.084481120109558,0
2024-10-18 08:10:00+00:00,1.0847163200378418,1.0847163200378418,1.0848339796066284,1.0847163200378418,1.0847163200378418,0
2024-10-18 08:15:00+00:00,1.0847163200378418,1.0847163200378418,1.0847163200378418,1.0845986604690552,1.0847163200378418,0
2024-10-18 08:20:00+00:00,1.0848339796066284,1.0848339796066284,1.0849517583847046,1.0847163200378418,1.0847163200378418,0
2024-10-18 08:25:00+00:00,1.0848339796066284,1.0848339796066284,1.0849517583847046,1.0847163200378418,1.0849517583847046,0
2024-10-18 08:30:00+00:00,1.084481120109558,1.084481120109558,1.0845986604690552,1.0843634605407715,1.0845986604690552,0
2024-10-18 08:35:00+00:00,1.0840108394622803,1.0840108394622803,1.0843634605407715,1.0840108394622803,1.0843634605407715,0
2024-10-18 08:40:00+00:00,1.0840108394622803,1.0840108394622803,1.0840108394622803,1.0840108394622803,1.0840108394622803,0
2024-10-18 08:45:00+00:00,1.0837758779525757,1.0837758779525757,1.0838934183120728,1.0837758779525757,1.0837758779525757,0
2024-10-18 08:50:00+00:00,1.0840108394622803,1.0840108394622803,1.0840108394622803,1.0838934183120728,1.0840108394622803,0
2024-10-18 08:55:00+00:00,1.0841283798217773,1.0841283798217773,1.0842459201812744,1.0840108394622803,1.0840108394622803,0
2024-10-18 09:00:00+00:00,1.0842459201812744,1.0842459201812744,1.0842459201812744,1.0840108394622803,1.0840108394622803,0
2024-10-18 09:05:00+00:00,1.084481120109558,1.084481120109558,1.084481120109558,1.0843634605407715,1.0843634605407715,0
2024-10-18 09:10:00+00:00,1.0847163200378418,1.0847163200378418,1.0847163200378418,1.0845986604690552,1.0845986604690552,0
2024-10-18 09:15:00+00:00,1.084481120109558,1.084481120109558,1.0848339796066284,1.084481120109558,1.0848339796066284,0
2024-10-18 09:20:00+00:00,1.0843634605407715,1.0843634605407715,1.084481120109558,1.0843634605407715,1.084481120109558,0
2024-10-18 09:25:00+00:00,1.0838934183120728,1.0838934183120728,1.0842459201812744,1.0838934183120728,1.0842459201812744,0
2024-10-18 09:30:00+00:00,1.0838934183120728,1.0838934183120728,1.0838934183120728,1.0837758779525757,1.0838934183120728,0
2024-10-18 09:35:00+00:00,1.0840108394622803,1.0840108394622803,1.0840108394622803,1.0837758779525757,1.0837758779525757,0
2024-10-18 09:40:00+00:00,1.0838934183120728,1.0838934183120728,1.0840108394622803,1.0838934183120728,1.0838934183120728,0
2024-10-18 09:45:00+00:00,1.0840108394622803,1.0840108394622803,1.0840108394622803,1.0837758779525757,1.0838934183120728,0
2024-10-18 09:50:00+00:00,1.084481120109558,1.084481120109558,1.084481120109558,1.0840108394622803,1.0840108394622803,0
2024-10-18 09:55:00+00:00,1.0847163200378418,1.0847163200378418,1.0847163200378418,1.0843634605407715,1.084481120109558,0
2024-10-18 10:00:00+00:00,1.084481120109558,1.084481120109558,1.0848339796066284,1.0843634605407715,1.0848339796066284,0
2024-10-18 10:05:00+00:00,1.0843634605407715,1.0843634605407715,1.084481120109558,1.0843634605407715,1.084481120109558,0
2024-10-18 10:10:00+00:00,1.0843634605407715,1.0843634605407715,1.084481120109558,1.0842459201812744,1.0843634605407715,0
2024-10-18 10:15:00+00:00,1.0847163200378418,1.0847163200378418,1.0847163200378418,1.084481120109558,1.084481120109558,0
2024-10-18 10:20:00+00:00,1.0845986604690552,1.0845986604690552,1.0845986604690552,1.084481120109558,1.0845986604690552,0
2024-10-18 10:25:00+00:00,1.0845986604690552,1.0845986604690552,1.0847163200378418,1.0845986604690552,1.0845986604690552,0
2024-10-18 10:30:00+00:00,1.0847163200378418,1.0847163200378418,1.0847163200378418,1.0845986604690552,1.0845986604690552,0
2024-10-18 10:35:00+00:00,1.0848339796066284,1.0848339796066284,1.0848339796066284,1.0847163200378418,1.0848339796066284,0
2024-10-18 10:40:00+00:00,1.0849517583847046,1.0849517583847046,1.0849517583847046,1.0848339796066284,1.0849517583847046,0
2024-10-18 10:45:00+00:00,1.0850694179534912,1.0850694179534912,1.0850694179534912,1.0849517583847046,1.0849517583847046,0
2024-10-18 10:50:00+00:00,1.0850694179534912,1.0850694179534912,1.0850694179534912,1.0850694179534912,1.0850694179534912,0
2024-10-18 10:55:00+00:00,1.0848339796066284,1.0848339796066284,1.0850694179534912,1.0848339796066284,1.0850694179534912,0
2024-10-18 11:00:00+00:00,1.0847163200378418,1.0847163200378418,1.0848339796066284,1.0847163200378418,1.0848339796066284,0
2024-10-18 11:05:00+00:00,1.0847163200378418,1.0847163200378418,1.0847163200378418,1.0845986604690552,1.0845986604690552,0
2024-10-18 11:10:00+00:00,1.0845986604690552,1.0845986604690552,1.0847163200378418,1.0845986604690552,1.0847163200378418,0
2024-10-18 11:15:00+00:00,1.0847163200378418,1.0847163200378418,1.0847163200378418,1.084481120109558,1.0845986604690552,0
2024-10-18 11:20:00+00:00,1.0847163200378418,1.0847163200378418,1.0847163200378418,1.0845986604690552,1.0847163200378418,0
2024-10-18 11:25:00+00:00,1.0848339796066284,1.0848339796066284,1.0848339796066284,1.0848339796066284,1.0848339796066284,0
2024-10-18 11:30:00+00:00,1.0849517583847046,1.0849517583847046,1.0850694179534912,1.0847163200378418,1.0847163200378418,0
2024-10-18 11:35:00+00:00,1.0850694179534912,1.0850694179534912,1.0850694179534912,1.0849517583847046,1.0849517583847046,0
2024-10-18 11:40:00+00:00,1.0849517583847046,1.0849517583847046,1.0851871967315674,1.0849517583847046,1.0850694179534912,0
2024-10-18 11:45:00+00:00,1.0853049755096436,1.0853049755096436,1.0853049755096436,1.0850694179534912,1.0850694179534912,0
2024-10-18 11:50:00+00:00,1.0853049755096436,1.0853049755096436,1.0854227542877197,1.0853049755096436,1.0854227542877197,0
2024-10-18 11:55:00+00:00,1.0850694179534912,1.0850694179534912,1.0851871967315674,1.0849517583847046,1.0850694179534912,0
2024-10-18 12:00:00+00:00,1.0851871967315674,1.0851871967315674,1.0853049755096436,1.0851871967315674,1.0851871967315674,0
2024-10-18 12:05:00+00:00,1.0850694179534912,1.0850694179534912,1.0853049755096436,1.0850694179534912,1.0853049755096436,0
2024-10-18 12:10:00+00:00,1.0853049755096436,1.0853049755096436,1.0853049755096436,1.0850694179534912,1.0850694179534912,0
2024-10-18 12:15:00+00:00,1.0853049755096436,1.0853049755096436,1.0853049755096436,1.0850694179534912,1.0853049755096436,0
2024-10-18 12:20:00+00:00,1.0850694179534912,1.0850694179534912,1.0853049755096436,1.0850694179534912,1.0853049755096436,0
2024-10-18 12:25:00+00:00,1.0850694179534912,1.0850694179534912,1.0851871967315674,1.0850694179534912,1.0850694179534912,0
2024-10-18 12:30:00+00:00,1.0860122442245483,1.0860122442245483,1.0860122442245483,1.0851871967315674,1.0851871967315674,0
2024-10-18 12:35:00+00:00,1.086130142211914,1.086130142211914,1.086130142211914,1.086130142211914,1.086130142211914,0
2024-10-18 12:40:00+00:00,1.0856584310531616,1.0856584310531616,1.0862481594085693,1.0856584310531616,1.0862481594085693,0
2024-10-18 12:45:00+00:00,1.0860122442245483,1.0860122442245483,1.0860122442245483,1.0857763290405273,1.0857763290405273,0
2024-10-18 12:50:00+00:00,1.086130142211914,1.086130142211914,1.086130142211914,1.085894227027893,1.085894227027893,0
2024-10-18 12:55:00+00:00,1.0862481594085693,1.0862481594085693,1.0862481594085693,1.086130142211914,1.0862481594085693,0
2024-10-18 13:00:00+00:00,1.0864840745925903,1.0864840745925903,1.0866022109985352,1.0862481594085693,1.0862481594085693,0
2024-10-18 13:05:00+00:00,1.0863661766052246,1.0863661766052246,1.0863661766052246,1.0862481594085693,1.0862481594085693,0
2024-10-18 13:10:00+00:00,1.0863661766052246,1.0863661766052246,1.0866022109985352,1.0863661766052246,1.0864840745925903,0
2024-10-18 13:15:00+00:00,1.0862481594085693,1.0862481594085693,1.0862481594085693,1.086130142211914,1.0862481594085693,0
2024-10-18 13:20:00+00:00,1.0862481594085693,1.0862481594085693,1.0863661766052246,1.0862481594085693,1.0863661766052246,0
2024-10-18 13:25:00+00:00,1.0863661766052246,1.0863661766052246,1.0863661766052246,1.0862481594085693,1.0863661766052246,0
2024-10-18 13:30:00+00:00,1.0864840745925903,1.0864840745925903,1.0864840745925903,1.0863661766052246,1.0864840745925903,0
2024-10-18 13:35:00+00:00,1.086130142211914,1.086130142211914,1.0863661766052246,1.086130142211914,1.0863661766052246,0
2024-10-18 13:40:00+00:00,1.085894227027893,1.085894227027893,1.086130142211914,1.085894227027893,1.086130142211914,0
2024-10-18 13:45:00+00:00,1.0857763290405273,1.0857763290405273,1.085894227027893,1.0857763290405273,1.085894227027893,0
2024-10-18 13:50:00+00:00,1.0856584310531616,1.0856584310531616,1.0857763290405273,1.0856584310531616,1.0857763290405273,0
2024-10-18 13:55:00+00:00,1.085894227027893,1.085894227027893,1.085894227027893,1.0854227542877197,1.0854227542877197,0
2024-10-18 14:00:00+00:00,1.0860122442245483,1.0860122442245483,1.086130142211914,1.0860122442245483,1.086130142211914,0
2024-10-18 14:05:00+00:00,1.0862481594085693,1.0862481594085693,1.0863661766052246,1.0860122442245483,1.0860122442245483,0
2024-10-18 14:10:00+00:00,1.0862481594085693,1.0862481594085693,1.0862481594085693,1.0862481594085693,1.0862481594085693,0
2024-10-18 14:15:00+00:00,1.0862481594085693,1.0862481594085693,1.0864840745925903,1.0862481594085693,1.0864840745925903,0
2024-10-18 14:20:00+00:00,1.0864840745925903,1.0864840745925903,1.0866022109985352,1.0862481594085693,1.0862481594085693,0
2024-10-18 14:25:00+00:00,1.0863661766052246,1.0863661766052246,1.0864840745925903,1.0863661766052246,1.0864840745925903,0
2024-10-18 14:30:00+00:00,1.0862481594085693,1.0862481594085693,1.0863661766052246,1.0862481594085693,1.0862481594085693,0
2024-10-18 14:35:00+00:00,1.0862481594085693,1.0862481594085693,1.0862481594085693,1.086130142211914,1.086130142211914,0
2024-10-18 14:40:00+00:00,1.0862481594085693,1.0862481594085693,1.0863661766052246,1.0862481594085693,1.0862481594085693,0
2024-10-18 14:45:00+00:00,1.086130142211914,1.086130142211914,1.0862481594085693,1.086130142211914,1.0862481594085693,0
2024-10-18 14:50:00+00:00,1.085894227027893,1.085894227027893,1.0860122442245483,1.085894227027893,1.0860122442245483,0
2024-10-18 14:55:00+00:00,1.0860122442245483,1.0860122442245483,1.0860122442245483,1.085894227027893,1.085894227027893,0
2024-10-18 15:00:00+00:00,1.086130142211914,1.086130142211914,1.086130142211914,1.086130142211914,1.086130142211914,0
2024-10-18 15:05:00+00:00,1.0860122442245483,1.0860122442245483,1.0862481594085693,1.0860122442245483,1.0862481594085693,0
2024-10-18 15:10:00+00:00,1.0862481594085693,1.0862481594085693,1.0862481594085693,1.0860122442245483,1.0860122442245483,0
2024-10-18 15:15:00+00:00,1.085894227027893,1.085894227027893,1.086130142211914,1.0857763290405273,1.086130142211914,0
2024-10-18 15:20:00+00:00,1.086130142211914,1.086130142211914,1.086130142211914,1.085894227027893,1.085894227027893,0
2024-10-18 15:25:00+00:00,1.0862481594085693,1.0862481594085693,1.0862481594085693,1.0860122442245483,1.086130142211914,0
2024-10-18 15:30:00+00:00,1.086130142211914,1.086130142211914,1.0862481594085693,1.0860122442245483,1.0862481594085693,0
2024-10-18 15:35:00+00:00,1.086130142211914,1.086130142211914,1.0862481594085693,1.086130142211914,1.086130142211914,0
2024-10-18 15:40:00+00:00,1.0857763290405273,1.0857763290405273,1.0860122442245483,1.0857763290405273,1.085894227027893,0
2024-10-18 15:45:00+00:00,1.085894227027893,1.085894227027893,1.085894227027893,1.0856584310531616,1.0856584310531616,0
2024-10-18 15:50:00+00:00,1.0857763290405273,1.0857763290405273,1.085894227027893,1.0857763290405273,1.085894227027893,0
2024-10-18 15:55:00+00:00,1.0856584310531616,1.0856584310531616,1.0856584310531616,1.0856584310531616,1.0856584310531616,0
2024-10-18 16:00:00+00:00,1.0856584310531616,1.0856584310531616,1.0856584310531616,1.0855406522750854,1.0856584310531616,0
2024-10-18 16:05:00+00:00,1.085894227027893,1.085894227027893,1.085894227027893,1.0857763290405273,1.0857763290405273,0
2024-10-18 16:10:00+00:00,1.0860122442245483,1.0860122442245483,1.0860122442245483,1.085894227027893,1.0860122442245483,0
2024-10-18 16:15:00+00:00,1.0862481594085693,1.0862481594085693,1.0862481594085693,1.0860122442245483,1.0860122442245483,0
2024-10-18 16:20:00+00:00,1.0864840745925903,1.0864840745925903,1.0864840745925903,1.0860122442245483,1.086130142211914,0
2024-10-18 16:25:00+00:00,1.0866022109985352,1.0866022109985352,1.0866022109985352,1.0863661766052246,1.0863661766052246,0
2024-10-18 16:30:00+00:00,1.0864840745925903,1.0864840745925903,1.0866022109985352,1.0863661766052246,1.0866022109985352,0
2024-10-18 16:35:00+00:00,1.0866022109985352,1.0866022109985352,1.08672034740448,1.0864840745925903,1.0864840745925903,0
2024-10-18 16:40:00+00:00,1.08695650100708,1.08695650100708,1.08695650100708,1.08672034740448,1.08672034740448,0
2024-10-18 16:45:00+00:00,1.08672034740448,1.08672034740448,1.087074637413025,1.08672034740448,1.08695650100708,0
2024-10-18 16:50:00+00:00,1.0868383646011353,1.0868383646011353,1.0868383646011353,1.0868383646011353,1.0868383646011353,0
2024-10-18 16:55:00+00:00,1.08695650100708,1.08695650100708,1.087074637413025,1.08695650100708,1.08695650100708,0
2024-10-18 17:00:00+00:00,1.08672034740448,1.08672034740448,1.0868383646011353,1.08672034740448,1.0868383646011353,0
2024-10-18 17:05:00+00:00,1.08672034740448,1.08672034740448,1.08672034740448,1.0866022109985352,1.0866022109985352,0
2024-10-18 17:10:00+00:00,1.08672034740448,1.08672034740448,1.0868383646011353,1.08672034740448,1.08672034740448,0
2024-10-18 17:15:00+00:00,1.0866022109985352,1.0866022109985352,1.08672034740448,1.0866022109985352,1.08672034740448,0
2024-10-18 17:20:00+00:00,1.08672034740448,1.08672034740448,1.08672034740448,1.08672034740448,1.08672034740448,0
2024-10-18 17:25:00+00:00,1.0864840745925903,1.0864840745925903,1.08672034740448,1.0864840745925903,1.0866022109985352,0
2024-10-18 17:30:00+00:00,1.0866022109985352,1.0866022109985352,1.0866022109985352,1.0864840745925903,1.0864840745925903,0
2024-10-18 17:35:00+00:00,1.0864840745925903,1.0864840745925903,1.0864840745925903,1.0864840745925903,1.0864840745925903,0
2024-10-18 17:40:00+00:00,1.0862481594085693,1.0862481594085693,1.0864840745925903,1.0862481594085693,1.0864840745925903,0
2024-10-18 17:45:00+00:00,1.0862481594085693,1.0862481594085693,1.0863661766052246,1.0862481594085693,1.0863661766052246,0
2024-10-18 17:50:00+00:00,1.0863661766052246,1.0863661766052246,1.0863661766052246,1.0862481594085693,1.0862481594085693,0
2024-10-18 17:55:00+00:00,1.0864840745925903,1.0864840745925903,1.0864840745925903,1.0863661766052246,1.0863661766052246,0
2024-10-18 18:00:00+00:00,1.0864840745925903,1.0864840745925903,1.0864840745925903,1.0864840745925903,1.0864840745925903,0
2024-10-18 18:05:00+00:00,1.0866022109985352,1.0866022109985352,1.0866022109985352,1.0866022109985352,1.0866022109985352,0
2024-10-18 18:10:00+00:00,1.0864840745925903,1.0864840745925903,1.0866022109985352,1.0864840745925903,1.0866022109985352,0
2024-10-18 18:15:00+00:00,1.0864840745925903,1.0864840745925903,1.0866022109985352,1.0864840745925903,1.0864840745925903,0
2024-10-18 18:20:00+00:00,1.08672034740448,1.08672034740448,1.08672034740448,1.0866022109985352,1.0866022109985352,0
2024-10-18 18:25:00+00:00,1.08672034740448,1.08672034740448,1.08672034740448,1.08672034740448,1.08672034740448,0
2024-10-18 18:30:00+00:00,1.0866022109985352,1.0866022109985352,1.08672034740448,1.0866022109985352,1.08672034740448,0
2024-10-18 18:35:00+00:00,1.0866022109985352,1.0866022109985352,1.0866022109985352,1.0866022109985352,1.0866022109985352,0
2024-10-18 18:40:00+00:00,1.0866022109985352,1.0866022109985352,1.0866022109985352,1.0864840745925903,1.0866022109985352,0
2024-10-18 18:45:00+00:00,1.08695650100708,1.08695650100708,1.08695650100708,1.08672034740448,1.08672034740448,0
2024-10-18 18:50:00+00:00,1.08695650100708,1.08695650100708,1.087074637413025,1.08695650100708,1.08695650100708,0
2024-10-18 18:55:00+00:00,1.0868383646011353,1.0868383646011353,1.087074637413025,1.0868383646011353,1.087074637413025,0
2024-10-18 19:00:00+00:00,1.08672034740448,1.08672034740448,1.0868383646011353,1.0866022109985352,1.0868383646011353,0
2024-10-18 19:05:00+00:00,1.08672034740448,1.08672034740448,1.08672034740448,1.08672034740448,1.08672034740448,0
2024-10-18 19:10:00+00:00,1.0866022109985352,1.0866022109985352,1.08672034740448,1.0866022109985352,1.0866022109985352,0
2024-10-18 19:15:00+00:00,1.0866022109985352,1.0866022109985352,1.0866022109985352,1.0866022109985352,1.0866022109985352,0
2024-10-18 19:20:00+00:00,1.08672034740448,1.08672034740448,1.08672034740448,1.08672034740448,1.08672034740448,0
2024-10-18 19:25:00+00:00,1.0868383646011353,1.0868383646011353,1.0868383646011353,1.08672034740448,1.08672034740448,0
2024-10-18 19:30:00+00:00,1.08672034740448,1.08672034740448,1.0868383646011353,1.08672034740448,1.08672034740448,0
2024-10-18 19:35:00+00:00,1.08672034740448,1.08672034740448,1.08672034740448,1.0866022109985352,1.08672034740448,0
2024-10-18 19:40:00+00:00,1.08672034740448,1.08672034740448,1.08672034740448,1.0866022109985352,1.08672034740448,0
2024-10-18 19:45:00+00:00,1.08672034740448,1.08672034740448,1.08672034740448,1.08672034740448,1.08672034740448,0
2024-10-18 19:50:00+00:00,1.08672034740448,1.08672034740448,1.08672034740448,1.08672034740448,1.08672034740448,0
2024-10-18 19:55:00+00:00,1.08672034740448,1.08672034740448,1.0868383646011353,1.08672034740448,1.08672034740448,0
2024-10-18 20:00:00+00:00,1.0868383646011353,1.0868383646011353,1.0868383646011353,1.0866022109985352,1.0866022109985352,0
2024-10-18 20:05:00+00:00,1.08695650100708,1.08695650100708,1.08695650100708,1.0868383646011353,1.0868383646011353,0
2024-10-18 20:10:00+00:00,1.08695650100708,1.08695650100708,1.08695650100708,1.0868383646011353,1.08695650100708,0
2024-10-18 20:15:00+00:00,1.087074637413025,1.087074637413025,1.087074637413025,1.08695650100708,1.08695650100708,0
2024-10-18 20:20:00+00:00,1.087074637413025,1.087074637413025,1.087074637413025,1.08695650100708,1.087074637413025,0
2024-10-18 20:25:00+00:00,1.0871928930282593,1.0871928930282593,1.0871928930282593,1.0871928930282593,1.0871928930282593,0
2024-10-18 20:30:00+00:00,1.087311029434204,1.087311029434204,1.087311029434204,1.0871928930282593,1.0871928930282593,0
2024-10-18 20:35:00+00:00,1.087074637413025,1.087074637413025,1.0871928930282593,1.087074637413025,1.0871928930282593,0
2024-10-18 20:40:00+00:00,1.087074637413025,1.087074637413025,1.087074637413025,1.08695650100708,1.087074637413025,0
2024-10-18 20:45:00+00:00,1.087074637413025,1.087074637413025,1.087074637413025,1.08695650100708,1.087074637413025,0
2024-10-18 20:50:00+00:00,1.08695650100708,1.08695650100708,1.087074637413025,1.08695650100708,1.08695650100708,0
2024-10-18 20:55:00+00:00,1.087074637413025,1.087074637413025,1.087074637413025,1.087074637413025,1.087074637413025,0
2024-10-18 21:00:00+00:00,1.08695650100708,1.08695650100708,1.08695650100708,1.08695650100708,1.08695650100708,0
2024-10-18 21:05:00+00:00,1.08695650100708,1.08695650100708,1.08695650100708,1.08695650100708,1.08695650100708,0
2024-10-18 21:10:00+00:00,1.08695650100708,1.08695650100708,1.08695650100708,1.08695650100708,1.08695650100708,0
2024-10-18 21:15:00+00:00,1.08695650100708,1.08695650100708,1.08695650100708,1.08695650100708,1.08695650100708,0
2024-10-18 21:20:00+00:00,1.08695650100708,1.08695650100708,1.08695650100708,1.08695650100708,1.08695650100708,0
2024-10-18 21:25:00+00:00,1.08695650100708,1.08695650100708,1.08695650100708,1.08695650100708,1.08695650100708,0
2024-10-20 23:00:00+00:00,1.0871928930282593,1.0871928930282593,1.087311029434204,1.0871928930282593,1.0871928930282593,0
2024-10-20 23:05:00+00:00,1.0871928930282593,1.0871928930282593,1.087311029434204,1.087074637413025,1.087311029434204,0
2024-10-20 23:10:00+00:00,1.0871928930282593,1.0871928930282593,1.0871928930282593,1.087074637413025,1.0871928930282593,0
2024-10-20 23:15:00+00:00,1.0871928930282593,1.0871928930282593,1.0871928930282593,1.0871928930282593,1.0871928930282593,0
2024-10-20 23:20:00+00:00,1.087074637413025,1.087074637413025,1.0871928930282593,1.087074637413025,1.0871928930282593,0
2024-10-20 23:25:00+00:00,1.08695650100708,1.08695650100708,1.087074637413025,1.08695650100708,1.087074637413025,0
2024-10-20 23:30:00+00:00,1.087074637413025,1.087074637413025,1.087074637413025,1.08695650100708,1.08695650100708,0
2024-10-20 23:35:00+00:00,1.08695650100708,1.08695650100708,1.0871928930282593,1.08695650100708,1.087074637413025,0
2024-10-20 23:40:00+00:00,1.08695650100708,1.08695650100708,1.087074637413025,1.08695650100708,1.08695650100708,0
2024-10-20 23:45:00+00:00,1.0868383646011353,1.0868383646011353,1.08695650100708,1.0868383646011353,1.08695650100708,0
2024-10-20 23:50:00+00:00,1.0868383646011353,1.0868383646011353,1.08695650100708,1.0868383646011353,1.08695650100708,0
2024-10-20 23:55:00+00:00,1.087074637413025,1.087074637413025,1.087074637413025,1.0868383646011353,1.0868383646011353,0
2024-10-21 00:00:00+00:00,1.087074637413025,1.087074637413025,1.0871928930282593,1.087074637413025,1.0871928930282593,0
2024-10-21 00:05:00+00:00,1.087074637413025,1.087074637413025,1.0871928930282593,1.087074637413025,1.087074637413025,0
2024-10-21 00:10:00+00:00,1.0868383646011353,1.0868383646011353,1.08695650100708,1.0868383646011353,1.08695650100708,0
2024-10-21 00:15:00+00:00,1.0868383646011353,1.0868383646011353,1.08695650100708,1.08672034740448,1.08672034740448,0
2024-10-21 00:20:00+00:00,1.08672034740448,1.08672034740448,1.0868383646011353,1.08672034740448,1.0868383646011353,0
2024-10-21 00:25:00+00:00,1.0868383646011353,1.0868383646011353,1.0868383646011353,1.08672034740448,1.08672034740448,0
2024-10-21 00:30:00+00:00,1.08695650100708,1.08695650100708,1.08695650100708,1.08695650100708,1.08695650100708,0
2024-10-21 00:35:00+00:00,1.08695650100708,1.08695650100708,1.08695650100708,1.08695650100708,1.08695650100708,0
2024-10-21 00:40:00+00:00,1.08672034740448,1.08672034740448,1.08695650100708,1.08672034740448,1.08695650100708,0
2024-10-21 00:45:00+00:00,1.08672034740448,1.08672034740448,1.08672034740448,1.08672034740448,1.08672034740448,0
2024-10-21 00:50:00+00:00,1.0868383646011353,1.0868383646011353,1.0868383646011353,1.08672034740448,1.08672034740448,0
2024-10-21 00:55:00+00:00,1.0868383646011353,1.0868383646011353,1.0868383646011353,1.08672034740448,1.08672034740448,0
2024-10-21 01:00:00+00:00,1.0868383646011353,1.0868383646011353,1.0868383646011353,1.0868383646011353,1.0868383646011353,0
2024-10-21 01:05:00+00:00,1.0868383646011353,1.0868383646011353,1.08695650100708,1.0868383646011353,1.08695650100708,0
2024-10-21 01:10:00+00:00,1.0868383646011353,1.0868383646011353,1.0868383646011353,1.08672034740448,1.08672034740448,0
2024-10-21 01:15:00+00:00,1.0868383646011353,1.0868383646011353,1.0868383646011353,1.08672034740448,1.08672034740448,0
2024-10-21 01:20:00+00:00,1.08695650100708,1.08695650100708,1.08695650100708,1.0868383646011353,1.08695650100708,0
2024-10-21 01:25:00+00:00,1.08695650100708,1.08695650100708,1.08695650100708,1.0868383646011353,1.0868383646011353,0
2024-10-21 01:30:00+00:00,1.087074637413025,1.087074637413025,1.087074637413025,1.0868383646011353,1.087074637413025,0
2024-10-21 01:35:00+00:00,1.0868383646011353,1.0868383646011353,1.087074637413025,1.0868383646011353,1.087074637413025,0
2024-10-21 01:40:00+00:00,1.087074637413025,1.087074637413025,1.087074637413025,1.0868383646011353,1.0868383646011353,0
2024-10-21 01:45:00+00:00,1.08695650100708,1.08695650100708,1.087074637413025,1.08695650100708,1.087074637413025,0
2024-10-21 01:50:00+00:00,1.08695650100708,1.08695650100708,1.08695650100708,1.0868383646011353,1.0868383646011353,0
2024-10-21 01:55:00+00:00,1.0868383646011353,1.0868383646011353,1.08695650100708,1.0868383646011353,1.08695650100708,0
2024-10-21 02:00:00+00:00,1.0868383646011353,1.0868383646011353,1.08695650100708,1.0868383646011353,1.0868383646011353,0
2024-10-21 02:05:00+00:00,1.0868383646011353,1.0868383646011353,1.0868383646011353,1.0868383646011353,1.0868383646011353,0
2024-10-21 02:10:00+00:00,1.0868383646011353,1.0868383646011353,1.0868383646011353,1.08672034740448,1.08672034740448,0
2024-10-21 02:15:00+00:00,1.0868383646011353,1.0868383646011353,1.0868383646011353,1.0868383646011353,1.0868383646011353,0
2024-10-21 02:20:00+00:00,1.0868383646011353,1.0868383646011353,1.0868383646011353,1.0868383646011353,1.0868383646011353,0
2024-10-21 02:25:00+00:00,1.08695650100708,1.08695650100708,1.08695650100708,1.0868383646011353,1.0868383646011353,0
2024-10-21 02:30:00+00:00,1.08695650100708,1.08695650100708,1.087074637413025,1.0868383646011353,1.087074637413025,0
2024-10-21 02:35:00+00:00,1.08695650100708,1.08695650100708,1.08695650100708,1.08695650100708,1.08695650100708,0
2024-10-21 02:40:00+00:00,1.08695650100708,1.08695650100708,1.08695650100708,1.08695650100708,1.08695650100708,0
2024-10-21 02:45:00+00:00,1.0868383646011353,1.0868383646011353,1.0868383646011353,1.0868383646011353,1.0868383646011353,0
2024-10-21 02:50:00+00:00,1.08695650100708,1.08695650100708,1.08695650100708,1.0868383646011353,1.08695650100708,0
2024-10-21 02:55:00+00:00,1.08672034740448,1.08672034740448,1.0868383646011353,1.08672034740448,1.0868383646011353,0
2024-10-21 03:00:00+00:00,1.0868383646011353,1.0868383646011353,1.0868383646011353,1.0868383646011353,1.0868383646011353,0
2024-10-21 03:05:00+00:00,1.08695650100708,1.08695650100708,1.08695650100708,1.0868383646011353,1.0868383646011353,0
2024-10-21 03:10:00+00:00,1.08695650100708,1.08695650100708,1.08695650100708,1.08695650100708,1.08695650100708,0
2024-10-21 03:15:00+00:00,1.0868383646011353,1.0868383646011353,1.08695650100708,1.0868383646011353,1.08695650100708,0
2024-10-21 03:20:00+00:00,1.0868383646011353,1.0868383646011353,1.08695650100708,1.0868383646011353,1.0868383646011353,0
2024-10-21 03:25:00+00:00,1.0868383646011353,1.0868383646011353,1.0868383646011353,1.0868383646011353,1.0868383646011353,0
2024-10-21 03:30:00+00:00,1.08695650100708,1.08695650100708,1.08695650100708,1.0868383646011353,1.0868383646011353,0
2024-10-21 03:35:00+00:00,1.087074637413025,1.087074637413025,1.087074637413025,1.08695650100708,1.08695650100708,0
2024-10-21 03:40:00+00:00,1.08695650100708,1.08695650100708,1.087074637413025,1.08695650100708,1.087074637413025,0
2024-10-21 03:45:00+00:00,1.08695650100708,1.08695650100708,1.08695650100708,1.08695650100708,1.08695650100708,0
2024-10-21 03:50:00+00:00,1.08695650100708,1.08695650100708,1.08695650100708,1.08695650100708,1.08695650100708,0
2024-10-21 03:55:00+00:00,1.08695650100708,1.08695650100708,1.08695650100708,1.08695650100708,1.08695650100708,0
2024-10-21 04:00:00+00:00,1.0868383646011353,1.0868383646011353,1.08695650100708,1.0868383646011353,1.08695650100708,0
2024-10-21 04:05:00+00:00,1.0868383646011353,1.0868383646011353,1.0868383646011353,1.0868383646011353,1.0868383646011353,0
2024-10-21 04:10:00+00:00,1.0868383646011353,1.0868383646011353,1.0868383646011353,1.08672034740448,1.0868383646011353,0
2024-10-21 04:15:00+00:00,1.08672034740448,1.08672034740448,1.0868383646011353,1.08672034740448,1.0868383646011353,0
2024-10-21 04:20:00+00:00,1.08672034740448,1.08672034740448,1.0868383646011353,1.08672034740448,1.08672034740448,0
2024-10-21 04:25:00+00:00,1.08672034740448,1.08672034740448,1.08672034740448,1.08672034740448,1.08672034740448,0
2024-10-21 04:30:00+00:00,1.0866022109985352,1.0866022109985352,1.08672034740448,1.0866022109985352,1.08672034740448,0
2024-10-21 04:35:00+00:00,1.0864840745925903,1.0864840745925903,1.0866022109985352,1.0864840745925903,1.0866022109985352,0
2024-10-21 04:40:00+00:00,1.0864840745925903,1.0864840745925903,1.0864840745925903,1.0863661766052246,1.0864840745925903,0
2024-10-21 04:45:00+00:00,1.0864840745925903,1.0864840745925903,1.0864840745925903,1.0863661766052246,1.0863661766052246,0
2024-10-21 04:50:00+00:00,1.0862481594085693,1.0862481594085693,1.0862481594085693,1.0862481594085693,1.0862481594085693,0
2024-10-21 04:55:00+00:00,1.0862481594085693,1.0862481594085693,1.0862481594085693,1.0862481594085693,1.0862481594085693,0
2024-10-21 05:00:00+00:00,1.0863661766052246,1.0863661766052246,1.0863661766052246,1.086130142211914,1.086130142211914,0
2024-10-21 05:05:00+00:00,1.0864840745925903,1.0864840745925903,1.0864840745925903,1.0863661766052246,1.0864840745925903,0
2024-10-21 05:10:00+00:00,1.0866022109985352,1.0866022109985352,1.0866022109985352,1.0864840745925903,1.0864840745925903,0
2024-10-21 05:15:00+00:00,1.0864840745925903,1.0864840745925903,1.0864840745925903,1.0864840745925903,1.0864840745925903,0
2024-10-21 05:20:00+00:00,1.0866022109985352,1.0866022109985352,1.0866022109985352,1.0864840745925903,1.0864840745925903,0
2024-10-21 05:25:00+00:00,1.0864840745925903,1.0864840745925903,1.0864840745925903,1.0864840745925903,1.0864840745925903,0
2024-10-21 05:30:00+00:00,1.0863661766052246,1.0863661766052246,1.0864840745925903,1.0863661766052246,1.0864840745925903,0
2024-10-21 05:35:00+00:00,1.0863661766052246,1.0863661766052246,1.0863661766052246,1.0862481594085693,1.0863661766052246,0
2024-10-21 05:40:00+00:00,1.0863661766052246,1.0863661766052246,1.0863661766052246,1.0863661766052246,1.0863661766052246,0
2024-10-21 05:45:00+00:00,1.0864840745925903,1.0864840745925903,1.0864840745925903,1.0863661766052246,1.0863661766052246,0
2024-10-21 05:50:00+00:00,1.0864840745925903,1.0864840745925903,1.0864840745925903,1.0863661766052246,1.0863661766052246,0
2024-10-21 05:55:00+00:00,1.0862481594085693,1.0862481594085693,1.0863661766052246,1.086130142211914,1.0863661766052246,0
2024-10-21 06:00:00+00:00,1.086130142211914,1.086130142211914,1.086130142211914,1.086130142211914,1.086130142211914,0
2024-10-21 06:05:00+00:00,1.0860122442245483,1.0860122442245483,1.086130142211914,1.0860122442245483,1.086130142211914,0
2024-10-21 06:10:00+00:00,1.085894227027893,1.085894227027893,1.0860122442245483,1.0857763290405273,1.0860122442245483,0
2024-10-21 06:15:00+00:00,1.085894227027893,1.085894227027893,1.085894227027893,1.085894227027893,1.085894227027893,0
2024-10-21 06:20:00+00:00,1.085894227027893,1.085894227027893,1.085894227027893,1.0857763290405273,1.085894227027893,0
2024-10-21 06:25:00+00:00,1.0857763290405273,1.0857763290405273,1.085894227027893,1.0857763290405273,1.085894227027893,0
2024-10-21 06:30:00+00:00,1.085894227027893,1.085894227027893,1.085894227027893,1.085894227027893,1.085894227027893,0
2024-10-21 06:35:00+00:00,1.085894227027893,1.085894227027893,1.085894227027893,1.0857763290405273,1.0857763290405273,0
2024-10-21 06:40:00+00:00,1.0854227542877197,1.0854227542877197,1.0857763290405273,1.0854227542877197,1.0857763290405273,0
2024-10-21 06:45:00+00:00,1.0855406522750854,1.0855406522750854,1.0856584310531616,1.0855406522750854,1.0855406522750854,0
2024-10-21 06:50:00+00:00,1.0854227542877197,1.0854227542877197,1.0855406522750854,1.0854227542877197,1.0855406522750854,0
2024-10-21 06:55:00+00:00,1.0855406522750854,1.0855406522750854,1.0855406522750854,1.0853049755096436,1.0853049755096436,0
2024-10-21 07:00:00+00:00,1.0853049755096436,1.0853049755096436,1.0855406522750854,1.0853049755096436,1.0855406522750854,0
2024-10-21 07:05:00+00:00,1.0857763290405273,1.0857763290405273,1.0857763290405273,1.0854227542877197,1.0854227542877197,0
2024-10-21 07:10:00+00:00,1.0857763290405273,1.0857763290405273,1.0857763290405273,1.0857763290405273,1.0857763290405273,0
2024-10-21 07:15:00+00:00,1.0857763290405273,1.0857763290405273,1.0857763290405273,1.0856584310531616,1.0856584310531616,0
2024-10-21 07:20:00+00:00,1.0855406522750854,1.0855406522750854,1.085894227027893,1.0855406522750854,1.0857763290405273,0
2024-10-21 07:25:00+00:00,1.0856584310531616,1.0856584310531616,1.0857763290405273,1.0856584310531616,1.0857763290405273,0
2024-10-21 07:30:00+00:00,1.0855406522750854,1.0855406522750854,1.0855406522750854,1.0854227542877197,1.0854227542877197,0
2024-10-21 07:35:00+00:00,1.0855406522750854,1.0855406522750854,1.0855406522750854,1.0854227542877197,1.0855406522750854,0
2024-10-21 07:40:00+00:00,1.0853049755096436,1.0853049755096436,1.0855406522750854,1.0851871967315674,1.0855406522750854,0
2024-10-21 07:45:00+00:00,1.0854227542877197,1.0854227542877197,1.0855406522750854,1.0854227542877197,1.0854227542877197,0
2024-10-21 07:50:00+00:00,1.0851871967315674,1.0851871967315674,1.0854227542877197,1.0851871967315674,1.0854227542877197,0
2024-10-21 07:55:00+00:00,1.0850694179534912,1.0850694179534912,1.0851871967315674,1.0849517583847046,1.0851871967315674,0
2024-10-21 08:00:00+00:00,1.0853049755096436,1.0853049755096436,1.0853049755096436,1.0850694179534912,1.0850694179534912,0
2024-10-21 08:05:00+00:00,1.0851871967315674,1.0851871967315674,1.0853049755096436,1.0851871967315674,1.0853049755096436,0
2024-10-21 08:10:00+00:00,1.0854227542877197,1.0854227542877197,1.0854227542877197,1.0851871967315674,1.0851871967315674,0
2024-10-21 08:15:00+00:00,1.0854227542877197,1.0854227542877197,1.0854227542877197,1.0854227542877197,1.0854227542877197,0
2024-10-21 08:20:00+00:00,1.0855406522750854,1.0855406522750854,1.0855406522750854,1.0854227542877197,1.0854227542877197,0
2024-10-21 08:25:00+00:00,1.0854227542877197,1.0854227542877197,1.0856584310531616,1.0854227542877197,1.0856584310531616,0
2024-10-21 08:30:00+00:00,1.0855406522750854,1.0855406522750854,1.0855406522750854,1.0854227542877197,1.0855406522750854,0
2024-10-21 08:35:00+00:00,1.0855406522750854,1.0855406522750854,1.0855406522750854,1.0854227542877197,1.0854227542877197,0
2024-10-21 08:40:00+00:00,1.0857763290405273,1.0857763290405273,1.0857763290405273,1.0855406522750854,1.0855406522750854,0
2024-10-21 08:45:00+00:00,1.0856584310531616,1.0856584310531616,1.0857763290405273,1.0856584310531616,1.0857763290405273,0
2024-10-21 08:50:00+00:00,1.085894227027893,1.085894227027893,1.085894227027893,1.0855406522750854,1.0855406522750854,0
2024-10-21 08:55:00+00:00,1.085894227027893,1.085894227027893,1.0860122442245483,1.085894227027893,1.085894227027893,0
2024-10-21 09:00:00+00:00,1.085894227027893,1.085894227027893,1.085894227027893,1.0857763290405273,1.0857763290405273,0
2024-10-21 09:05:00+00:00,1.085894227027893,1.085894227027893,1.085894227027893,1.0857763290405273,1.0857763290405273,0
2024-10-21 09:10:00+00:00,1.085894227027893,1.085894227027893,1.085894227027893,1.0857763290405273,1.085894227027893,0
2024-10-21 09:15:00+00:00,1.085894227027893,1.085894227027893,1.085894227027893,1.0857763290405273,1.085894227027893,0
2024-10-21 09:20:00+00:00,1.085894227027893,1.085894227027893,1.0860122442245483,1.085894227027893,1.0860122442245483,0
2024-10-21 09:25:00+00:00,1.085894227027893,1.085894227027893,1.0860122442245483,1.085894227027893,1.085894227027893,0
2024-10-21 09:30:00+00:00,1.0860122442245483,1.0860122442245483,1.0860122442245483,1.0857763290405273,1.085894227027893,0
2024-10-21 09:35:00+00:00,1.0860122442245483,1.0860122442245483,1.086130142211914,1.0860122442245483,1.0860122442245483,0
2024-10-21 09:40:00+00:00,1.0857763290405273,1.0857763290405273,1.0860122442245483,1.0857763290405273,1.0860122442245483,0
2024-10-21 09:45:00+00:00,1.0856584310531616,1.0856584310531616,1.0857763290405273,1.0856584310531616,1.0857763290405273,0
2024-10-21 09:50:00+00:00,1.0851871967315674,1.0851871967315674,1.0855406522750854,1.0851871967315674,1.0855406522750854,0
2024-10-21 09:55:00+00:00,1.0849517583847046,1.0849517583847046,1.0851871967315674,1.0848339796066284,1.0851871967315674,0
2024-10-21 10:00:00+00:00,1.0849517583847046,1.0849517583847046,1.0849517583847046,1.0848339796066284,1.0849517583847046,0
2024-10-21 10:05:00+00:00,1.0848339796066284,1.0848339796066284,1.0851871967315674,1.0848339796066284,1.0850694179534912,0
2024-10-21 10:10:00+00:00,1.0850694179534912,1.0850694179534912,1.0850694179534912,1.0848339796066284,1.0848339796066284,0
2024-10-21 10:15:00+00:00,1.0850694179534912,1.0850694179534912,1.0850694179534912,1.0849517583847046,1.0849517583847046,0
2024-10-21 10:20:00+00:00,1.0850694179534912,1.0850694179534912,1.0851871967315674,1.0850694179534912,1.0851871967315674,0
2024-10-21 10:25:00+00:00,1.0848339796066284,1.0848339796066284,1.0851871967315674,1.0848339796066284,1.0851871967315674,0
2024-10-21 10:30:00+00:00,1.0850694179534912,1.0850694179534912,1.0850694179534912,1.0849517583847046,1.0849517583847046,0
2024-10-21 10:35:00+00:00,1.0849517583847046,1.0849517583847046,1.0850694179534912,1.0849517583847046,1.0850694179534912,0
2024-10-21 10:40:00+00:00,1.0850694179534912,1.0850694179534912,1.0850694179534912,1.0849517583847046,1.0849517583847046,0
2024-10-21 10:45:00+00:00,1.0850694179534912,1.0850694179534912,1.0850694179534912,1.0849517583847046,1.0850694179534912,0
2024-10-21 10:50:00+00:00,1.0851871967315674,1.0851871967315674,1.0851871967315674,1.0850694179534912,1.0850694179534912,0
2024-10-21 10:55:00+00:00,1.0849517583847046,1.0849517583847046,1.0850694179534912,1.0849517583847046,1.0850694179534912,0
2024-10-21 11:00:00+00:00,1.0849517583847046,1.0849517583847046,1.0850694179534912,1.0849517583847046,1.0850694179534912,0
2024-10-21 11:05:00+00:00,1.0850694179534912,1.0850694179534912,1.0850694179534912,1.0849517583847046,1.0850694179534912,0
2024-10-21 11:10:00+00:00,1.0851871967315674,1.0851871967315674,1.0851871967315674,1.0850694179534912,1.0850694179534912,0
2024-10-21 11:15:00+00:00,1.0850694179534912,1.0850694179534912,1.0851871967315674,1.0850694179534912,1.0851871967315674,0
2024-10-21 11:20:00+00:00,1.0853049755096436,1.0853049755096436,1.0853049755096436,1.0850694179534912,1.0851871967315674,0
2024-10-21 11:25:00+00:00,1.0854227542877197,1.0854227542877197,1.0854227542877197,1.0853049755096436,1.0853049755096436,0
2024-10-21 11:30:00+00:00,1.0854227542877197,1.0854227542877197,1.0855406522750854,1.0854227542877197,1.0854227542877197,0
2024-10-21 11:35:00+00:00,1.0853049755096436,1.0853049755096436,1.0854227542877197,1.0851871967315674,1.0854227542877197,0
2024-10-21 11:40:00+00:00,1.0854227542877197,1.0854227542877197,1.0854227542877197,1.0853049755096436,1.0853049755096436,0
2024-10-21 11:45:00+00:00,1.0856584310531616,1.0856584310531616,1.0856584310531616,1.0854227542877197,1.0854227542877197,0
2024-10-21 11:50:00+00:00,1.0856584310531616,1.0856584310531616,1.0856584310531616,1.0854227542877197,1.0854227542877197,0
2024-10-21 11:55:00+00:00,1.085894227027893,1.085894227027893,1.085894227027893,1.0855406522750854,1.0855406522750854,0
2024-10-21 12:00:00+00:00,1.0856584310531616,1.0856584310531616,1.085894227027893,1.0855406522750854,1.085894227027893,0
2024-10-21 12:05:00+00:00,1.0856584310531616,1.0856584310531616,1.0856584310531616,1.0855406522750854,1.0855406522750854,0
2024-10-21 12:10:00+00:00,1.0857763290405273,1.0857763290405273,1.0857763290405273,1.0855406522750854,1.0855406522750854,0
2024-10-21 12:15:00+00:00,1.0854227542877197,1.0854227542877197,1.085894227027893,1.0854227542877197,1.085894227027893,0
2024-10-21 12:20:00+00:00,1.0856584310531616,1.0856584310531616,1.0856584310531616,1.0854227542877197,1.0854227542877197,0
2024-10-21 12:25:00+00:00,1.085894227027893,1.085894227027893,1.085894227027893,1.0856584310531616,1.0856584310531616,0
2024-10-21 12:30:00+00:00,1.086130142211914,1.086130142211914,1.086130142211914,1.085894227027893,1.085894227027893,0
2024-10-21 12:35:00+00:00,1.0860122442245483,1.0860122442245483,1.086130142211914,1.0860122442245483,1.0860122442245483,0
2024-10-21 12:40:00+00:00,1.0857763290405273,1.0857763290405273,1.086130142211914,1.0857763290405273,1.086130142211914,0
2024-10-21 12:45:00+00:00,1.0860122442245483,1.0860122442245483,1.0860122442245483,1.085894227027893,1.085894227027893,0
2024-10-21 12:50:00+00:00,1.086130142211914,1.086130142211914,1.086130142211914,1.0860122442245483,1.086130142211914,0
2024-10-21 12:55:00+00:00,1.0860122442245483,1.0860122442245483,1.0860122442245483,1.085894227027893,1.0860122442245483,0
2024-10-21 13:00:00+00:00,1.0860122442245483,1.0860122442245483,1.0860122442245483,1.085894227027893,1.0860122442245483,0
2024-10-21 13:05:00+00:00,1.0857763290405273,1.0857763290405273,1.085894227027893,1.0857763290405273,1.085894227027893,0
2024-10-21 13:10:00+00:00,1.0857763290405273,1.0857763290405273,1.0860122442245483,1.0857763290405273,1.0860122442245483,0
2024-10-21 13:15:00+00:00,1.0856584310531616,1.0856584310531616,1.0856584310531616,1.0855406522750854,1.0856584310531616,0
2024-10-21 13:20:00+00:00,1.0855406522750854,1.0855406522750854,1.0856584310531616,1.0854227542877197,1.0856584310531616,0
2024-10-21 13:25:00+00:00,1.0855406522750854,1.0855406522750854,1.0855406522750854,1.0855406522750854,1.0855406522750854,0
2024-10-21 13:30:00+00:00,1.0856584310531616,1.0856584310531616,1.0856584310531616,1.0855406522750854,1.0856584310531616,0
2024-10-21 13:35:00+00:00,1.0857763290405273,1.0857763290405273,1.0857763290405273,1.0855406522750854,1.0856584310531616,0
2024-10-21 13:40:00+00:00,1.0855406522750854,1.0855406522750854,1.0857763290405273,1.0855406522750854,1.0857763290405273,0
2024-10-21 13:45:00+00:00,1.0854227542877197,1.0854227542877197,1.0856584310531616,1.0854227542877197,1.0855406522750854,0
2024-10-21 13:50:00+00:00,1.0853049755096436,1.0853049755096436,1.0853049755096436,1.0851871967315674,1.0853049755096436,0
2024-10-21 13:55:00+00:00,1.0850694179534912,1.0850694179534912,1.0851871967315674,1.0847163200378418,1.0851871967315674,0
2024-10-21 14:00:00+00:00,1.0849517583847046,1.0849517583847046,1.0850694179534912,1.0848339796066284,1.0850694179534912,0
2024-10-21 14:05:00+00:00,1.0849517583847046,1.0849517583847046,1.0851871967315674,1.0849517583847046,1.0851871967315674,0
2024-10-21 14:10:00+00:00,1.0848339796066284,1.0848339796066284,1.0850694179534912,1.0848339796066284,1.0849517583847046,0
2024-10-21 14:15:00+00:00,1.0848339796066284,1.0848339796066284,1.0848339796066284,1.0847163200378418,1.0848339796066284,0
2024-10-21 14:20:00+00:00,1.0843634605407715,1.0843634605407715,1.0848339796066284,1.0843634605407715,1.0848339796066284,0
2024-10-21 14:25:00+00:00,1.0843634605407715,1.0843634605407715,1.084481120109558,1.0843634605407715,1.0843634605407715,0
2024-10-21 14:30:00+00:00,1.0840108394622803,1.0840108394622803,1.0842459201812744,1.0840108394622803,1.0842459201812744,0
2024-10-21 14:35:00+00:00,1.0841283798217773,1.0841283798217773,1.0841283798217773,1.0840108394622803,1.0840108394622803,0
2024-10-21 14:40:00+00:00,1.0841283798217773,1.0841283798217773,1.0841283798217773,1.0840108394622803,1.0840108394622803,0
2024-10-21 14:45:00+00:00,1.0838934183120728,1.0838934183120728,1.0841283798217773,1.0838934183120728,1.0841283798217773,0
2024-10-21 14:50:00+00:00,1.0840108394622803,1.0840108394622803,1.0840108394622803,1.0838934183120728,1.0838934183120728,0
2024-10-21 14:55:00+00:00,1.0837758779525757,1.0837758779525757,1.0838934183120728,1.0836584568023682,1.0837758779525757,0
2024-10-21 15:00:00+00:00,1.0834236145019531,1.0834236145019531,1.0837758779525757,1.0834236145019531,1.0837758779525757,0
2024-10-21 15:05:00+00:00,1.0831888914108276,1.0831888914108276,1.0834236145019531,1.0831888914108276,1.0834236145019531,0
2024-10-21 15:10:00+00:00,1.0831888914108276,1.0831888914108276,1.0831888914108276,1.0830715894699097,1.0831888914108276,0
2024-10-21 15:15:00+00:00,1.0833063125610352,1.0833063125610352,1.0834236145019531,1.0831888914108276,1.0831888914108276,0
2024-10-21 15:20:00+00:00,1.0831888914108276,1.0831888914108276,1.0833063125610352,1.0831888914108276,1.0833063125610352,0
2024-10-21 15:25:00+00:00,1.0829542875289917,1.0829542875289917,1.0830715894699097,1.0828369855880737,1.0830715894699097,0
2024-10-21 15:30:00+00:00,1.0828369855880737,1.0828369855880737,1.0828369855880737,1.0828369855880737,1.0828369855880737,0
2024-10-21 15:35:00+00:00,1.0828369855880737,1.0828369855880737,1.0828369855880737,1.082602620124817,1.0827198028564453,0
2024-10-21 15:40:00+00:00,1.082602620124817,1.082602620124817,1.0827198028564453,1.082602620124817,1.082602620124817,0
2024-10-21 15:45:00+00:00,1.0827198028564453,1.0827198028564453,1.0827198028564453,1.0827198028564453,1.0827198028564453,0
2024-10-21 15:50:00+00:00,1.08236825466156,1.08236825466156,1.082602620124817,1.08236825466156,1.082602620124817,0
2024-10-21 15:55:00+00:00,1.08236825466156,1.08236825466156,1.0824854373931885,1.08236825466156,1.0824854373931885,0
2024-10-21 16:00:00+00:00,1.08236825466156,1.08236825466156,1.08236825466156,1.08236825466156,1.08236825466156,0
2024-10-21 16:05:00+00:00,1.08236825466156,1.08236825466156,1.0824854373931885,1.08236825466156,1.08236825466156,0
2024-10-21 16:10:00+00:00,1.08236825466156,1.08236825466156,1.0824854373931885,1.08236825466156,1.0824854373931885,0
2024-10-21 16:15:00+00:00,1.08236825466156,1.08236825466156,1.08236825466156,1.08236825466156,1.08236825466156,0
2024-10-21 16:20:00+00:00,1.0822510719299316,1.0822510719299316,1.08236825466156,1.0822510719299316,1.08236825466156,0
2024-10-21 16:25:00+00:00,1.0821340084075928,1.0821340084075928,1.08236825466156,1.0821340084075928,1.08236825466156,0
2024-10-21 16:30:00+00:00,1.08236825466156,1.08236825466156,1.08236825466156,1.0822510719299316,1.0822510719299316,0
2024-10-21 16:35:00+00:00,1.0822510719299316,1.0822510719299316,1.08236825466156,1.0822510719299316,1.08236825466156,0
2024-10-21 16:40:00+00:00,1.0821340084075928,1.0821340084075928,1.0822510719299316,1.0821340084075928,1.0822510719299316,0
2024-10-21 16:45:00+00:00,1.0820168256759644,1.0820168256759644,1.0821340084075928,1.0820168256759644,1.0821340084075928,0
2024-10-21 16:50:00+00:00,1.0821340084075928,1.0821340084075928,1.0821340084075928,1.0821340084075928,1.0821340084075928,0
2024-10-21 16:55:00+00:00,1.0821340084075928,1.0821340084075928,1.0822510719299316,1.0821340084075928,1.0821340084075928,0
2024-10-21 17:00:00+00:00,1.08236825466156,1.08236825466156,1.08236825466156,1.0822510719299316,1.0822510719299316,0
2024-10-21 17:05:00+00:00,1.082602620124817,1.082602620124817,1.082602620124817,1.08236825466156,1.0824854373931885,0
2024-10-21 17:10:00+00:00,1.0821340084075928,1.0821340084075928,1.082602620124817,1.0821340084075928,1.082602620124817,0
2024-10-21 17:15:00+00:00,1.0818997621536255,1.0818997621536255,1.0820168256759644,1.0818997621536255,1.0820168256759644,0
2024-10-21 17:20:00+00:00,1.0820168256759644,1.0820168256759644,1.0821340084075928,1.0820168256759644,1.0820168256759644,0
2024-10-21 17:25:00+00:00,1.0821340084075928,1.0821340084075928,1.0821340084075928,1.0818997621536255,1.0820168256759644,0
2024-10-21 17:30:00+00:00,1.0822510719299316,1.0822510719299316,1.0822510719299316,1.0821340084075928,1.0821340084075928,0
2024-10-21 17:35:00+00:00,1.0821340084075928,1.0821340084075928,1.0822510719299316,1.0821340084075928,1.0821340084075928,0
2024-10-21 17:40:00+00:00,1.0818997621536255,1.0818997621536255,1.0822510719299316,1.0818997621536255,1.0822510719299316,0
2024-10-21 17:45:00+00:00,1.0820168256759644,1.0820168256759644,1.0820168256759644,1.0820168256759644,1.0820168256759644,0
2024-10-21 17:50:00+00:00,1.0818997621536255,1.0818997621536255,1.0821340084075928,1.0818997621536255,1.0821340084075928,0
2024-10-21 17:55:00+00:00,1.0818997621536255,1.0818997621536255,1.0820168256759644,1.0818997621536255,1.0818997621536255,0
2024-10-21 18:00:00+00:00,1.0820168256759644,1.0820168256759644,1.0820168256759644,1.0818997621536255,1.0818997621536255,0
2024-10-21 18:05:00+00:00,1.0818997621536255,1.0818997621536255,1.0818997621536255,1.0817828178405762,1.0818997621536255,0
2024-10-21 18:10:00+00:00,1.0817828178405762,1.0817828178405762,1.0818997621536255,1.0817828178405762,1.0818997621536255,0
2024-10-21 18:15:00+00:00,1.0818997621536255,1.0818997621536255,1.0818997621536255,1.0818997621536255,1.0818997621536255,0
2024-10-21 18:20:00+00:00,1.0818997621536255,1.0818997621536255,1.0818997621536255,1.0817828178405762,1.0818997621536255,0
2024-10-21 18:25:00+00:00,1.0820168256759644,1.0820168256759644,1.0820168256759644,1.0818997621536255,1.0818997621536255,0
2024-10-21 18:30:00+00:00,1.0818997621536255,1.0818997621536255,1.0818997621536255,1.0817828178405762,1.0818997621536255,0
2024-10-21 18:35:00+00:00,1.0817828178405762,1.0817828178405762,1.0818997621536255,1.0817828178405762,1.0817828178405762,0
2024-10-21 18:40:00+00:00,1.0817828178405762,1.0817828178405762,1.0818997621536255,1.0817828178405762,1.0817828178405762,0
2024-10-21 18:45:00+00:00,1.0817828178405762,1.0817828178405762,1.0818997621536255,1.0817828178405762,1.0817828178405762,0
2024-10-21 18:50:00+00:00,1.081548810005188,1.081548810005188,1.0817828178405762,1.081548810005188,1.0817828178405762,0
2024-10-21 18:55:00+00:00,1.0814317464828491,1.0814317464828491,1.081548810005188,1.0814317464828491,1.081548810005188,0
2024-10-21 19:00:00+00:00,1.0814317464828491,1.0814317464828491,1.081548810005188,1.0814317464828491,1.081548810005188,0
2024-10-21 19:05:00+00:00,1.0814317464828491,1.0814317464828491,1.081548810005188,1.0814317464828491,1.0814317464828491,0
2024-10-21 19:10:00+00:00,1.081548810005188,1.081548810005188,1.081548810005188,1.0814317464828491,1.0814317464828491,0
2024-10-21 19:15:00+00:00,1.0816657543182373,1.0816657543182373,1.0816657543182373,1.081548810005188,1.0816657543182373,0
2024-10-21 19:20:00+00:00,1.0816657543182373,1.0816657543182373,1.0816657543182373,1.0816657543182373,1.0816657543182373,0
2024-10-21 19:25:00+00:00,1.0816657543182373,1.0816657543182373,1.0817828178405762,1.0816657543182373,1.0816657543182373,0
2024-10-21 19:30:00+00:00,1.081548810005188,1.081548810005188,1.081548810005188,1.081548810005188,1.081548810005188,0
2024-10-21 19:35:00+00:00,1.081548810005188,1.081548810005188,1.081548810005188,1.081548810005188,1.081548810005188,0
2024-10-21 19:40:00+00:00,1.0814317464828491,1.0814317464828491,1.081548810005188,1.0814317464828491,1.081548810005188,0
2024-10-21 19:45:00+00:00,1.0816657543182373,1.0816657543182373,1.0816657543182373,1.081548810005188,1.081548810005188,0
2024-10-21 19:50:00+00:00,1.0817828178405762,1.0817828178405762,1.0817828178405762,1.0816657543182373,1.0816657543182373,0
2024-10-21 19:55:00+00:00,1.0817828178405762,1.0817828178405762,1.0817828178405762,1.0816657543182373,1.0817828178405762,0
2024-10-21 20:00:00+00:00,1.0817828178405762,1.0817828178405762,1.0818997621536255,1.0817828178405762,1.0818997621536255,0
2024-10-21 20:05:00+00:00,1.0818997621536255,1.0818997621536255,1.0818997621536255,1.0817828178405762,1.0817828178405762,0
2024-10-21 20:10:00+00:00,1.0818997621536255,1.0818997621536255,1.0818997621536255,1.0818997621536255,1.0818997621536255,0
2024-10-21 20:15:00+00:00,1.0818997621536255,1.0818997621536255,1.0818997621536255,1.0818997621536255,1.0818997621536255,0
2024-10-21 20:20:00+00:00,1.0817828178405762,1.0817828178405762,1.0818997621536255,1.0817828178405762,1.0818997621536255,0
2024-10-21 20:25:00+00:00,1.0818997621536255,1.0818997621536255,1.0818997621536255,1.0817828178405762,1.0817828178405762,0
2024-10-21 20:30:00+00:00,1.0818997621536255,1.0818997621536255,1.0818997621536255,1.0818997621536255,1.0818997621536255,0
2024-10-21 20:35:00+00:00,1.0817828178405762,1.0817828178405762,1.0817828178405762,1.0817828178405762,1.0817828178405762,0
2024-10-21 20:40:00+00:00,1.0817828178405762,1.0817828178405762,1.0817828178405762,1.0816657543182373,1.0816657543182373,0
2024-10-21 20:45:00+00:00,1.0816657543182373,1.0816657543182373,1.0816657543182373,1.081548810005188,1.0816657543182373,0
2024-10-21 20:50:00+00:00,1.081548810005188,1.081548810005188,1.081548810005188,1.0814317464828491,1.081548810005188,0
2024-10-21 20:55:00+00:00,1.0817828178405762,1.0817828178405762,1.0817828178405762,1.0816657543182373,1.0816657543182373,0
2024-10-21 21:00:00+00:00,1.0817828178405762,1.0817828178405762,1.0818997621536255,1.081548810005188,1.081548810005188,0
2024-10-21 21:05:00+00:00,1.0820168256759644,1.0820168256759644,1.0821340084075928,1.081548810005188,1.081548810005188,0
2024-10-21 21:10:00+00:00,1.0818997621536255,1.0818997621536255,1.0820168256759644,1.0818997621536255,1.0820168256759644,0
2024-10-21 21:15:00+00:00,1.0817828178405762,1.0817828178405762,1.0821340084075928,1.0817828178405762,1.0820168256759644,0
2024-10-21 21:20:00+00:00,1.0817828178405762,1.0817828178405762,1.0818997621536255,1.0816657543182373,1.0818997621536255,0
2024-10-21 21:25:00+00:00,1.0818997621536255,1.0818997621536255,1.0820168256759644,1.0817828178405762,1.0820168256759644,0
2024-10-21 21:30:00+00:00,1.0818997621536255,1.0818997621536255,1.0820168256759644,1.0818997621536255,1.0818997621536255,0
2024-10-21 21:35:00+00:00,1.0818997621536255,1.0818997621536255,1.0818997621536255,1.0817828178405762,1.0817828178405762,0
2024-10-21 21:40:00+00:00,1.0817828178405762,1.0817828178405762,1.0818997621536255,1.0817828178405762,1.0817828178405762,0
2024-10-21 21:45:00+00:00,1.0818997621536255,1.0818997621536255,1.0818997621536255,1.0817828178405762,1.0818997621536255,0
2024-10-21 21:50:00+00:00,1.0818997621536255,1.0818997621536255,1.0821340084075928,1.0817828178405762,1.0817828178405762,0
2024-10-21 21:55:00+00:00,1.0818997621536255,1.0818997621536255,1.0820168256759644,1.0817828178405762,1.0820168256759644,0
2024-10-21 22:00:00+00:00,1.0820168256759644,1.0820168256759644,1.0820168256759644,1.0817828178405762,1.0817828178405762,0
2024-10-21 22:05:00+00:00,1.0818997621536255,1.0818997621536255,1.0820168256759644,1.0818997621536255,1.0820168256759644,0
2024-10-21 22:10:00+00:00,1.0818997621536255,1.0818997621536255,1.0820168256759644,1.0818997621536255,1.0818997621536255,0
2024-10-21 22:15:00+00:00,1.0820168256759644,1.0820168256759644,1.0820168256759644,1.0820168256759644,1.0820168256759644,0
2024-10-21 22:20:00+00:00,1.0820168256759644,1.0820168256759644,1.0820168256759644,1.0820168256759644,1.0820168256759644,0
2024-10-21 22:25:00+00:00,1.0820168256759644,1.0820168256759644,1.0820168256759644,1.0820168256759644,1.0820168256759644,0
2024-10-21 22:30:00+00:00,1.0820168256759644,1.0820168256759644,1.0820168256759644,1.0820168256759644,1.0820168256759644,0
2024-10-21 22:35:00+00:00,1.0818997621536255,1.0818997621536255,1.0820168256759644,1.0818997621536255,1.0820168256759644,0
2024-10-21 22:40:00+00:00,1.0820168256759644,1.0820168256759644,1.0820168256759644,1.0820168256759644,1.0820168256759644,0
2024-10-21 22:45:00+00:00,1.0820168256759644,1.0820168256759644,1.0820168256759644,1.0820168256759644,1.0820168256759644,0
2024-10-21 22:50:00+00:00,1.0820168256759644,1.0820168256759644,1.0820168256759644,1.0818997621536255,1.0818997621536255,0
2024-10-21 22:55:00+00:00,1.0818997621536255,1.0818997621536255,1.0820168256759644,1.0818997621536255,1.0820168256759644,0
2024-10-21 23:00:00+00:00,1.0817828178405762,1.0817828178405762,1.0818997621536255,1.0816657543182373,1.0818997621536255,0
2024-10-21 23:05:00+00:00,1.0818997621536255,1.0818997621536255,1.0818997621536255,1.0817828178405762,1.0817828178405762,0
2024-10-21 23:10:00+00:00,1.0818997621536255,1.0818997621536255,1.0818997621536255,1.0818997621536255,1.0818997621536255,0
2024-10-21 23:15:00+00:00,1.0818997621536255,1.0818997621536255,1.0818997621536255,1.0818997621536255,1.0818997621536255,0
2024-10-21 23:20:00+00:00,1.0818997621536255,1.0818997621536255,1.0820168256759644,1.0818997621536255,1.0818997621536255,0
2024-10-21 23:25:00+00:00,1.0818997621536255,1.0818997621536255,1.0818997621536255,1.0818997621536255,1.0818997621536255,0
2024-10-21 23:30:00+00:00,1.0817828178405762,1.0817828178405762,1.0817828178405762,1.0816657543182373,1.0817828178405762,0
2024-10-21 23:35:00+00:00,1.0817828178405762,1.0817828178405762,1.0817828178405762,1.0817828178405762,1.0817828178405762,0
2024-10-21 23:40:00+00:00,1.0817828178405762,1.0817828178405762,1.0817828178405762,1.0817828178405762,1.0817828178405762,0
2024-10-21 23:45:00+00:00,1.0817828178405762,1.0817828178405762,1.0817828178405762,1.0817828178405762,1.0817828178405762,0
2024-10-21 23:50:00+00:00,1.0817828178405762,1.0817828178405762,1.0818997621536255,1.0817828178405762,1.0818997621536255,0
2024-10-21 23:55:00+00:00,1.0818997621536255,1.0818997621536255,1.0818997621536255,1.0817828178405762,1.0817828178405762,0
2024-10-22 00:00:00+00:00,1.0818997621536255,1.0818997621536255,1.0818997621536255,1.0817828178405762,1.0817828178405762,0
2024-10-22 00:05:00+00:00,1.0817828178405762,1.0817828178405762,1.0818997621536255,1.0816657543182373,1.0816657543182373,0
2024-10-22 00:10:00+00:00,1.0817828178405762,1.0817828178405762,1.0818997621536255,1.0817828178405762,1.0817828178405762,0
2024-10-22 00:15:00+00:00,1.0818997621536255,1.0818997621536255,1.0820168256759644,1.0817828178405762,1.0817828178405762,0
2024-10-22 00:20:00+00:00,1.0820168256759644,1.0820168256759644,1.0821340084075928,1.0818997621536255,1.0818997621536255,0
2024-10-22 00:25:00+00:00,1.0820168256759644,1.0820168256759644,1.0821340084075928,1.0820168256759644,1.0820168256759644,0
2024-10-22 00:30:00+00:00,1.0820168256759644,1.0820168256759644,1.0820168256759644,1.0820168256759644,1.0820168256759644,0
2024-10-22 00:35:00+00:00,1.0818997621536255,1.0818997621536255,1.0820168256759644,1.0818997621536255,1.0818997621536255,0
2024-10-22 00:40:00+00:00,1.0817828178405762,1.0817828178405762,1.0818997621536255,1.0817828178405762,1.0818997621536255,0
2024-10-22 00:45:00+00:00,1.0817828178405762,1.0817828178405762,1.0817828178405762,1.0817828178405762,1.0817828178405762,0
2024-10-22 00:50:00+00:00,1.0818997621536255,1.0818997621536255,1.0818997621536255,1.0817828178405762,1.0817828178405762,0
2024-10-22 00:55:00+00:00,1.0818997621536255,1.0818997621536255,1.0820168256759644,1.0818997621536255,1.0818997621536255,0
2024-10-22 01:00:00+00:00,1.0820168256759644,1.0820168256759644,1.0820168256759644,1.0818997621536255,1.0818997621536255,0
2024-10-22 01:05:00+00:00,1.0821340084075928,1.0821340084075928,1.0821340084075928,1.0820168256759644,1.0820168256759644,0
2024-10-22 01:10:00+00:00,1.0821340084075928,1.0821340084075928,1.0821340084075928,1.0821340084075928,1.0821340084075928,0
2024-10-22 01:15:00+00:00,1.0821340084075928,1.0821340084075928,1.0821340084075928,1.0821340084075928,1.0821340084075928,0
2024-10-22 01:20:00+00:00,1.0821340084075928,1.0821340084075928,1.0822510719299316,1.0821340084075928,1.0822510719299316,0
2024-10-22 01:25:00+00:00,1.0822510719299316,1.0822510719299316,1.0822510719299316,1.0821340084075928,1.0821340084075928,0
2024-10-22 01:30:00+00:00,1.0822510719299316,1.0822510719299316,1.0822510719299316,1.0822510719299316,1.0822510719299316,0
2024-10-22 01:35:00+00:00,1.08236825466156,1.08236825466156,1.08236825466156,1.0822510719299316,1.0822510719299316,0
2024-10-22 01:40:00+00:00,1.08236825466156,1.08236825466156,1.08236825466156,1.0822510719299316,1.0822510719299316,0
2024-10-22 01:45:00+00:00,1.0822510719299316,1.0822510719299316,1.0822510719299316,1.0821340084075928,1.0822510719299316,0
2024-10-22 01:50:00+00:00,1.0821340084075928,1.0821340084075928,1.0821340084075928,1.0821340084075928,1.0821340084075928,0
2024-10-22 01:55:00+00:00,1.0822510719299316,1.0822510719299316,1.0822510719299316,1.0821340084075928,1.0821340084075928,0
2024-10-22 02:00:00+00:00,1.08236825466156,1.08236825466156,1.08236825466156,1.0822510719299316,1.0822510719299316,0
2024-10-22 02:05:00+00:00,1.08236825466156,1.08236825466156,1.08236825466156,1.08236825466156,1.08236825466156,0
2024-10-22 02:10:00+00:00,1.0822510719299316,1.0822510719299316,1.08236825466156,1.0822510719299316,1.08236825466156,0
2024-10-22 02:15:00+00:00,1.0822510719299316,1.0822510719299316,1.0822510719299316,1.0822510719299316,1.0822510719299316,0
2024-10-22 02:20:00+00:00,1.0821340084075928,1.0821340084075928,1.0822510719299316,1.0821340084075928,1.0822510719299316,0
2024-10-22 02:25:00+00:00,1.0821340084075928,1.0821340084075928,1.0822510719299316,1.0821340084075928,1.0821340084075928,0
2024-10-22 02:30:00+00:00,1.0821340084075928,1.0821340084075928,1.0822510719299316,1.0821340084075928,1.0822510719299316,0
2024-10-22 02:35:00+00:00,1.0820168256759644,1.0820168256759644,1.0821340084075928,1.0820168256759644,1.0821340084075928,0
2024-10-22 02:40:00+00:00,1.0821340084075928,1.0821340084075928,1.0821340084075928,1.0820168256759644,1.0820168256759644,0
2024-10-22 02:45:00+00:00,1.0821340084075928,1.0821340084075928,1.0821340084075928,1.0820168256759644,1.0820168256759644,0
2024-10-22 02:50:00+00:00,1.0818997621536255,1.0818997621536255,1.0821340084075928,1.0818997621536255,1.0821340084075928,0
2024-10-22 02:55:00+00:00,1.0817828178405762,1.0817828178405762,1.0818997621536255,1.0817828178405762,1.0818997621536255,0
2024-10-22 03:00:00+00:00,1.0818997621536255,1.0818997621536255,1.0818997621536255,1.0818997621536255,1.0818997621536255,0
2024-10-22 03:05:00+00:00,1.0818997621536255,1.0818997621536255,1.0818997621536255,1.0818997621536255,1.0818997621536255,0
2024-10-22 03:10:00+00:00,1.0818997621536255,1.0818997621536255,1.0820168256759644,1.0818997621536255,1.0820168256759644,0
2024-10-22 03:15:00+00:00,1.0818997621536255,1.0818997621536255,1.0818997621536255,1.0818997621536255,1.0818997621536255,0
2024-10-22 03:20:00+00:00,1.0818997621536255,1.0818997621536255,1.0818997621536255,1.0817828178405762,1.0817828178405762,0
2024-10-22 03:25:00+00:00,1.0818997621536255,1.0818997621536255,1.0818997621536255,1.0818997621536255,1.0818997621536255,0
2024-10-22 03:30:00+00:00,1.0818997621536255,1.0818997621536255,1.0818997621536255,1.0818997621536255,1.0818997621536255,0
2024-10-22 03:35:00+00:00,1.0818997621536255,1.0818997621536255,1.0820168256759644,1.0818997621536255,1.0818997621536255,0
2024-10-22 03:40:00+00:00,1.0820168256759644,1.0820168256759644,1.0820168256759644,1.0820168256759644,1.0820168256759644,0
2024-10-22 03:45:00+00:00,1.0820168256759644,1.0820168256759644,1.0820168256759644,1.0818997621536255,1.0818997621536255,0
2024-10-22 03:50:00+00:00,1.0821340084075928,1.0821340084075928,1.0821340084075928,1.0820168256759644,1.0820168256759644,0
2024-10-22 03:55:00+00:00,1.0821340084075928,1.0821340084075928,1.0821340084075928,1.0820168256759644,1.0821340084075928,0
2024-10-22 04:00:00+00:00,1.0821340084075928,1.0821340084075928,1.0822510719299316,1.0821340084075928,1.0822510719299316,0
2024-10-22 04:05:00+00:00,1.0822510719299316,1.0822510719299316,1.0822510719299316,1.0821340084075928,1.0821340084075928,0
2024-10-22 04:10:00+00:00,1.0821340084075928,1.0821340084075928,1.0822510719299316,1.0821340084075928,1.0821340084075928,0
2024-10-22 04:15:00+00:00,1.0822510719299316,1.0822510719299316,1.0822510719299316,1.0821340084075928,1.0821340084075928,0
2024-10-22 04:20:00+00:00,1.0821340084075928,1.0821340084075928,1.0822510719299316,1.0821340084075928,1.0822510719299316,0
2024-10-22 04:25:00+00:00,1.0822510719299316,1.0822510719299316,1.0822510719299316,1.0822510719299316,1.0822510719299316,0
2024-10-22 04:30:00+00:00,1.0822510719299316,1.0822510719299316,1.08236825466156,1.0822510719299316,1.0822510719299316,0
2024-10-22 04:35:00+00:00,1.08236825466156,1.08236825466156,1.08236825466156,1.0822510719299316,1.0822510719299316,0
2024-10-22 04:40:00+00:00,1.0822510719299316,1.0822510719299316,1.0822510719299316,1.0822510719299316,1.0822510719299316,0
2024-10-22 04:45:00+00:00,1.0821340084075928,1.0821340084075928,1.0822510719299316,1.0821340084075928,1.0822510719299316,0
2024-10-22 04:50:00+00:00,1.0822510719299316,1.0822510719299316,1.0822510719299316,1.0821340084075928,1.0821340084075928,0
2024-10-22 04:55:00+00:00,1.0822510719299316,1.0822510719299316,1.08236825466156,1.0822510719299316,1.0822510719299316,0
2024-10-22 05:00:00+00:00,1.08236825466156,1.08236825466156,1.08236825466156,1.0822510719299316,1.08236825466156,0
2024-10-22 05:05:00+00:00,1.08236825466156,1.08236825466156,1.08236825466156,1.08236825466156,1.08236825466156,0
2024-10-22 05:10:00+00:00,1.08236825466156,1.08236825466156,1.0824854373931885,1.08236825466156,1.08236825466156,0
2024-10-22 05:15:00+00:00,1.08236825466156,1.08236825466156,1.08236825466156,1.08236825466156,1.08236825466156,0
2024-10-22 05:20:00+00:00,1.0824854373931885,1.0824854373931885,1.0824854373931885,1.08236825466156,1.08236825466156,0
2024-10-22 05:25:00+00:00,1.0824854373931885,1.0824854373931885,1.0824854373931885,1.0824854373931885,1.0824854373931885,0
2024-10-22 05:30:00+00:00,1.0824854373931885,1.0824854373931885,1.082602620124817,1.08236825466156,1.0824854373931885,0
2024-10-22 05:35:00+00:00,1.0824854373931885,1.0824854373931885,1.0824854373931885,1.08236825466156,1.0824854373931885,0
2024-10-22 05:40:00+00:00,1.082602620124817,1.082602620124817,1.082602620124817,1.0824854373931885,1.0824854373931885,0
2024-10-22 05:45:00+00:00,1.08236825466156,1.08236825466156,1.082602620124817,1.08236825466156,1.082602620124817,0
2024-10-22 05:50:00+00:00,1.08236825466156,1.08236825466156,1.08236825466156,1.0822510719299316,1.0822510719299316,0
2024-10-22 05:55:00+00:00,1.0822510719299316,1.0822510719299316,1.08236825466156,1.0822510719299316,1.08236825466156,0
2024-10-22 06:00:00+00:00,1.0822510719299316,1.0822510719299316,1.0822510719299316,1.0821340084075928,1.0822510719299316,0
2024-10-22 06:05:00+00:00,1.0824854373931885,1.0824854373931885,1.0824854373931885,1.08236825466156,1.0824854373931885,0
2024-10-22 06:10:00+00:00,1.0824854373931885,1.0824854373931885,1.082602620124817,1.0824854373931885,1.082602620124817,0
2024-10-22 06:15:00+00:00,1.082602620124817,1.082602620124817,1.0827198028564453,1.082602620124817,1.0827198028564453,0
2024-10-22 06:20:00+00:00,1.0827198028564453,1.0827198028564453,1.0827198028564453,1.082602620124817,1.082602620124817,0
2024-10-22 06:25:00+00:00,1.0828369855880737,1.0828369855880737,1.0828369855880737,1.0827198028564453,1.0828369855880737,0
2024-10-22 06:30:00+00:00,1.0828369855880737,1.0828369855880737,1.0828369855880737,1.0827198028564453,1.0828369855880737,0
2024-10-22 06:35:00+00:00,1.0829542875289917,1.0829542875289917,1.0829542875289917,1.0829542875289917,1.0829542875289917,0
2024-10-22 06:40:00+00:00,1.0828369855880737,1.0828369855880737,1.0829542875289917,1.0828369855880737,1.0829542875289917,0
2024-10-22 06:45:00+00:00,1.0830715894699097,1.0830715894699097,1.0830715894699097,1.0827198028564453,1.0829542875289917,0
2024-10-22 06:50:00+00:00,1.0830715894699097,1.0830715894699097,1.0830715894699097,1.0829542875289917,1.0829542875289917,0
2024-10-22 06:55:00+00:00,1.0828369855880737,1.0828369855880737,1.0830715894699097,1.0828369855880737,1.0830715894699097,0
2024-10-22 07:00:00+00:00,1.0827198028564453,1.0827198028564453,1.0828369855880737,1.0824854373931885,1.0828369855880737,0
2024-10-22 07:05:00+00:00,1.0830715894699097,1.0830715894699097,1.0830715894699097,1.0827198028564453,1.0827198028564453,0
2024-10-22 07:10:00+00:00,1.0829542875289917,1.0829542875289917,1.0829542875289917,1.0829542875289917,1.0829542875289917,0
2024-10-22 07:15:00+00:00,1.0829542875289917,1.0829542875289917,1.0830715894699097,1.0829542875289917,1.0829542875289917,0
2024-10-22 07:20:00+00:00,1.0830715894699097,1.0830715894699097,1.0831888914108276,1.0830715894699097,1.0830715894699097,0
2024-10-22 07:25:00+00:00,1.0830715894699097,1.0830715894699097,1.0833063125610352,1.0830715894699097,1.0833063125610352,0
2024-10-22 07:30:00+00:00,1.0830715894699097,1.0830715894699097,1.0831888914108276,1.0830715894699097,1.0831888914108276,0
2024-10-22 07:35:00+00:00,1.0833063125610352,1.0833063125610352,1.0833063125610352,1.0830715894699097,1.0830715894699097,0
2024-10-22 07:40:00+00:00,1.0836584568023682,1.0836584568023682,1.0838934183120728,1.0833063125610352,1.0833063125610352,0
2024-10-22 07:45:00+00:00,1.0838934183120728,1.0838934183120728,1.0840108394622803,1.0838934183120728,1.0838934183120728,0
2024-10-22 07:50:00+00:00,1.0837758779525757,1.0837758779525757,1.0837758779525757,1.0836584568023682,1.0836584568023682,0
2024-10-22 07:55:00+00:00,1.0837758779525757,1.0837758779525757,1.0838934183120728,1.0837758779525757,1.0837758779525757,0
2024-10-22 08:00:00+00:00,1.0837758779525757,1.0837758779525757,1.0838934183120728,1.0837758779525757,1.0838934183120728,0
2024-10-22 08:05:00+00:00,1.0838934183120728,1.0838934183120728,1.0838934183120728,1.0837758779525757,1.0838934183120728,0
2024-10-22 08:10:00+00:00,1.0836584568023682,1.0836584568023682,1.0837758779525757,1.0836584568023682,1.0837758779525757,0
2024-10-22 08:15:00+00:00,1.0838934183120728,1.0838934183120728,1.0838934183120728,1.0836584568023682,1.0836584568023682,0
2024-10-22 08:20:00+00:00,1.0837758779525757,1.0837758779525757,1.0838934183120728,1.0837758779525757,1.0838934183120728,0
2024-10-22 08:25:00+00:00,1.0833063125610352,1.0833063125610352,1.0836584568023682,1.0833063125610352,1.0836584568023682,0
2024-10-22 08:30:00+00:00,1.0829542875289917,1.0829542875289917,1.0833063125610352,1.0829542875289917,1.0833063125610352,0
2024-10-22 08:35:00+00:00,1.0830715894699097,1.0830715894699097,1.0831888914108276,1.0830715894699097,1.0830715894699097,0
2024-10-22 08:40:00+00:00,1.0831888914108276,1.0831888914108276,1.0831888914108276,1.0829542875289917,1.0830715894699097,0
2024-10-22 08:45:00+00:00,1.0831888914108276,1.0831888914108276,1.0833063125610352,1.0831888914108276,1.0831888914108276,0
2024-10-22 08:50:00+00:00,1.0833063125610352,1.0833063125610352,1.0833063125610352,1.0833063125610352,1.0833063125610352,0
2024-10-22 08:55:00+00:00,1.0830715894699097,1.0830715894699097,1.0831888914108276,1.0829542875289917,1.0831888914108276,0
2024-10-22 09:00:00+00:00,1.0828369855880737,1.0828369855880737,1.0829542875289917,1.0828369855880737,1.0829542875289917,0
2024-10-22 09:05:00+00:00,1.0829542875289917,1.0829542875289917,1.0830715894699097,1.0828369855880737,1.0828369855880737,0
2024-10-22 09:10:00+00:00,1.0831888914108276,1.0831888914108276,1.0831888914108276,1.0830715894699097,1.0830715894699097,0
2024-10-22 09:15:00+00:00,1.0830715894699097,1.0830715894699097,1.0830715894699097,1.0829542875289917,1.0830715894699097,0
2024-10-22 09:20:00+00:00,1.0831888914108276,1.0831888914108276,1.0831888914108276,1.0829542875289917,1.0829542875289917,0
2024-10-22 09:25:00+00:00,1.0830715894699097,1.0830715894699097,1.0833063125610352,1.0830715894699097,1.0833063125610352,0
2024-10-22 09:30:00+00:00,1.0829542875289917,1.0829542875289917,1.0829542875289917,1.0827198028564453,1.0827198028564453,0
2024-10-22 09:35:00+00:00,1.0829542875289917,1.0829542875289917,1.0829542875289917,1.0829542875289917,1.0829542875289917,0
2024-10-22 09:40:00+00:00,1.082602620124817,1.082602620124817,1.0828369855880737,1.082602620124817,1.0828369855880737,0
2024-10-22 09:45:00+00:00,1.0822510719299316,1.0822510719299316,1.0827198028564453,1.0822510719299316,1.0827198028564453,0
2024-10-22 09:50:00+00:00,1.0820168256759644,1.0820168256759644,1.08236825466156,1.0820168256759644,1.08236825466156,0
2024-10-22 09:55:00+00:00,1.0818997621536255,1.0818997621536255,1.0818997621536255,1.0817828178405762,1.0818997621536255,0
2024-10-22 10:00:00+00:00,1.0818997621536255,1.0818997621536255,1.0818997621536255,1.0817828178405762,1.0818997621536255,0
2024-10-22 10:05:00+00:00,1.0818997621536255,1.0818997621536255,1.0818997621536255,1.0817828178405762,1.0817828178405762,0
2024-10-22 10:10:00+00:00,1.0818997621536255,1.0818997621536255,1.0818997621536255,1.0817828178405762,1.0817828178405762,0
2024-10-22 10:15:00+00:00,1.0822510719299316,1.0822510719299316,1.0822510719299316,1.0821340084075928,1.0821340084075928,0
2024-10-22 10:20:00+00:00,1.0827198028564453,1.0827198028564453,1.0828369855880737,1.0824854373931885,1.0824854373931885,0
2024-10-22 10:25:00+00:00,1.0827198028564453,1.0827198028564453,1.0829542875289917,1.0827198028564453,1.0828369855880737,0
2024-10-22 10:30:00+00:00,1.0829542875289917,1.0829542875289917,1.0829542875289917,1.0827198028564453,1.0828369855880737,0
2024-10-22 10:35:00+00:00,1.0829542875289917,1.0829542875289917,1.0831888914108276,1.0828369855880737,1.0828369855880737,0
2024-10-22 10:40:00+00:00,1.0829542875289917,1.0829542875289917,1.0829542875289917,1.0827198028564453,1.0828369855880737,0
2024-10-22 10:45:00+00:00,1.0829542875289917,1.0829542875289917,1.0829542875289917,1.0828369855880737,1.0828369855880737,0
2024-10-22 10:50:00+00:00,1.0830715894699097,1.0830715894699097,1.0830715894699097,1.0830715894699097,1.0830715894699097,0
2024-10-22 10:55:00+00:00,1.0831888914108276,1.0831888914108276,1.0831888914108276,1.0830715894699097,1.0830715894699097,0
2024-10-22 11:00:00+00:00,1.0829542875289917,1.0829542875289917,1.0831888914108276,1.0829542875289917,1.0831888914108276,0
2024-10-22 11:05:00+00:00,1.0828369855880737,1.0828369855880737,1.0830715894699097,1.0828369855880737,1.0829542875289917,0
2024-10-22 11:10:00+00:00,1.0830715894699097,1.0830715894699097,1.0830715894699097,1.0829542875289917,1.0829542875289917,0
2024-10-22 11:15:00+00:00,1.0830715894699097,1.0830715894699097,1.0830715894699097,1.0829542875289917,1.0830715894699097,0
2024-10-22 11:20:00+00:00,1.0830715894699097,1.0830715894699097,1.0830715894699097,1.0829542875289917,1.0829542875289917,0
2024-10-22 11:25:00+00:00,1.0831888914108276,1.0831888914108276,1.0831888914108276,1.0830715894699097,1.0830715894699097,0
2024-10-22 11:30:00+00:00,1.0827198028564453,1.0827198028564453,1.0830715894699097,1.0827198028564453,1.0830715894699097,0
2024-10-22 11:35:00+00:00,1.082602620124817,1.082602620124817,1.0827198028564453,1.0824854373931885,1.082602620124817,0
2024-10-22 11:40:00+00:00,1.0824854373931885,1.0824854373931885,1.082602620124817,1.0824854373931885,1.082602620124817,0
2024-10-22 11:45:00+00:00,1.082602620124817,1.082602620124817,1.082602620124817,1.0824854373931885,1.0824854373931885,0
2024-10-22 11:50:00+00:00,1.0824854373931885,1.0824854373931885,1.082602620124817,1.08236825466156,1.082602620124817,0
2024-10-22 11:55:00+00:00,1.0818997621536255,1.0818997621536255,1.08236825466156,1.0818997621536255,1.08236825466156,0
2024-10-22 12:00:00+00:00,1.0821340084075928,1.0821340084075928,1.0821340084075928,1.0820168256759644,1.0820168256759644,0
2024-10-22 12:05:00+00:00,1.08236825466156,1.08236825466156,1.08236825466156,1.0822510719299316,1.0822510719299316,0
2024-10-22 12:10:00+00:00,1.0822510719299316,1.0822510719299316,1.0824854373931885,1.0822510719299316,1.08236825466156,0
2024-10-22 12:15:00+00:00,1.0820168256759644,1.0820168256759644,1.08236825466156,1.0820168256759644,1.0822510719299316,0
2024-10-22 12:20:00+00:00,1.0821340084075928,1.0821340084075928,1.0821340084075928,1.0821340084075928,1.0821340084075928,0
2024-10-22 12:25:00+00:00,1.0821340084075928,1.0821340084075928,1.0821340084075928,1.0817828178405762,1.0818997621536255,0
2024-10-22 12:30:00+00:00,1.0818997621536255,1.0818997621536255,1.0820168256759644,1.0818997621536255,1.0820168256759644,0
2024-10-22 12:35:00+00:00,1.0818997621536255,1.0818997621536255,1.0818997621536255,1.0816657543182373,1.0817828178405762,0
2024-10-22 12:40:00+00:00,1.0818997621536255,1.0818997621536255,1.0820168256759644,1.0818997621536255,1.0818997621536255,0
2024-10-22 12:45:00+00:00,1.0817828178405762,1.0817828178405762,1.0820168256759644,1.081548810005188,1.0820168256759644,0
2024-10-22 12:50:00+00:00,1.081548810005188,1.081548810005188,1.0816657543182373,1.081548810005188,1.0816657543182373,0
2024-10-22 12:55:00+00:00,1.081548810005188,1.081548810005188,1.081548810005188,1.0814317464828491,1.081548810005188,0
2024-10-22 13:00:00+00:00,1.08119797706604,1.08119797706604,1.081548810005188,1.08119797706604,1.081548810005188,0
2024-10-22 13:05:00+00:00,1.081548810005188,1.081548810005188,1.081548810005188,1.08119797706604,1.08119797706604,0
2024-10-22 13:10:00+00:00,1.081548810005188,1.081548810005188,1.0816657543182373,1.0814317464828491,1.081548810005188,0
2024-10-22 13:15:00+00:00,1.0817828178405762,1.0817828178405762,1.0820168256759644,1.0816657543182373,1.0816657543182373,0
2024-10-22 13:20:00+00:00,1.0821340084075928,1.0821340084075928,1.0821340084075928,1.0818997621536255,1.0818997621536255,0
2024-10-22 13:25:00+00:00,1.0820168256759644,1.0820168256759644,1.0820168256759644,1.0817828178405762,1.0818997621536255,0
2024-10-22 13:30:00+00:00,1.081548810005188,1.081548810005188,1.0821340084075928,1.081548810005188,1.0820168256759644,0
2024-10-22 13:35:00+00:00,1.08119797706604,1.08119797706604,1.081548810005188,1.0810810327529907,1.0814317464828491,0
2024-10-22 13:40:00+00:00,1.0807305574417114,1.0807305574417114,1.08119797706604,1.0807305574417114,1.08119797706604,0
2024-10-22 13:45:00+00:00,1.0806137323379517,1.0806137323379517,1.0806137323379517,1.0804970264434814,1.0804970264434814,0
2024-10-22 13:50:00+00:00,1.0806137323379517,1.0806137323379517,1.0808473825454712,1.0806137323379517,1.0808473825454712,0
2024-10-22 13:55:00+00:00,1.080964207649231,1.080964207649231,1.080964207649231,1.0804970264434814,1.0808473825454712,0
2024-10-22 14:00:00+00:00,1.0807305574417114,1.0807305574417114,1.0810810327529907,1.0806137323379517,1.0810810327529907,0
2024-10-22 14:05:00+00:00,1.0807305574417114,1.0807305574417114,1.0808473825454712,1.0804970264434814,1.0804970264434814,0
2024-10-22 14:10:00+00:00,1.0804970264434814,1.0804970264434814,1.0808473825454712,1.0804970264434814,1.0807305574417114,0
2024-10-22 14:15:00+00:00,1.08119797706604,1.08119797706604,1.08119797706604,1.0803803205490112,1.0803803205490112,0
2024-10-22 14:20:00+00:00,1.0807305574417114,1.0807305574417114,1.080964207649231,1.0807305574417114,1.0808473825454712,0
2024-10-22 14:25:00+00:00,1.0807305574417114,1.0807305574417114,1.0807305574417114,1.0806137323379517,1.0807305574417114,0
2024-10-22 14:30:00+00:00,1.0808473825454712,1.0808473825454712,1.0808473825454712,1.0808473825454712,1.0808473825454712,0
2024-10-22 14:35:00+00:00,1.08119797706604,1.08119797706604,1.08119797706604,1.0807305574417114,1.0807305574417114,0
2024-10-22 14:40:00+00:00,1.0813149213790894,1.0813149213790894,1.0813149213790894,1.0810810327529907,1.0810810327529907,0
2024-10-22 14:45:00+00:00,1.0810810327529907,1.0810810327529907,1.0814317464828491,1.0810810327529907,1.0814317464828491,0
2024-10-22 14:50:00+00:00,1.0813149213790894,1.0813149213790894,1.0813149213790894,1.0810810327529907,1.0813149213790894,0
2024-10-22 14:55:00+00:00,1.0813149213790894,1.0813149213790894,1.0814317464828491,1.0813149213790894,1.0813149213790894,0
2024-10-22 15:00:00+00:00,1.0810810327529907,1.0810810327529907,1.08119797706604,1.080964207649231,1.08119797706604,0
2024-10-22 15:05:00+00:00,1.0813149213790894,1.0813149213790894,1.0813149213790894,1.080964207649231,1.080964207649231,0
2024-10-22 15:10:00+00:00,1.0813149213790894,1.0813149213790894,1.0813149213790894,1.08119797706604,1.0813149213790894,0
2024-10-22 15:15:00+00:00,1.0813149213790894,1.0813149213790894,1.081548810005188,1.0813149213790894,1.0813149213790894,0
2024-10-22 15:20:00+00:00,1.081548810005188,1.081548810005188,1.081548810005188,1.0813149213790894,1.0813149213790894,0
2024-10-22 15:25:00+00:00,1.0816657543182373,1.0816657543182373,1.0816657543182373,1.0816657543182373,1.0816657543182373,0
2024-10-22 15:30:00+00:00,1.0816657543182373,1.0816657543182373,1.0817828178405762,1.0816657543182373,1.0816657543182373,0
2024-10-22 15:35:00+00:00,1.08119797706604,1.08119797706604,1.0816657543182373,1.08119797706604,1.0816657543182373,0
2024-10-22 15:40:00+00:00,1.080964207649231,1.080964207649231,1.08119797706604,1.080964207649231,1.08119797706604,0
2024-10-22 15:45:00+00:00,1.080964207649231,1.080964207649231,1.0810810327529907,1.080964207649231,1.080964207649231,0
2024-10-22 15:50:00+00:00,1.080964207649231,1.080964207649231,1.08119797706604,1.080964207649231,1.080964207649231,0
2024-10-22 15:55:00+00:00,1.0807305574417114,1.0807305574417114,1.0810810327529907,1.0807305574417114,1.0810810327529907,0
2024-10-22 16:00:00+00:00,1.0808473825454712,1.0808473825454712,1.0808473825454712,1.0807305574417114,1.0807305574417114,0
2024-10-22 16:05:00+00:00,1.0806137323379517,1.0806137323379517,1.0808473825454712,1.0806137323379517,1.0808473825454712,0
2024-10-22 16:10:00+00:00,1.0808473825454712,1.0808473825454712,1.0808473825454712,1.0807305574417114,1.0807305574417114,0
2024-10-22 16:15:00+00:00,1.0810810327529907,1.0810810327529907,1.0810810327529907,1.080964207649231,1.080964207649231,0
2024-10-22 16:20:00+00:00,1.0810810327529907,1.0810810327529907,1.0810810327529907,1.080964207649231,1.0810810327529907,0
2024-10-22 16:25:00+00:00,1.0810810327529907,1.0810810327529907,1.08119797706604,1.0810810327529907,1.08119797706604,0
2024-10-22 16:30:00+00:00,1.0813149213790894,1.0813149213790894,1.0813149213790894,1.08119797706604,1.08119797706604,0
2024-10-22 16:35:00+00:00,1.081548810005188,1.081548810005188,1.081548810005188,1.0813149213790894,1.0813149213790894,0
2024-10-22 16:40:00+00:00,1.081548810005188,1.081548810005188,1.081548810005188,1.0814317464828491,1.081548810005188,0
2024-10-22 16:45:00+00:00,1.081548810005188,1.081548810005188,1.0816657543182373,1.081548810005188,1.081548810005188,0
2024-10-22 16:50:00+00:00,1.0813149213790894,1.0813149213790894,1.0814317464828491,1.0813149213790894,1.0814317464828491,0
2024-10-22 16:55:00+00:00,1.080964207649231,1.080964207649231,1.0810810327529907,1.080964207649231,1.0810810327529907,0
2024-10-22 17:00:00+00:00,1.0810810327529907,1.0810810327529907,1.08119797706604,1.0810810327529907,1.0810810327529907,0
2024-10-22 17:05:00+00:00,1.0807305574417114,1.0807305574417114,1.08119797706604,1.0806137323379517,1.08119797706604,0
2024-10-22 17:10:00+00:00,1.0806137323379517,1.0806137323379517,1.0807305574417114,1.0806137323379517,1.0807305574417114,0
2024-10-22 17:15:00+00:00,1.0808473825454712,1.0808473825454712,1.0808473825454712,1.0807305574417114,1.0807305574417114,0
2024-10-22 17:20:00+00:00,1.0806137323379517,1.0806137323379517,1.0807305574417114,1.0804970264434814,1.0807305574417114,0
2024-10-22 17:25:00+00:00,1.0806137323379517,1.0806137323379517,1.0807305574417114,1.0804970264434814,1.0804970264434814,0
2024-10-22 17:30:00+00:00,1.0804970264434814,1.0804970264434814,1.0806137323379517,1.0804970264434814,1.0806137323379517,0
2024-10-22 17:35:00+00:00,1.0804970264434814,1.0804970264434814,1.0806137323379517,1.0804970264434814,1.0806137323379517,0
2024-10-22 17:40:00+00:00,1.0806137323379517,1.0806137323379517,1.0807305574417114,1.0804970264434814,1.0804970264434814,0
2024-10-22 17:45:00+00:00,1.0806137323379517,1.0806137323379517,1.0807305574417114,1.0806137323379517,1.0806137323379517,0
2024-10-22 17:50:00+00:00,1.0804970264434814,1.0804970264434814,1.0804970264434814,1.0804970264434814,1.0804970264434814,0
2024-10-22 17:55:00+00:00,1.0806137323379517,1.0806137323379517,1.0806137323379517,1.0806137323379517,1.0806137323379517,0
2024-10-22 18:00:00+00:00,1.0806137323379517,1.0806137323379517,1.0806137323379517,1.0804970264434814,1.0804970264434814,0
2024-10-22 18:05:00+00:00,1.0804970264434814,1.0804970264434814,1.0807305574417114,1.0804970264434814,1.0807305574417114,0
2024-10-22 18:10:00+00:00,1.0804970264434814,1.0804970264434814,1.0804970264434814,1.0804970264434814,1.0804970264434814,0
2024-10-22 18:15:00+00:00,1.0803803205490112,1.0803803205490112,1.0803803205490112,1.0803803205490112,1.0803803205490112,0
2024-10-22 18:20:00+00:00,1.0804970264434814,1.0804970264434814,1.0804970264434814,1.0803803205490112,1.0803803205490112,0
2024-10-22 18:25:00+00:00,1.0804970264434814,1.0804970264434814,1.0804970264434814,1.0804970264434814,1.0804970264434814,0
2024-10-22 18:30:00+00:00,1.0806137323379517,1.0806137323379517,1.0806137323379517,1.0804970264434814,1.0804970264434814,0
2024-10-22 18:35:00+00:00,1.0806137323379517,1.0806137323379517,1.0806137323379517,1.0806137323379517,1.0806137323379517,0
2024-10-22 18:40:00+00:00,1.0804970264434814,1.0804970264434814,1.0804970264434814,1.0804970264434814,1.0804970264434814,0
2024-10-22 18:45:00+00:00,1.0803803205490112,1.0803803205490112,1.0804970264434814,1.0803803205490112,1.0804970264434814,0
2024-10-22 18:50:00+00:00,1.0803803205490112,1.0803803205490112,1.0804970264434814,1.0803803205490112,1.0803803205490112,0
2024-10-22 18:55:00+00:00,1.0804970264434814,1.0804970264434814,1.0804970264434814,1.0803803205490112,1.0803803205490112,0
2024-10-22 19:00:00+00:00,1.080263614654541,1.080263614654541,1.080263614654541,1.07991361618042,1.0801469087600708,0
2024-10-22 19:05:00+00:00,1.080263614654541,1.080263614654541,1.080263614654541,1.0801469087600708,1.080263614654541,0
2024-10-22 19:10:00+00:00,1.0803803205490112,1.0803803205490112,1.0804970264434814,1.080263614654541,1.0803803205490112,0
2024-10-22 19:15:00+00:00,1.0803803205490112,1.0803803205490112,1.0804970264434814,1.0803803205490112,1.0804970264434814,0
2024-10-22 19:20:00+00:00,1.0803803205490112,1.0803803205490112,1.0803803205490112,1.0803803205490112,1.0803803205490112,0
2024-10-22 19:25:00+00:00,1.0803803205490112,1.0803803205490112,1.0804970264434814,1.0803803205490112,1.0803803205490112,0
2024-10-22 19:30:00+00:00,1.080263614654541,1.080263614654541,1.0803803205490112,1.080263614654541,1.0803803205490112,0
2024-10-22 19:35:00+00:00,1.0800302028656006,1.0800302028656006,1.080263614654541,1.0800302028656006,1.080263614654541,0
2024-10-22 19:40:00+00:00,1.0801469087600708,1.0801469087600708,1.0801469087600708,1.0800302028656006,1.0800302028656006,0
2024-10-22 19:45:00+00:00,1.0800302028656006,1.0800302028656006,1.0801469087600708,1.0800302028656006,1.0801469087600708,0
2024-10-22 19:50:00+00:00,1.0797970294952393,1.0797970294952393,1.07991361618042,1.0797970294952393,1.07991361618042,0
2024-10-22 19:55:00+00:00,1.0797970294952393,1.0797970294952393,1.07991361618042,1.0796804428100586,1.07991361618042,0
2024-10-22 20:00:00+00:00,1.0797970294952393,1.0797970294952393,1.0797970294952393,1.079563856124878,1.0796804428100586,0
2024-10-22 20:05:00+00:00,1.0800302028656006,1.0800302028656006,1.0800302028656006,1.0797970294952393,1.0797970294952393,0
2024-10-22 20:10:00+00:00,1.07991361618042,1.07991361618042,1.0800302028656006,1.07991361618042,1.0800302028656006,0
2024-10-22 20:15:00+00:00,1.07991361618042,1.07991361618042,1.07991361618042,1.0797970294952393,1.07991361618042,0
2024-10-22 20:20:00+00:00,1.07991361618042,1.07991361618042,1.07991361618042,1.07991361618042,1.07991361618042,0
2024-10-22 20:25:00+00:00,1.0800302028656006,1.0800302028656006,1.0800302028656006,1.07991361618042,1.07991361618042,0
2024-10-22 20:30:00+00:00,1.0801469087600708,1.0801469087600708,1.0801469087600708,1.0800302028656006,1.0801469087600708,0
2024-10-22 20:35:00+00:00,1.0800302028656006,1.0800302028656006,1.0801469087600708,1.0800302028656006,1.0800302028656006,0
2024-10-22 20:40:00+00:00,1.0801469087600708,1.0801469087600708,1.0801469087600708,1.0801469087600708,1.0801469087600708,0
2024-10-22 20:45:00+00:00,1.0800302028656006,1.0800302028656006,1.0801469087600708,1.0800302028656006,1.0801469087600708,0
2024-10-22 20:50:00+00:00,1.0801469087600708,1.0801469087600708,1.0801469087600708,1.0800302028656006,1.0801469087600708,0
2024-10-22 20:55:00+00:00,1.0801469087600708,1.0801469087600708,1.0801469087600708,1.0801469087600708,1.0801469087600708,0
2024-10-22 21:00:00+00:00,1.07991361618042,1.07991361618042,1.0807305574417114,1.079563856124878,1.0800302028656006,0
2024-10-22 21:05:00+00:00,1.0800302028656006,1.0800302028656006,1.0800302028656006,1.07991361618042,1.0800302028656006,0
2024-10-22 21:10:00+00:00,1.0800302028656006,1.0800302028656006,1.0800302028656006,1.07991361618042,1.07991361618042,0
2024-10-22 21:15:00+00:00,1.0801469087600708,1.0801469087600708,1.0801469087600708,1.0797970294952393,1.0800302028656006,0
2024-10-22 21:20:00+00:00,1.0803803205490112,1.0803803205490112,1.0803803205490112,1.0800302028656006,1.0801469087600708,0
2024-10-22 21:25:00+00:00,1.07991361618042,1.07991361618042,1.0801469087600708,1.07991361618042,1.0801469087600708,0
2024-10-22 21:30:00+00:00,1.0801469087600708,1.0801469087600708,1.080263614654541,1.0800302028656006,1.080263614654541,0
2024-10-22 21:35:00+00:00,1.080263614654541,1.080263614654541,1.080263614654541,1.0801469087600708,1.0801469087600708,0
2024-10-22 21:40:00+00:00,1.0801469087600708,1.0801469087600708,1.080263614654541,1.0801469087600708,1.080263614654541,0
2024-10-22 21:45:00+00:00,1.0801469087600708,1.0801469087600708,1.080263614654541,1.0801469087600708,1.080263614654541,0
2024-10-22 21:50:00+00:00,1.080263614654541,1.080263614654541,1.080263614654541,1.0801469087600708,1.080263614654541,0
2024-10-22 21:55:00+00:00,1.080263614654541,1.080263614654541,1.0803803205490112,1.0801469087600708,1.0801469087600708,0
2024-10-22 22:00:00+00:00,1.080263614654541,1.080263614654541,1.0804970264434814,1.0800302028656006,1.0800302028656006,0
2024-10-22 22:05:00+00:00,1.0801469087600708,1.0801469087600708,1.0803803205490112,1.0801469087600708,1.0803803205490112,0
2024-10-22 22:10:00+00:00,1.0801469087600708,1.0801469087600708,1.0801469087600708,1.0801469087600708,1.0801469087600708,0
2024-10-22 22:15:00+00:00,1.0800302028656006,1.0800302028656006,1.080263614654541,1.0800302028656006,1.080263614654541,0
2024-10-22 22:20:00+00:00,1.0800302028656006,1.0800302028656006,1.0800302028656006,1.0800302028656006,1.0800302028656006,0
2024-10-22 22:25:00+00:00,1.080263614654541,1.080263614654541,1.080263614654541,1.0800302028656006,1.0800302028656006,0
2024-10-22 22:30:00+00:00,1.0801469087600708,1.0801469087600708,1.0801469087600708,1.0801469087600708,1.0801469087600708,0
2024-10-22 22:35:00+00:00,1.0801469087600708,1.0801469087600708,1.080263614654541,1.0801469087600708,1.0801469087600708,0
2024-10-22 22:40:00+00:00,1.080263614654541,1.080263614654541,1.080263614654541,1.080263614654541,1.080263614654541,0
2024-10-22 22:45:00+00:00,1.0801469087600708,1.0801469087600708,1.0801469087600708,1.0801469087600708,1.0801469087600708,0
2024-10-22 22:50:00+00:00,1.0800302028656006,1.0800302028656006,1.080263614654541,1.0800302028656006,1.080263614654541,0
2024-10-22 22:55:00+00:00,1.0801469087600708,1.0801469087600708,1.0801469087600708,1.0800302028656006,1.0800302028656006,0
2024-10-22 23:00:00+00:00,1.0800302028656006,1.0800302028656006,1.0801469087600708,1.0800302028656006,1.0801469087600708,0
2024-10-22 23:05:00+00:00,1.0801469087600708,1.0801469087600708,1.0801469087600708,1.0800302028656006,1.0800302028656006,0
2024-10-22 23:10:00+00:00,1.0800302028656006,1.0800302028656006,1.0801469087600708,1.0800302028656006,1.0801469087600708,0
2024-10-22 23:15:00+00:00,1.0800302028656006,1.0800302028656006,1.0800302028656006,1.0800302028656006,1.0800302028656006,0
2024-10-22 23:20:00+00:00,1.0801469087600708,1.0801469087600708,1.0801469087600708,1.0800302028656006,1.0800302028656006,0
2024-10-22 23:25:00+00:00,1.0800302028656006,1.0800302028656006,1.0801469087600708,1.0800302028656006,1.0801469087600708,0
2024-10-22 23:30:00+00:00,1.0800302028656006,1.0800302028656006,1.0800302028656006,1.0800302028656006,1.0800302028656006,0
2024-10-22 23:35:00+00:00,1.0800302028656006,1.0800302028656006,1.0800302028656006,1.0800302028656006,1.0800302028656006,0
2024-10-22 23:40:00+00:00,1.0800302028656006,1.0800302028656006,1.0800302028656006,1.0800302028656006,1.0800302028656006,0
2024-10-22 23:45:00+00:00,1.0800302028656006,1.0800302028656006,1.0800302028656006,1.0800302028656006,1.0800302028656006,0
2024-10-22 23:50:00+00:00,1.0800302028656006,1.0800302028656006,1.0800302028656006,1.0800302028656006,1.0800302028656006,0
2024-10-22 23:55:00+00:00,1.07991361618042,1.07991361618042,1.0800302028656006,1.07991361618042,1.0800302028656006,0
2024-10-23 00:00:00+00:00,1.0797970294952393,1.0797970294952393,1.07991361618042,1.0797970294952393,1.07991361618042,0
2024-10-23 00:05:00+00:00,1.0797970294952393,1.0797970294952393,1.0797970294952393,1.0796804428100586,1.0797970294952393,0
2024-10-23 00:10:00+00:00,1.0797970294952393,1.0797970294952393,1.0797970294952393,1.0797970294952393,1.0797970294952393,0
2024-10-23 00:15:00+00:00,1.0797970294952393,1.0797970294952393,1.0797970294952393,1.0796804428100586,1.0797970294952393,0
2024-10-23 00:20:00+00:00,1.07991361618042,1.07991361618042,1.07991361618042,1.0797970294952393,1.0797970294952393,0
2024-10-23 00:25:00+00:00,1.0800302028656006,1.0800302028656006,1.0800302028656006,1.07991361618042,1.07991361618042,0
2024-10-23 00:30:00+00:00,1.0800302028656006,1.0800302028656006,1.0800302028656006,1.0800302028656006,1.0800302028656006,0
2024-10-23 00:35:00+00:00,1.07991361618042,1.07991361618042,1.0800302028656006,1.07991361618042,1.0800302028656006,0
2024-10-23 00:40:00+00:00,1.0797970294952393,1.0797970294952393,1.07991361618042,1.0797970294952393,1.07991361618042,0
2024-10-23 00:45:00+00:00,1.079563856124878,1.079563856124878,1.0796804428100586,1.079563856124878,1.0796804428100586,0
2024-10-23 00:50:00+00:00,1.0800302028656006,1.0800302028656006,1.0800302028656006,1.079563856124878,1.079563856124878,0
2024-10-23 00:55:00+00:00,1.0800302028656006,1.0800302028656006,1.080263614654541,1.0800302028656006,1.080263614654541,0
2024-10-23 01:00:00+00:00,1.0800302028656006,1.0800302028656006,1.0800302028656006,1.0797970294952393,1.0797970294952393,0
2024-10-23 01:05:00+00:00,1.0797970294952393,1.0797970294952393,1.0800302028656006,1.0797970294952393,1.0800302028656006,0
2024-10-23 01:10:00+00:00,1.07991361618042,1.07991361618042,1.07991361618042,1.0797970294952393,1.0797970294952393,0
2024-10-23 01:15:00+00:00,1.0797970294952393,1.0797970294952393,1.07991361618042,1.0797970294952393,1.07991361618042,0
2024-10-23 01:20:00+00:00,1.0797970294952393,1.0797970294952393,1.07991361618042,1.0797970294952393,1.07991361618042,0
2024-10-23 01:25:00+00:00,1.0797970294952393,1.0797970294952393,1.0797970294952393,1.0796804428100586,1.0797970294952393,0
2024-10-23 01:30:00+00:00,1.07991361618042,1.07991361618042,1.07991361618042,1.0797970294952393,1.0797970294952393,0
2024-10-23 01:35:00+00:00,1.07991361618042,1.07991361618042,1.07991361618042,1.0797970294952393,1.0797970294952393,0
2024-10-23 01:40:00+00:00,1.0797970294952393,1.0797970294952393,1.07991361618042,1.0797970294952393,1.0797970294952393,0
2024-10-23 01:45:00+00:00,1.07991361618042,1.07991361618042,1.07991361618042,1.0797970294952393,1.0797970294952393,0
2024-10-23 01:50:00+00:00,1.0797970294952393,1.0797970294952393,1.07991361618042,1.0797970294952393,1.07991361618042,0
2024-10-23 01:55:00+00:00,1.0797970294952393,1.0797970294952393,1.0797970294952393,1.0797970294952393,1.0797970294952393,0
2024-10-23 02:00:00+00:00,1.07991361618042,1.07991361618042,1.07991361618042,1.0797970294952393,1.0797970294952393,0
2024-10-23 02:05:00+00:00,1.07991361618042,1.07991361618042,1.07991361618042,1.0797970294952393,1.07991361618042,0
2024-10-23 02:10:00+00:00,1.0797970294952393,1.0797970294952393,1.0800302028656006,1.0797970294952393,1.07991361618042,0
2024-10-23 02:15:00+00:00,1.0800302028656006,1.0800302028656006,1.0800302028656006,1.07991361618042,1.07991361618042,0
2024-10-23 02:20:00+00:00,1.0801469087600708,1.0801469087600708,1.0801469087600708,1.0800302028656006,1.0800302028656006,0
2024-10-23 02:25:00+00:00,1.0801469087600708,1.0801469087600708,1.080263614654541,1.0801469087600708,1.0801469087600708,0
2024-10-23 02:30:00+00:00,1.080263614654541,1.080263614654541,1.080263614654541,1.0801469087600708,1.0801469087600708,0
2024-10-23 02:35:00+00:00,1.080263614654541,1.080263614654541,1.0803803205490112,1.080263614654541,1.080263614654541,0
2024-10-23 02:40:00+00:00,1.0806137323379517,1.0806137323379517,1.0806137323379517,1.080263614654541,1.080263614654541,0
2024-10-23 02:45:00+00:00,1.0807305574417114,1.0807305574417114,1.0807305574417114,1.0806137323379517,1.0807305574417114,0
2024-10-23 02:50:00+00:00,1.0807305574417114,1.0807305574417114,1.0807305574417114,1.0807305574417114,1.0807305574417114,0
2024-10-23 02:55:00+00:00,1.0807305574417114,1.0807305574417114,1.0808473825454712,1.0807305574417114,1.0807305574417114,0
2024-10-23 03:00:00+00:00,1.0808473825454712,1.0808473825454712,1.0808473825454712,1.0807305574417114,1.0807305574417114,0
2024-10-23 03:05:00+00:00,1.0807305574417114,1.0807305574417114,1.0808473825454712,1.0807305574417114,1.0808473825454712,0
2024-10-23 03:10:00+00:00,1.0806137323379517,1.0806137323379517,1.0807305574417114,1.0806137323379517,1.0807305574417114,0
2024-10-23 03:15:00+00:00,1.0804970264434814,1.0804970264434814,1.0806137323379517,1.0804970264434814,1.0804970264434814,0
2024-10-23 03:20:00+00:00,1.0804970264434814,1.0804970264434814,1.0804970264434814,1.0803803205490112,1.0804970264434814,0
2024-10-23 03:25:00+00:00,1.0803803205490112,1.0803803205490112,1.0803803205490112,1.0803803205490112,1.0803803205490112,0
2024-10-23 03:30:00+00:00,1.080263614654541,1.080263614654541,1.080263614654541,1.080263614654541,1.080263614654541,0
2024-10-23 03:35:00+00:00,1.080263614654541,1.080263614654541,1.080263614654541,1.080263614654541,1.080263614654541,0
2024-10-23 03:40:00+00:00,1.0803803205490112,1.0803803205490112,1.0804970264434814,1.0803803205490112,1.0803803205490112,0
2024-10-23 03:45:00+00:00,1.0803803205490112,1.0803803205490112,1.0803803205490112,1.0803803205490112,1.0803803205490112,0
2024-10-23 03:50:00+00:00,1.0804970264434814,1.0804970264434814,1.0804970264434814,1.0803803205490112,1.0803803205490112,0
2024-10-23 03:55:00+00:00,1.0804970264434814,1.0804970264434814,1.0804970264434814,1.0804970264434814,1.0804970264434814,0
2024-10-23 04:00:00+00:00,1.0803803205490112,1.0803803205490112,1.0804970264434814,1.0803803205490112,1.0804970264434814,0
2024-10-23 04:05:00+00:00,1.080263614654541,1.080263614654541,1.0803803205490112,1.080263614654541,1.0803803205490112,0
2024-10-23 04:10:00+00:00,1.080263614654541,1.080263614654541,1.0803803205490112,1.080263614654541,1.080263614654541,0
2024-10-23 04:15:00+00:00,1.0803803205490112,1.0803803205490112,1.0803803205490112,1.080263614654541,1.080263614654541,0
2024-10-23 04:20:00+00:00,1.0803803205490112,1.0803803205490112,1.0803803205490112,1.080263614654541,1.0803803205490112,0
2024-10-23 04:25:00+00:00,1.0803803205490112,1.0803803205490112,1.0803803205490112,1.0803803205490112,1.0803803205490112,0
2024-10-23 04:30:00+00:00,1.0803803205490112,1.0803803205490112,1.0804970264434814,1.0803803205490112,1.0803803205490112,0
2024-10-23 04:35:00+00:00,1.0804970264434814,1.0804970264434814,1.0804970264434814,1.0804970264434814,1.0804970264434814,0
2024-10-23 04:40:00+00:00,1.0804970264434814,1.0804970264434814,1.0804970264434814,1.0804970264434814,1.0804970264434814,0
2024-10-23 04:45:00+00:00,1.0803803205490112,1.0803803205490112,1.0804970264434814,1.0803803205490112,1.0804970264434814,0
2024-10-23 04:50:00+00:00,1.0803803205490112,1.0803803205490112,1.0803803205490112,1.080263614654541,1.0803803205490112,0
2024-10-23 04:55:00+00:00,1.0806137323379517,1.0806137323379517,1.0806137323379517,1.0803803205490112,1.0803803205490112,0
2024-10-23 05:00:00+00:00,1.0806137323379517,1.0806137323379517,1.0806137323379517,1.0804970264434814,1.0806137323379517,0
2024-10-23 05:05:00+00:00,1.0806137323379517,1.0806137323379517,1.0806137323379517,1.0804970264434814,1.0806137323379517,0
2024-10-23 05:10:00+00:00,1.0807305574417114,1.0807305574417114,1.0807305574417114,1.0807305574417114,1.0807305574417114,0
2024-10-23 05:15:00+00:00,1.0807305574417114,1.0807305574417114,1.0807305574417114,1.0807305574417114,1.0807305574417114,0
2024-10-23 05:20:00+00:00,1.0808473825454712,1.0808473825454712,1.0808473825454712,1.0807305574417114,1.0807305574417114,0
2024-10-23 05:25:00+00:00,1.0807305574417114,1.0807305574417114,1.0808473825454712,1.0807305574417114,1.0808473825454712,0
2024-10-23 05:30:00+00:00,1.0807305574417114,1.0807305574417114,1.080964207649231,1.0807305574417114,1.0808473825454712,0
2024-10-23 05:35:00+00:00,1.0807305574417114,1.0807305574417114,1.0808473825454712,1.0807305574417114,1.0808473825454712,0
2024-10-23 05:40:00+00:00,1.0806137323379517,1.0806137323379517,1.0807305574417114,1.0806137323379517,1.0807305574417114,0
2024-10-23 05:45:00+00:00,1.0806137323379517,1.0806137323379517,1.0806137323379517,1.0806137323379517,1.0806137323379517,0
2024-10-23 05:50:00+00:00,1.0807305574417114,1.0807305574417114,1.0807305574417114,1.0806137323379517,1.0806137323379517,0
2024-10-23 05:55:00+00:00,1.0808473825454712,1.0808473825454712,1.0808473825454712,1.0807305574417114,1.0807305574417114,0
2024-10-23 06:00:00+00:00,1.0806137323379517,1.0806137323379517,1.0808473825454712,1.0806137323379517,1.0808473825454712,0
2024-10-23 06:05:00+00:00,1.0807305574417114,1.0807305574417114,1.0807305574417114,1.0804970264434814,1.0806137323379517,0
2024-10-23 06:10:00+00:00,1.0804970264434814,1.0804970264434814,1.0806137323379517,1.0804970264434814,1.0806137323379517,0
2024-10-23 06:15:00+00:00,1.0803803205490112,1.0803803205490112,1.0806137323379517,1.0803803205490112,1.0804970264434814,0
2024-10-23 06:20:00+00:00,1.0801469087600708,1.0801469087600708,1.0803803205490112,1.0801469087600708,1.0803803205490112,0
2024-10-23 06:25:00+00:00,1.07991361618042,1.07991361618042,1.0800302028656006,1.07991361618042,1.0800302028656006,0
2024-10-23 06:30:00+00:00,1.07991361618042,1.07991361618042,1.0800302028656006,1.07991361618042,1.0800302028656006,0
2024-10-23 06:35:00+00:00,1.0796804428100586,1.0796804428100586,1.07991361618042,1.0796804428100586,1.07991361618042,0
2024-10-23 06:40:00+00:00,1.07991361618042,1.07991361618042,1.07991361618042,1.0796804428100586,1.0796804428100586,0
2024-10-23 06:45:00+00:00,1.0797970294952393,1.0797970294952393,1.0797970294952393,1.0796804428100586,1.0797970294952393,0
2024-10-23 06:50:00+00:00,1.0797970294952393,1.0797970294952393,1.07991361618042,1.0796804428100586,1.0796804428100586,0
2024-10-23 06:55:00+00:00,1.0796804428100586,1.0796804428100586,1.0797970294952393,1.079563856124878,1.0797970294952393,0
2024-10-23 07:00:00+00:00,1.0788650512695312,1.0788650512695312,1.079563856124878,1.0788650512695312,1.079563856124878,0
2024-10-23 07:05:00+00:00,1.079097867012024,1.079097867012024,1.079214334487915,1.0789813995361328,1.0789813995361328,0
2024-10-23 07:10:00+00:00,1.0789813995361328,1.0789813995361328,1.079097867012024,1.0789813995361328,1.079097867012024,0
2024-10-23 07:15:00+00:00,1.0787487030029297,1.0787487030029297,1.0789813995361328,1.0787487030029297,1.0789813995361328,0
2024-10-23 07:20:00+00:00,1.0788650512695312,1.0788650512695312,1.0788650512695312,1.0786322355270386,1.0786322355270386,0
2024-10-23 07:25:00+00:00,1.0788650512695312,1.0788650512695312,1.0788650512695312,1.0786322355270386,1.0788650512695312,0
2024-10-23 07:30:00+00:00,1.078515887260437,1.078515887260437,1.0788650512695312,1.078515887260437,1.0788650512695312,0
2024-10-23 07:35:00+00:00,1.0786322355270386,1.0786322355270386,1.0786322355270386,1.078399658203125,1.078515887260437,0
2024-10-23 07:40:00+00:00,1.0786322355270386,1.0786322355270386,1.0786322355270386,1.078399658203125,1.078515887260437,0
2024-10-23 07:45:00+00:00,1.0788650512695312,1.0788650512695312,1.0788650512695312,1.078515887260437,1.078515887260437,0
2024-10-23 07:50:00+00:00,1.0788650512695312,1.0788650512695312,1.0788650512695312,1.0788650512695312,1.0788650512695312,0
2024-10-23 07:55:00+00:00,1.0786322355270386,1.0786322355270386,1.0787487030029297,1.078515887260437,1.0787487030029297,0
2024-10-23 08:00:00+00:00,1.078515887260437,1.078515887260437,1.0787487030029297,1.078515887260437,1.078515887260437,0
2024-10-23 08:05:00+00:00,1.078515887260437,1.078515887260437,1.0786322355270386,1.078399658203125,1.078515887260437,0
2024-10-23 08:10:00+00:00,1.078399658203125,1.078399658203125,1.078515887260437,1.078399658203125,1.078515887260437,0
2024-10-23 08:15:00+00:00,1.078283429145813,1.078283429145813,1.078399658203125,1.078283429145813,1.078399658203125,0
2024-10-23 08:20:00+00:00,1.078399658203125,1.078399658203125,1.078399658203125,1.078283429145813,1.078283429145813,0
2024-10-23 08:25:00+00:00,1.078515887260437,1.078515887260437,1.0786322355270386,1.078515887260437,1.0786322355270386,0
2024-10-23 08:30:00+00:00,1.0786322355270386,1.0786322355270386,1.0786322355270386,1.078399658203125,1.078399658203125,0
2024-10-23 08:35:00+00:00,1.0789813995361328,1.0789813995361328,1.0789813995361328,1.0786322355270386,1.0786322355270386,0
2024-10-23 08:40:00+00:00,1.0789813995361328,1.0789813995361328,1.0789813995361328,1.0789813995361328,1.0789813995361328,0
2024-10-23 08:45:00+00:00,1.079097867012024,1.079097867012024,1.079097867012024,1.0789813995361328,1.0789813995361328,0
2024-10-23 08:50:00+00:00,1.079097867012024,1.079097867012024,1.0794472694396973,1.079097867012024,1.079214334487915,0
2024-10-23 08:55:00+00:00,1.079214334487915,1.079214334487915,1.079214334487915,1.079097867012024,1.079097867012024,0
2024-10-23 09:00:00+00:00,1.0789813995361328,1.0789813995361328,1.079214334487915,1.0789813995361328,1.079097867012024,0
2024-10-23 09:05:00+00:00,1.0789813995361328,1.0789813995361328,1.0789813995361328,1.0789813995361328,1.0789813995361328,0
2024-10-23 09:10:00+00:00,1.0789813995361328,1.0789813995361328,1.0789813995361328,1.0788650512695312,1.0788650512695312,0
2024-10-23 09:15:00+00:00,1.0788650512695312,1.0788650512695312,1.0788650512695312,1.0787487030029297,1.0787487030029297,0
2024-10-23 09:20:00+00:00,1.0786322355270386,1.0786322355270386,1.0787487030029297,1.0786322355270386,1.0786322355270386,0
2024-10-23 09:25:00+00:00,1.0786322355270386,1.0786322355270386,1.0787487030029297,1.0786322355270386,1.0786322355270386,0
2024-10-23 09:30:00+00:00,1.0787487030029297,1.0787487030029297,1.0787487030029297,1.078515887260437,1.0786322355270386,0
2024-10-23 09:35:00+00:00,1.0788650512695312,1.0788650512695312,1.0788650512695312,1.0786322355270386,1.0787487030029297,0
2024-10-23 09:40:00+00:00,1.0788650512695312,1.0788650512695312,1.0788650512695312,1.0787487030029297,1.0787487030029297,0
2024-10-23 09:45:00+00:00,1.0787487030029297,1.0787487030029297,1.0789813995361328,1.0787487030029297,1.0788650512695312,0
2024-10-23 09:50:00+00:00,1.078515887260437,1.078515887260437,1.0786322355270386,1.078515887260437,1.0786322355270386,0
2024-10-23 09:55:00+00:00,1.078515887260437,1.078515887260437,1.0787487030029297,1.078515887260437,1.0786322355270386,0
2024-10-23 10:00:00+00:00,1.078515887260437,1.078515887260437,1.078515887260437,1.078283429145813,1.078515887260437,0
2024-10-23 10:05:00+00:00,1.078515887260437,1.078515887260437,1.078515887260437,1.078399658203125,1.078399658203125,0
2024-10-23 10:10:00+00:00,1.0786322355270386,1.0786322355270386,1.0786322355270386,1.078515887260437,1.0786322355270386,0
2024-10-23 10:15:00+00:00,1.078515887260437,1.078515887260437,1.078515887260437,1.078399658203125,1.078515887260437,0
2024-10-23 10:20:00+00:00,1.078515887260437,1.078515887260437,1.078515887260437,1.078399658203125,1.078399658203125,0
2024-10-23 10:25:00+00:00,1.078399658203125,1.078399658203125,1.078515887260437,1.078283429145813,1.078515887260437,0
2024-10-23 10:30:00+00:00,1.078283429145813,1.078283429145813,1.078399658203125,1.078283429145813,1.078399658203125,0
2024-10-23 10:35:00+00:00,1.078283429145813,1.078283429145813,1.078399658203125,1.078283429145813,1.078283429145813,0
2024-10-23 10:40:00+00:00,1.0781670808792114,1.0781670808792114,1.078283429145813,1.0781670808792114,1.078283429145813,0
2024-10-23 10:45:00+00:00,1.078283429145813,1.078283429145813,1.078399658203125,1.0781670808792114,1.0781670808792114,0
2024-10-23 10:50:00+00:00,1.0780508518218994,1.0780508518218994,1.0781670808792114,1.0780508518218994,1.0781670808792114,0
2024-10-23 10:55:00+00:00,1.0780508518218994,1.0780508518218994,1.0781670808792114,1.0780508518218994,1.0780508518218994,0
2024-10-23 11:00:00+00:00,1.0780508518218994,1.0780508518218994,1.0781670808792114,1.0780508518218994,1.0780508518218994,0
2024-10-23 11:05:00+00:00,1.0780508518218994,1.0780508518218994,1.0781670808792114,1.0780508518218994,1.0781670808792114,0
2024-10-23 11:10:00+00:00,1.0780508518218994,1.0780508518218994,1.0780508518218994,1.0780508518218994,1.0780508518218994,0
2024-10-23 11:15:00+00:00,1.078283429145813,1.078283429145813,1.078283429145813,1.0780508518218994,1.0780508518218994,0
2024-10-23 11:20:00+00:00,1.0781670808792114,1.0781670808792114,1.0781670808792114,1.0781670808792114,1.0781670808792114,0
2024-10-23 11:25:00+00:00,1.0780508518218994,1.0780508518218994,1.0781670808792114,1.0780508518218994,1.0781670808792114,0
2024-10-23 11:30:00+00:00,1.0780508518218994,1.0780508518218994,1.0780508518218994,1.0780508518218994,1.0780508518218994,0
2024-10-23 11:35:00+00:00,1.077818512916565,1.077818512916565,1.0780508518218994,1.077818512916565,1.0780508518218994,0
2024-10-23 11:40:00+00:00,1.0773539543151855,1.0773539543151855,1.077934741973877,1.0773539543151855,1.077934741973877,0
2024-10-23 11:45:00+00:00,1.0772379636764526,1.0772379636764526,1.0773539543151855,1.0771219730377197,1.0773539543151855,0
2024-10-23 11:50:00+00:00,1.0773539543151855,1.0773539543151855,1.0773539543151855,1.0770059823989868,1.0771219730377197,0
2024-10-23 11:55:00+00:00,1.076658010482788,1.076658010482788,1.0770059823989868,1.076658010482788,1.0770059823989868,0
2024-10-23 12:00:00+00:00,1.076774001121521,1.076774001121521,1.076774001121521,1.076658010482788,1.076658010482788,0
2024-10-23 12:05:00+00:00,1.0770059823989868,1.0770059823989868,1.0771219730377197,1.0768898725509644,1.0768898725509644,0
2024-10-23 12:10:00+00:00,1.076774001121521,1.076774001121521,1.0770059823989868,1.076774001121521,1.0770059823989868,0
2024-10-23 12:15:00+00:00,1.0768898725509644,1.0768898725509644,1.0768898725509644,1.0768898725509644,1.0768898725509644,0
2024-10-23 12:20:00+00:00,1.076774001121521,1.076774001121521,1.0770059823989868,1.076774001121521,1.0768898725509644,0
2024-10-23 12:25:00+00:00,1.0765421390533447,1.0765421390533447,1.076774001121521,1.0765421390533447,1.076658010482788,0
2024-10-23 12:30:00+00:00,1.0773539543151855,1.0773539543151855,1.0773539543151855,1.076658010482788,1.076658010482788,0
2024-10-23 12:35:00+00:00,1.0771219730377197,1.0771219730377197,1.0773539543151855,1.0771219730377197,1.0773539543151855,0
2024-10-23 12:40:00+00:00,1.0772379636764526,1.0772379636764526,1.0772379636764526,1.0771219730377197,1.0772379636764526,0
2024-10-23 12:45:00+00:00,1.077818512916565,1.077818512916565,1.077818512916565,1.0772379636764526,1.0772379636764526,0
2024-10-23 12:50:00+00:00,1.077702283859253,1.077702283859253,1.077702283859253,1.077470064163208,1.077470064163208,0
2024-10-23 12:55:00+00:00,1.077702283859253,1.077702283859253,1.077702283859253,1.077702283859253,1.077702283859253,0
2024-10-23 13:00:00+00:00,1.077818512916565,1.077818512916565,1.077818512916565,1.077702283859253,1.077818512916565,0
2024-10-23 13:05:00+00:00,1.0773539543151855,1.0773539543151855,1.077702283859253,1.0773539543151855,1.077702283859253,0
2024-10-23 13:10:00+00:00,1.0773539543151855,1.0773539543151855,1.0773539543151855,1.0773539543151855,1.0773539543151855,0
2024-10-23 13:15:00+00:00,1.07758629322052,1.07758629322052,1.077702283859253,1.077470064163208,1.077470064163208,0
2024-10-23 13:20:00+00:00,1.077818512916565,1.077818512916565,1.077818512916565,1.07758629322052,1.07758629322052,0
2024-10-23 13:25:00+00:00,1.0781670808792114,1.0781670808792114,1.0781670808792114,1.077934741973877,1.077934741973877,0
2024-10-23 13:30:00+00:00,1.0781670808792114,1.0781670808792114,1.0781670808792114,1.0781670808792114,1.0781670808792114,0
2024-10-23 13:35:00+00:00,1.078283429145813,1.078283429145813,1.078283429145813,1.078283429145813,1.078283429145813,0
2024-10-23 13:40:00+00:00,1.078399658203125,1.078399658203125,1.078399658203125,1.078283429145813,1.078283429145813,0
2024-10-23 13:45:00+00:00,1.078283429145813,1.078283429145813,1.078515887260437,1.078283429145813,1.078399658203125,0
2024-10-23 13:50:00+00:00,1.078399658203125,1.078399658203125,1.078399658203125,1.0781670808792114,1.078399658203125,0
2024-10-23 13:55:00+00:00,1.077818512916565,1.077818512916565,1.078283429145813,1.077702283859253,1.078283429145813,0
2024-10-23 14:00:00+00:00,1.0780508518218994,1.0780508518218994,1.0780508518218994,1.077818512916565,1.077934741973877,0
2024-10-23 14:05:00+00:00,1.0780508518218994,1.0780508518218994,1.078283429145813,1.0780508518218994,1.0781670808792114,0
2024-10-23 14:10:00+00:00,1.0781670808792114,1.0781670808792114,1.078283429145813,1.0780508518218994,1.0780508518218994,0
2024-10-23 14:15:00+00:00,1.0780508518218994,1.0780508518218994,1.078283429145813,1.0780508518218994,1.0781670808792114,0
2024-10-23 14:20:00+00:00,1.078399658203125,1.078399658203125,1.078399658203125,1.0780508518218994,1.0780508518218994,0
2024-10-23 14:25:00+00:00,1.078283429145813,1.078283429145813,1.078515887260437,1.078283429145813,1.078515887260437,0
2024-10-23 14:30:00+00:00,1.077818512916565,1.077818512916565,1.078399658203125,1.077818512916565,1.078399658203125,0
2024-10-23 14:35:00+00:00,1.07758629322052,1.07758629322052,1.077702283859253,1.07758629322052,1.077702283859253,0
2024-10-23 14:40:00+00:00,1.077818512916565,1.077818512916565,1.077818512916565,1.07758629322052,1.077702283859253,0
2024-10-23 14:45:00+00:00,1.077470064163208,1.077470064163208,1.077702283859253,1.077470064163208,1.077702283859253,0
2024-10-23 14:50:00+00:00,1.077702283859253,1.077702283859253,1.077818512916565,1.0773539543151855,1.0773539543151855,0
2024-10-23 14:55:00+00:00,1.077818512916565,1.077818512916565,1.077818512916565,1.07758629322052,1.077818512916565,0
2024-10-23 15:00:00+00:00,1.0780508518218994,1.0780508518218994,1.0780508518218994,1.077702283859253,1.077702283859253,0
2024-10-23 15:05:00+00:00,1.078399658203125,1.078399658203125,1.078399658203125,1.0781670808792114,1.078283429145813,0
2024-10-23 15:10:00+00:00,1.0786322355270386,1.0786322355270386,1.0788650512695312,1.078515887260437,1.078515887260437,0
2024-10-23 15:15:00+00:00,1.0787487030029297,1.0787487030029297,1.0787487030029297,1.0787487030029297,1.0787487030029297,0
2024-10-23 15:20:00+00:00,1.078399658203125,1.078399658203125,1.0786322355270386,1.078399658203125,1.0786322355270386,0
2024-10-23 15:25:00+00:00,1.078399658203125,1.078399658203125,1.078399658203125,1.078399658203125,1.078399658203125,0
2024-10-23 15:30:00+00:00,1.078399658203125,1.078399658203125,1.078399658203125,1.078399658203125,1.078399658203125,0
2024-10-23 15:35:00+00:00,1.078515887260437,1.078515887260437,1.078515887260437,1.078399658203125,1.078399658203125,0
2024-10-23 15:40:00+00:00,1.078399658203125,1.078399658203125,1.078399658203125,1.078283429145813,1.078399658203125,0
2024-10-23 15:45:00+00:00,1.0781670808792114,1.0781670808792114,1.078399658203125,1.0781670808792114,1.078399658203125,0
2024-10-23 15:50:00+00:00,1.0781670808792114,1.0781670808792114,1.078283429145813,1.0780508518218994,1.0781670808792114,0
2024-10-23 15:55:00+00:00,1.0781670808792114,1.0781670808792114,1.078283429145813,1.0781670808792114,1.0781670808792114,0
2024-10-23 16:00:00+00:00,1.0780508518218994,1.0780508518218994,1.0781670808792114,1.077934741973877,1.0781670808792114,0
2024-10-23 16:05:00+00:00,1.077818512916565,1.077818512916565,1.0780508518218994,1.077818512916565,1.0780508518218994,0
2024-10-23 16:10:00+00:00,1.077702283859253,1.077702283859253,1.077818512916565,1.077702283859253,1.077818512916565,0
2024-10-23 16:15:00+00:00,1.077934741973877,1.077934741973877,1.077934741973877,1.077818512916565,1.077818512916565,0
2024-10-23 16:20:00+00:00,1.07758629322052,1.07758629322052,1.077702283859253,1.077470064163208,1.077702283859253,0
2024-10-23 16:25:00+00:00,1.07758629322052,1.07758629322052,1.07758629322052,1.077470064163208,1.07758629322052,0
2024-10-23 16:30:00+00:00,1.07758629322052,1.07758629322052,1.07758629322052,1.0773539543151855,1.077470064163208,0
2024-10-23 16:35:00+00:00,1.077818512916565,1.077818512916565,1.077934741973877,1.07758629322052,1.07758629322052,0
2024-10-23 16:40:00+00:00,1.077818512916565,1.077818512916565,1.077818512916565,1.077702283859253,1.077818512916565,0
2024-10-23 16:45:00+00:00,1.077818512916565,1.077818512916565,1.077934741973877,1.077702283859253,1.077818512916565,0
2024-10-23 16:50:00+00:00,1.077470064163208,1.077470064163208,1.077934741973877,1.077470064163208,1.077934741973877,0
2024-10-23 16:55:00+00:00,1.07758629322052,1.07758629322052,1.077702283859253,1.07758629322052,1.077702283859253,0
2024-10-23 17:00:00+00:00,1.07758629322052,1.07758629322052,1.07758629322052,1.07758629322052,1.07758629322052,0
2024-10-23 17:05:00+00:00,1.07758629322052,1.07758629322052,1.077702283859253,1.07758629322052,1.077702283859253,0
2024-10-23 17:10:00+00:00,1.077470064163208,1.077470064163208,1.07758629322052,1.0773539543151855,1.07758629322052,0
2024-10-23 17:15:00+00:00,1.077470064163208,1.077470064163208,1.077470064163208,1.077470064163208,1.077470064163208,0
2024-10-23 17:20:00+00:00,1.0773539543151855,1.0773539543151855,1.0773539543151855,1.0773539543151855,1.0773539543151855,0
2024-10-23 17:25:00+00:00,1.0773539543151855,1.0773539543151855,1.077470064163208,1.0773539543151855,1.0773539543151855,0
2024-10-23 17:30:00+00:00,1.0771219730377197,1.0771219730377197,1.0773539543151855,1.0771219730377197,1.0773539543151855,0
2024-10-23 17:35:00+00:00,1.0772379636764526,1.0772379636764526,1.0773539543151855,1.0771219730377197,1.0771219730377197,0
2024-10-23 17:40:00+00:00,1.0771219730377197,1.0771219730377197,1.0772379636764526,1.0771219730377197,1.0772379636764526,0
2024-10-23 17:45:00+00:00,1.0770059823989868,1.0770059823989868,1.0771219730377197,1.0770059823989868,1.0771219730377197,0
2024-10-23 17:50:00+00:00,1.0772379636764526,1.0772379636764526,1.0772379636764526,1.0771219730377197,1.0771219730377197,0
2024-10-23 17:55:00+00:00,1.0771219730377197,1.0771219730377197,1.0772379636764526,1.0771219730377197,1.0771219730377197,0
2024-10-23 18:00:00+00:00,1.0772379636764526,1.0772379636764526,1.0772379636764526,1.0771219730377197,1.0771219730377197,0
2024-10-23 18:05:00+00:00,1.077470064163208,1.077470064163208,1.07758629322052,1.0772379636764526,1.0772379636764526,0
2024-10-23 18:10:00+00:00,1.0772379636764526,1.0772379636764526,1.077470064163208,1.0772379636764526,1.077470064163208,0
2024-10-23 18:15:00+00:00,1.0773539543151855,1.0773539543151855,1.0773539543151855,1.0772379636764526,1.0772379636764526,0
2024-10-23 18:20:00+00:00,1.077934741973877,1.077934741973877,1.077934741973877,1.077470064163208,1.077470064163208,0
2024-10-23 18:25:00+00:00,1.077934741973877,1.077934741973877,1.0780508518218994,1.077702283859253,1.077818512916565,0
2024-10-23 18:30:00+00:00,1.0780508518218994,1.0780508518218994,1.0781670808792114,1.0780508518218994,1.0781670808792114,0
2024-10-23 18:35:00+00:00,1.077818512916565,1.077818512916565,1.077934741973877,1.077818512916565,1.077934741973877,0
2024-10-23 18:40:00+00:00,1.077934741973877,1.077934741973877,1.077934741973877,1.077818512916565,1.077818512916565,0
2024-10-23 18:45:00+00:00,1.0781670808792114,1.0781670808792114,1.0781670808792114,1.077934741973877,1.077934741973877,0
2024-10-23 18:50:00+00:00,1.078399658203125,1.078399658203125,1.078515887260437,1.078283429145813,1.078283429145813,0
2024-10-23 18:55:00+00:00,1.078515887260437,1.078515887260437,1.078515887260437,1.078399658203125,1.078399658203125,0
2024-10-23 19:00:00+00:00,1.078283429145813,1.078283429145813,1.078399658203125,1.078283429145813,1.078283429145813,0
2024-10-23 19:05:00+00:00,1.078399658203125,1.078399658203125,1.078399658203125,1.078283429145813,1.078283429145813,0
2024-10-23 19:10:00+00:00,1.078515887260437,1.078515887260437,1.078515887260437,1.078515887260437,1.078515887260437,0
2024-10-23 19:15:00+00:00,1.0786322355270386,1.0786322355270386,1.0786322355270386,1.078515887260437,1.078515887260437,0
2024-10-23 19:20:00+00:00,1.0787487030029297,1.0787487030029297,1.0787487030029297,1.0786322355270386,1.0786322355270386,0
2024-10-23 19:25:00+00:00,1.0786322355270386,1.0786322355270386,1.0787487030029297,1.0786322355270386,1.0787487030029297,0
2024-10-23 19:30:00+00:00,1.078515887260437,1.078515887260437,1.0786322355270386,1.078515887260437,1.078515887260437,0
2024-10-23 19:35:00+00:00,1.078515887260437,1.078515887260437,1.078515887260437,1.078515887260437,1.078515887260437,0
2024-10-23 19:40:00+00:00,1.078515887260437,1.078515887260437,1.078515887260437,1.078399658203125,1.078515887260437,0
2024-10-23 19:45:00+00:00,1.0788650512695312,1.0788650512695312,1.0788650512695312,1.078515887260437,1.078515887260437,0
2024-10-23 19:50:00+00:00,1.0789813995361328,1.0789813995361328,1.0789813995361328,1.0787487030029297,1.0788650512695312,0
2024-10-23 19:55:00+00:00,1.0788650512695312,1.0788650512695312,1.0789813995361328,1.0788650512695312,1.0789813995361328,0
2024-10-23 20:00:00+00:00,1.0787487030029297,1.0787487030029297,1.0789813995361328,1.0787487030029297,1.0789813995361328,0
2024-10-23 20:05:00+00:00,1.0788650512695312,1.0788650512695312,1.0788650512695312,1.0787487030029297,1.0787487030029297,0
2024-10-23 20:10:00+00:00,1.0787487030029297,1.0787487030029297,1.0788650512695312,1.0787487030029297,1.0787487030029297,0
2024-10-23 20:15:00+00:00,1.0787487030029297,1.0787487030029297,1.0787487030029297,1.0786322355270386,1.0786322355270386,0
2024-10-23 20:20:00+00:00,1.0787487030029297,1.0787487030029297,1.0787487030029297,1.0787487030029297,1.0787487030029297,0
2024-10-23 20:25:00+00:00,1.0787487030029297,1.0787487030029297,1.0787487030029297,1.0787487030029297,1.0787487030029297,0
2024-10-23 20:30:00+00:00,1.0788650512695312,1.0788650512695312,1.0788650512695312,1.0787487030029297,1.0787487030029297,0
2024-10-23 20:35:00+00:00,1.0786322355270386,1.0786322355270386,1.0787487030029297,1.0786322355270386,1.0787487030029297,0
2024-10-23 20:40:00+00:00,1.0786322355270386,1.0786322355270386,1.0786322355270386,1.078515887260437,1.078515887260437,0
2024-10-23 20:45:00+00:00,1.078515887260437,1.078515887260437,1.0786322355270386,1.078515887260437,1.0786322355270386,0
2024-10-23 20:50:00+00:00,1.0786322355270386,1.0786322355270386,1.0786322355270386,1.0786322355270386,1.0786322355270386,0
2024-10-23 20:55:00+00:00,1.078515887260437,1.078515887260437,1.0786322355270386,1.078399658203125,1.0786322355270386,0
2024-10-23 21:00:00+00:00,1.078515887260437,1.078515887260437,1.078515887260437,1.078399658203125,1.078399658203125,0
2024-10-23 21:05:00+00:00,1.078283429145813,1.078283429145813,1.0786322355270386,1.0781670808792114,1.078515887260437,0
2024-10-23 21:10:00+00:00,1.0786322355270386,1.0786322355270386,1.0787487030029297,1.078515887260437,1.0786322355270386,0
2024-10-23 21:15:00+00:00,1.078515887260437,1.078515887260437,1.0786322355270386,1.078515887260437,1.078515887260437,0
2024-10-23 21:20:00+00:00,1.0786322355270386,1.0786322355270386,1.0787487030029297,1.078515887260437,1.0786322355270386,0
2024-10-23 21:25:00+00:00,1.0786322355270386,1.0786322355270386,1.0786322355270386,1.078399658203125,1.078515887260437,0
2024-10-23 21:30:00+00:00,1.078515887260437,1.078515887260437,1.0786322355270386,1.078515887260437,1.0786322355270386,0
2024-10-23 21:35:00+00:00,1.078515887260437,1.078515887260437,1.0786322355270386,1.078515887260437,1.078515887260437,0
2024-10-23 21:40:00+00:00,1.0786322355270386,1.0786322355270386,1.0786322355270386,1.078515887260437,1.0786322355270386,0
2024-10-23 21:45:00+00:00,1.0786322355270386,1.0786322355270386,1.0786322355270386,1.078515887260437,1.078515887260437,0
2024-10-23 21:50:00+00:00,1.0786322355270386,1.0786322355270386,1.0786322355270386,1.078515887260437,1.0786322355270386,0
2024-10-23 21:55:00+00:00,1.0786322355270386,1.0786322355270386,1.0786322355270386,1.078515887260437,1.078515887260437,0
2024-10-23 22:00:00+00:00,1.078515887260437,1.078515887260437,1.0788650512695312,1.078515887260437,1.0788650512695312,0
2024-10-23 22:05:00+00:00,1.078399658203125,1.078399658203125,1.078515887260437,1.078399658203125,1.078515887260437,0
2024-10-23 22:10:00+00:00,1.078399658203125,1.078399658203125,1.078399658203125,1.078399658203125,1.078399658203125,0
2024-10-23 22:15:00+00:00,1.078283429145813,1.078283429145813,1.078399658203125,1.078283429145813,1.078399658203125,0
2024-10-23 22:20:00+00:00,1.078515887260437,1.078515887260437,1.078515887260437,1.078283429145813,1.078399658203125,0
2024-10-23 22:25:00+00:00,1.078515887260437,1.078515887260437,1.078515887260437,1.078515887260437,1.078515887260437,0
2024-10-23 22:30:00+00:00,1.078515887260437,1.078515887260437,1.078515887260437,1.078515887260437,1.078515887260437,0
2024-10-23 22:35:00+00:00,1.078515887260437,1.078515887260437,1.078515887260437,1.078515887260437,1.078515887260437,0
2024-10-23 22:40:00+00:00,1.078399658203125,1.078399658203125,1.078399658203125,1.078399658203125,1.078399658203125,0
2024-10-23 22:45:00+00:00,1.078399658203125,1.078399658203125,1.078399658203125,1.078283429145813,1.078283429145813,0
2024-10-23 22:50:00+00:00,1.078399658203125,1.078399658203125,1.078399658203125,1.078399658203125,1.078399658203125,0
2024-10-23 22:55:00+00:00,1.078399658203125,1.078399658203125,1.078399658203125,1.078399658203125,1.078399658203125,0
2024-10-23 23:00:00+00:00,1.078515887260437,1.078515887260437,1.0786322355270386,1.078515887260437,1.078515887260437,0
2024-10-23 23:05:00+00:00,1.078399658203125,1.078399658203125,1.078399658203125,1.078399658203125,1.078399658203125,0
2024-10-23 23:10:00+00:00,1.078515887260437,1.078515887260437,1.078515887260437,1.078399658203125,1.078399658203125,0
2024-10-23 23:15:00+00:00,1.078515887260437,1.078515887260437,1.078515887260437,1.078515887260437,1.078515887260437,0
2024-10-23 23:20:00+00:00,1.078515887260437,1.078515887260437,1.0786322355270386,1.078515887260437,1.078515887260437,0
2024-10-23 23:25:00+00:00,1.0786322355270386,1.0786322355270386,1.0786322355270386,1.0786322355270386,1.0786322355270386,0
2024-10-23 23:30:00+00:00,1.0786322355270386,1.0786322355270386,1.0786322355270386,1.0786322355270386,1.0786322355270386,0
2024-10-23 23:35:00+00:00,1.0787487030029297,1.0787487030029297,1.0787487030029297,1.0786322355270386,1.0786322355270386,0
2024-10-23 23:40:00+00:00,1.078515887260437,1.078515887260437,1.0787487030029297,1.078515887260437,1.0786322355270386,0
2024-10-23 23:45:00+00:00,1.078399658203125,1.078399658203125,1.078515887260437,1.078399658203125,1.078515887260437,0
2024-10-23 23:50:00+00:00,1.078283429145813,1.078283429145813,1.078399658203125,1.078283429145813,1.078399658203125,0
2024-10-23 23:55:00+00:00,1.078283429145813,1.078283429145813,1.078283429145813,1.078283429145813,1.078283429145813,0
2024-10-24 00:00:00+00:00,1.078399658203125,1.078399658203125,1.078515887260437,1.078283429145813,1.078283429145813,0
2024-10-24 00:05:00+00:00,1.078399658203125,1.078399658203125,1.078515887260437,1.078399658203125,1.078399658203125,0
2024-10-24 00:10:00+00:00,1.078399658203125,1.078399658203125,1.078399658203125,1.078399658203125,1.078399658203125,0
2024-10-24 00:15:00+00:00,1.078283429145813,1.078283429145813,1.078399658203125,1.078283429145813,1.078399658203125,0
2024-10-24 00:20:00+00:00,1.078515887260437,1.078515887260437,1.078515887260437,1.078399658203125,1.078399658203125,0
2024-10-24 00:25:00+00:00,1.078515887260437,1.078515887260437,1.0786322355270386,1.078515887260437,1.078515887260437,0
2024-10-24 00:30:00+00:00,1.0787487030029297,1.0787487030029297,1.0787487030029297,1.0786322355270386,1.0786322355270386,0
2024-10-24 00:35:00+00:00,1.0787487030029297,1.0787487030029297,1.0788650512695312,1.0787487030029297,1.0787487030029297,0
2024-10-24 00:40:00+00:00,1.0787487030029297,1.0787487030029297,1.0787487030029297,1.0787487030029297,1.0787487030029297,0
2024-10-24 00:45:00+00:00,1.0788650512695312,1.0788650512695312,1.0789813995361328,1.0787487030029297,1.0787487030029297,0
2024-10-24 00:50:00+00:00,1.079214334487915,1.079214334487915,1.079214334487915,1.0789813995361328,1.0789813995361328,0
2024-10-24 00:55:00+00:00,1.079214334487915,1.079214334487915,1.079214334487915,1.079097867012024,1.079097867012024,0
2024-10-24 01:00:00+00:00,1.0789813995361328,1.0789813995361328,1.079214334487915,1.0789813995361328,1.079214334487915,0
2024-10-24 01:05:00+00:00,1.0788650512695312,1.0788650512695312,1.0789813995361328,1.0787487030029297,1.0789813995361328,0
2024-10-24 01:10:00+00:00,1.0788650512695312,1.0788650512695312,1.0788650512695312,1.0788650512695312,1.0788650512695312,0
2024-10-24 01:15:00+00:00,1.0786322355270386,1.0786322355270386,1.0788650512695312,1.0786322355270386,1.0788650512695312,0
2024-10-24 01:20:00+00:00,1.078515887260437,1.078515887260437,1.0786322355270386,1.078515887260437,1.0786322355270386,0
2024-10-24 01:25:00+00:00,1.0786322355270386,1.0786322355270386,1.0786322355270386,1.078515887260437,1.078515887260437,0
2024-10-24 01:30:00+00:00,1.0786322355270386,1.0786322355270386,1.0786322355270386,1.0786322355270386,1.0786322355270386,0
2024-10-24 01:35:00+00:00,1.0786322355270386,1.0786322355270386,1.0787487030029297,1.0786322355270386,1.0786322355270386,0
2024-10-24 01:40:00+00:00,1.0786322355270386,1.0786322355270386,1.0786322355270386,1.078515887260437,1.0786322355270386,0
2024-10-24 01:45:00+00:00,1.078515887260437,1.078515887260437,1.0786322355270386,1.078515887260437,1.078515887260437,0
2024-10-24 01:50:00+00:00,1.0787487030029297,1.0787487030029297,1.0787487030029297,1.078515887260437,1.0786322355270386,0
2024-10-24 01:55:00+00:00,1.0786322355270386,1.0786322355270386,1.0786322355270386,1.078515887260437,1.0786322355270386,0
2024-10-24 02:00:00+00:00,1.078399658203125,1.078399658203125,1.0786322355270386,1.078399658203125,1.0786322355270386,0
2024-10-24 02:05:00+00:00,1.078399658203125,1.078399658203125,1.078515887260437,1.078399658203125,1.078399658203125,0
2024-10-24 02:10:00+00:00,1.078515887260437,1.078515887260437,1.078515887260437,1.078399658203125,1.078399658203125,0
2024-10-24 02:15:00+00:00,1.0786322355270386,1.0786322355270386,1.0786322355270386,1.0786322355270386,1.0786322355270386,0
2024-10-24 02:20:00+00:00,1.0788650512695312,1.0788650512695312,1.0789813995361328,1.0787487030029297,1.0787487030029297,0
2024-10-24 02:25:00+00:00,1.0789813995361328,1.0789813995361328,1.079097867012024,1.0789813995361328,1.0789813995361328,0
2024-10-24 02:30:00+00:00,1.0789813995361328,1.0789813995361328,1.0789813995361328,1.0789813995361328,1.0789813995361328,0
2024-10-24 02:35:00+00:00,1.0788650512695312,1.0788650512695312,1.0788650512695312,1.0787487030029297,1.0788650512695312,0
2024-10-24 02:40:00+00:00,1.0789813995361328,1.0789813995361328,1.0789813995361328,1.0788650512695312,1.0788650512695312,0
2024-10-24 02:45:00+00:00,1.079097867012024,1.079097867012024,1.079097867012024,1.0789813995361328,1.0789813995361328,0
2024-10-24 02:50:00+00:00,1.079097867012024,1.079097867012024,1.079214334487915,1.079097867012024,1.079214334487915,0
2024-10-24 02:55:00+00:00,1.079097867012024,1.079097867012024,1.079097867012024,1.0789813995361328,1.0789813995361328,0
2024-10-24 03:00:00+00:00,1.079097867012024,1.079097867012024,1.079097867012024,1.079097867012024,1.079097867012024,0
2024-10-24 03:05:00+00:00,1.079097867012024,1.079097867012024,1.079214334487915,1.079097867012024,1.079214334487915,0
2024-10-24 03:10:00+00:00,1.079097867012024,1.079097867012024,1.079097867012024,1.079097867012024,1.079097867012024,0
2024-10-24 03:15:00+00:00,1.079214334487915,1.079214334487915,1.079214334487915,1.079097867012024,1.079097867012024,0
2024-10-24 03:20:00+00:00,1.079097867012024,1.079097867012024,1.079214334487915,1.079097867012024,1.079214334487915,0
2024-10-24 03:25:00+00:00,1.079097867012024,1.079097867012024,1.079097867012024,1.079097867012024,1.079097867012024,0
2024-10-24 03:30:00+00:00,1.0789813995361328,1.0789813995361328,1.079097867012024,1.0789813995361328,1.079097867012024,0
2024-10-24 03:35:00+00:00,1.0789813995361328,1.0789813995361328,1.0789813995361328,1.0789813995361328,1.0789813995361328,0
2024-10-24 03:40:00+00:00,1.0789813995361328,1.0789813995361328,1.0789813995361328,1.0788650512695312,1.0788650512695312,0
2024-10-24 03:45:00+00:00,1.079097867012024,1.079097867012024,1.079097867012024,1.0789813995361328,1.0789813995361328,0
2024-10-24 03:50:00+00:00,1.0789813995361328,1.0789813995361328,1.0789813995361328,1.0789813995361328,1.0789813995361328,0
2024-10-24 03:55:00+00:00,1.0789813995361328,1.0789813995361328,1.0789813995361328,1.0788650512695312,1.0788650512695312,0
2024-10-24 04:00:00+00:00,1.0789813995361328,1.0789813995361328,1.079214334487915,1.0789813995361328,1.0789813995361328,0
2024-10-24 04:05:00+00:00,1.079214334487915,1.079214334487915,1.079214334487915,1.079097867012024,1.079097867012024,0
2024-10-24 04:10:00+00:00,1.079214334487915,1.079214334487915,1.079214334487915,1.079097867012024,1.079097867012024,0
2024-10-24 04:15:00+00:00,1.0793308019638062,1.0793308019638062,1.0793308019638062,1.079097867012024,1.079097867012024,0
2024-10-24 04:20:00+00:00,1.0794472694396973,1.0794472694396973,1.0794472694396973,1.0794472694396973,1.0794472694396973,0
2024-10-24 04:25:00+00:00,1.0794472694396973,1.0794472694396973,1.0794472694396973,1.0794472694396973,1.0794472694396973,0
2024-10-24 04:30:00+00:00,1.0793308019638062,1.0793308019638062,1.0794472694396973,1.0793308019638062,1.0794472694396973,0
2024-10-24 04:35:00+00:00,1.0794472694396973,1.0794472694396973,1.0794472694396973,1.0793308019638062,1.0793308019638062,0
2024-10-24 04:40:00+00:00,1.0794472694396973,1.0794472694396973,1.0794472694396973,1.0793308019638062,1.0794472694396973,0
2024-10-24 04:45:00+00:00,1.0796804428100586,1.0796804428100586,1.0796804428100586,1.0794472694396973,1.0794472694396973,0
2024-10-24 04:50:00+00:00,1.079563856124878,1.079563856124878,1.079563856124878,1.079563856124878,1.079563856124878,0
2024-10-24 04:55:00+00:00,1.079563856124878,1.079563856124878,1.0796804428100586,1.079563856124878,1.079563856124878,0
2024-10-24 05:00:00+00:00,1.079563856124878,1.079563856124878,1.079563856124878,1.079563856124878,1.079563856124878,0
2024-10-24 05:05:00+00:00,1.0794472694396973,1.0794472694396973,1.0794472694396973,1.0793308019638062,1.0794472694396973,0
2024-10-24 05:10:00+00:00,1.0793308019638062,1.0793308019638062,1.0793308019638062,1.0793308019638062,1.0793308019638062,0
2024-10-24 05:15:00+00:00,1.0794472694396973,1.0794472694396973,1.0794472694396973,1.0793308019638062,1.0794472694396973,0
2024-10-24 05:20:00+00:00,1.0794472694396973,1.0794472694396973,1.0794472694396973,1.0794472694396973,1.0794472694396973,0
2024-10-24 05:25:00+00:00,1.0793308019638062,1.0793308019638062,1.0794472694396973,1.0793308019638062,1.0794472694396973,0
2024-10-24 05:30:00+00:00,1.0794472694396973,1.0794472694396973,1.0794472694396973,1.079214334487915,1.0794472694396973,0
2024-10-24 05:35:00+00:00,1.0794472694396973,1.0794472694396973,1.0794472694396973,1.079214334487915,1.0793308019638062,0
2024-10-24 05:40:00+00:00,1.0793308019638062,1.0793308019638062,1.0794472694396973,1.0793308019638062,1.0794472694396973,0
2024-10-24 05:45:00+00:00,1.0793308019638062,1.0793308019638062,1.0793308019638062,1.0793308019638062,1.0793308019638062,0
2024-10-24 05:50:00+00:00,1.0793308019638062,1.0793308019638062,1.0793308019638062,1.0793308019638062,1.0793308019638062,0
2024-10-24 05:55:00+00:00,1.079214334487915,1.079214334487915,1.0793308019638062,1.079214334487915,1.0793308019638062,0
2024-10-24 06:00:00+00:00,1.079097867012024,1.079097867012024,1.079214334487915,1.079097867012024,1.079214334487915,0
2024-10-24 06:05:00+00:00,1.079214334487915,1.079214334487915,1.079214334487915,1.0789813995361328,1.079214334487915,0
2024-10-24 06:10:00+00:00,1.079214334487915,1.079214334487915,1.0793308019638062,1.079214334487915,1.0793308019638062,0
2024-10-24 06:15:00+00:00,1.079214334487915,1.079214334487915,1.079214334487915,1.079097867012024,1.079214334487915,0
2024-10-24 06:20:00+00:00,1.079097867012024,1.079097867012024,1.079214334487915,1.079097867012024,1.079214334487915,0
2024-10-24 06:25:00+00:00,1.0789813995361328,1.0789813995361328,1.079097867012024,1.0788650512695312,1.079097867012024,0
2024-10-24 06:30:00+00:00,1.079097867012024,1.079097867012024,1.079097867012024,1.0789813995361328,1.0789813995361328,0
2024-10-24 06:35:00+00:00,1.079097867012024,1.079097867012024,1.079214334487915,1.079097867012024,1.079097867012024,0
2024-10-24 06:40:00+00:00,1.079097867012024,1.079097867012024,1.079097867012024,1.0789813995361328,1.079097867012024,0
2024-10-24 06:45:00+00:00,1.0788650512695312,1.0788650512695312,1.0788650512695312,1.0786322355270386,1.0787487030029297,0
2024-10-24 06:50:00+00:00,1.0787487030029297,1.0787487030029297,1.0788650512695312,1.0787487030029297,1.0787487030029297,0
2024-10-24 06:55:00+00:00,1.0786322355270386,1.0786322355270386,1.0787487030029297,1.078515887260437,1.0787487030029297,0
2024-10-24 07:00:00+00:00,1.0786322355270386,1.0786322355270386,1.0786322355270386,1.078399658203125,1.078515887260437,0
2024-10-24 07:05:00+00:00,1.0787487030029297,1.0787487030029297,1.0788650512695312,1.0786322355270386,1.0786322355270386,0
2024-10-24 07:10:00+00:00,1.0789813995361328,1.0789813995361328,1.0789813995361328,1.0787487030029297,1.0787487030029297,0
2024-10-24 07:15:00+00:00,1.077818512916565,1.077818512916565,1.078283429145813,1.077702283859253,1.078283429145813,0
2024-10-24 07:20:00+00:00,1.077702283859253,1.077702283859253,1.077934741973877,1.077702283859253,1.077934741973877,0
2024-10-24 07:25:00+00:00,1.07758629322052,1.07758629322052,1.077702283859253,1.0773539543151855,1.077702283859253,0
2024-10-24 07:30:00+00:00,1.0797970294952393,1.0797970294952393,1.0797970294952393,1.079214334487915,1.079214334487915,0
2024-10-24 07:35:00+00:00,1.079563856124878,1.079563856124878,1.079563856124878,1.079214334487915,1.079214334487915,0
2024-10-24 07:40:00+00:00,1.07991361618042,1.07991361618042,1.07991361618042,1.079563856124878,1.079563856124878,0
2024-10-24 07:45:00+00:00,1.0797970294952393,1.0797970294952393,1.0801469087600708,1.0797970294952393,1.0800302028656006,0
2024-10-24 07:50:00+00:00,1.079563856124878,1.079563856124878,1.0796804428100586,1.0794472694396973,1.0796804428100586,0
2024-10-24 07:55:00+00:00,1.0796804428100586,1.0796804428100586,1.0797970294952393,1.079563856124878,1.079563856124878,0
2024-10-24 08:00:00+00:00,1.0803803205490112,1.0803803205490112,1.0807305574417114,1.0800302028656006,1.0800302028656006,0
2024-10-24 08:05:00+00:00,1.0800302028656006,1.0800302028656006,1.0803803205490112,1.0800302028656006,1.0803803205490112,0
2024-10-24 08:10:00+00:00,1.0801469087600708,1.0801469087600708,1.080263614654541,1.0800302028656006,1.0800302028656006,0
2024-10-24 08:15:00+00:00,1.0801469087600708,1.0801469087600708,1.0803803205490112,1.0801469087600708,1.080263614654541,0
2024-10-24 08:20:00+00:00,1.0800302028656006,1.0800302028656006,1.080263614654541,1.0800302028656006,1.0801469087600708,0
2024-10-24 08:25:00+00:00,1.0801469087600708,1.0801469087600708,1.0801469087600708,1.07991361618042,1.07991361618042,0
2024-10-24 08:30:00+00:00,1.0800302028656006,1.0800302028656006,1.0801469087600708,1.0800302028656006,1.0801469087600708,0
2024-10-24 08:35:00+00:00,1.0803803205490112,1.0803803205490112,1.0803803205490112,1.0800302028656006,1.0801469087600708,0
2024-10-24 08:40:00+00:00,1.0804970264434814,1.0804970264434814,1.0804970264434814,1.0803803205490112,1.0803803205490112,0
2024-10-24 08:45:00+00:00,1.0804970264434814,1.0804970264434814,1.0806137323379517,1.0804970264434814,1.0804970264434814,0
2024-10-24 08:50:00+00:00,1.0808473825454712,1.0808473825454712,1.080964207649231,1.0804970264434814,1.0804970264434814,0
2024-10-24 08:55:00+00:00,1.0807305574417114,1.0807305574417114,1.0807305574417114,1.0804970264434814,1.0807305574417114,0
2024-10-24 09:00:00+00:00,1.0806137323379517,1.0806137323379517,1.0806137323379517,1.0804970264434814,1.0804970264434814,0
2024-10-24 09:05:00+00:00,1.0807305574417114,1.0807305574417114,1.0807305574417114,1.0806137323379517,1.0806137323379517,0
2024-10-24 09:10:00+00:00,1.0804970264434814,1.0804970264434814,1.0807305574417114,1.0804970264434814,1.0807305574417114,0
2024-10-24 09:15:00+00:00,1.0801469087600708,1.0801469087600708,1.0804970264434814,1.0801469087600708,1.0804970264434814,0
2024-10-24 09:20:00+00:00,1.07991361618042,1.07991361618042,1.0801469087600708,1.07991361618042,1.0801469087600708,0
2024-10-24 09:25:00+00:00,1.0804970264434814,1.0804970264434814,1.0804970264434814,1.0800302028656006,1.0800302028656006,0
2024-10-24 09:30:00+00:00,1.0804970264434814,1.0804970264434814,1.0806137323379517,1.0804970264434814,1.0804970264434814,0
2024-10-24 09:35:00+00:00,1.0804970264434814,1.0804970264434814,1.0804970264434814,1.0803803205490112,1.0804970264434814,0
2024-10-24 09:40:00+00:00,1.0801469087600708,1.0801469087600708,1.0804970264434814,1.0801469087600708,1.0804970264434814,0
2024-10-24 09:45:00+00:00,1.07991361618042,1.07991361618042,1.0801469087600708,1.07991361618042,1.0801469087600708,0
2024-10-24 09:50:00+00:00,1.07991361618042,1.07991361618042,1.0800302028656006,1.07991361618042,1.0800302028656006,0
2024-10-24 09:55:00+00:00,1.0800302028656006,1.0800302028656006,1.0801469087600708,1.0800302028656006,1.0800302028656006,0
2024-10-24 10:00:00+00:00,1.0801469087600708,1.0801469087600708,1.0801469087600708,1.07991361618042,1.07991361618042,0
2024-10-24 10:05:00+00:00,1.0801469087600708,1.0801469087600708,1.0801469087600708,1.0801469087600708,1.0801469087600708,0
2024-10-24 10:10:00+00:00,1.0804970264434814,1.0804970264434814,1.0804970264434814,1.080263614654541,1.080263614654541,0
2024-10-24 10:15:00+00:00,1.080263614654541,1.080263614654541,1.0804970264434814,1.080263614654541,1.0804970264434814,0
2024-10-24 10:20:00+00:00,1.0801469087600708,1.0801469087600708,1.080263614654541,1.0800302028656006,1.080263614654541,0
2024-10-24 10:25:00+00:00,1.0803803205490112,1.0803803205490112,1.0803803205490112,1.080263614654541,1.080263614654541,0
2024-10-24 10:30:00+00:00,1.0806137323379517,1.0806137323379517,1.0806137323379517,1.0803803205490112,1.0803803205490112,0
2024-10-24 10:35:00+00:00,1.0804970264434814,1.0804970264434814,1.0804970264434814,1.0804970264434814,1.0804970264434814,0
2024-10-24 10:40:00+00:00,1.0803803205490112,1.0803803205490112,1.0806137323379517,1.0803803205490112,1.0806137323379517,0
2024-10-24 10:45:00+00:00,1.0804970264434814,1.0804970264434814,1.0807305574417114,1.0804970264434814,1.0807305574417114,0
2024-10-24 10:50:00+00:00,1.0803803205490112,1.0803803205490112,1.0804970264434814,1.0803803205490112,1.0804970264434814,0
2024-10-24 10:55:00+00:00,1.080263614654541,1.080263614654541,1.0804970264434814,1.080263614654541,1.0804970264434814,0
2024-10-24 11:00:00+00:00,1.0803803205490112,1.0803803205490112,1.0803803205490112,1.0801469087600708,1.0801469087600708,0
2024-10-24 11:05:00+00:00,1.0803803205490112,1.0803803205490112,1.0804970264434814,1.0803803205490112,1.0803803205490112,0
2024-10-24 11:10:00+00:00,1.0803803205490112,1.0803803205490112,1.0806137323379517,1.0803803205490112,1.0803803205490112,0
2024-10-24 11:15:00+00:00,1.0801469087600708,1.0801469087600708,1.080263614654541,1.07991361618042,1.080263614654541,0
2024-10-24 11:20:00+00:00,1.0801469087600708,1.0801469087600708,1.0801469087600708,1.0801469087600708,1.0801469087600708,0
2024-10-24 11:25:00+00:00,1.0797970294952393,1.0797970294952393,1.07991361618042,1.0797970294952393,1.0797970294952393,0
2024-10-24 11:30:00+00:00,1.07991361618042,1.07991361618042,1.07991361618042,1.0797970294952393,1.0797970294952393,0
2024-10-24 11:35:00+00:00,1.0796804428100586,1.0796804428100586,1.07991361618042,1.0796804428100586,1.07991361618042,0
2024-10-24 11:40:00+00:00,1.0797970294952393,1.0797970294952393,1.07991361618042,1.0797970294952393,1.0797970294952393,0
2024-10-24 11:45:00+00:00,1.079563856124878,1.079563856124878,1.0797970294952393,1.079563856124878,1.0797970294952393,0
2024-10-24 11:50:00+00:00,1.0797970294952393,1.0797970294952393,1.0797970294952393,1.079563856124878,1.079563856124878,0
2024-10-24 11:55:00+00:00,1.0797970294952393,1.0797970294952393,1.0797970294952393,1.079563856124878,1.0797970294952393,0
2024-10-24 12:00:00+00:00,1.0801469087600708,1.0801469087600708,1.0801469087600708,1.07991361618042,1.07991361618042,0
2024-10-24 12:05:00+00:00,1.080263614654541,1.080263614654541,1.0803803205490112,1.080263614654541,1.080263614654541,0
2024-10-24 12:10:00+00:00,1.0803803205490112,1.0803803205490112,1.0803803205490112,1.080263614654541,1.080263614654541,0
2024-10-24 12:15:00+00:00,1.0806137323379517,1.0806137323379517,1.0806137323379517,1.0803803205490112,1.0803803205490112,0
2024-10-24 12:20:00+00:00,1.0804970264434814,1.0804970264434814,1.0806137323379517,1.0804970264434814,1.0804970264434814,0
2024-10-24 12:25:00+00:00,1.0806137323379517,1.0806137323379517,1.0806137323379517,1.0804970264434814,1.0804970264434814,0
2024-10-24 12:30:00+00:00,1.0801469087600708,1.0801469087600708,1.0804970264434814,1.0793308019638062,1.0793308019638062,0
2024-10-24 12:35:00+00:00,1.0800302028656006,1.0800302028656006,1.0801469087600708,1.079563856124878,1.0801469087600708,0
2024-10-24 12:40:00+00:00,1.0797970294952393,1.0797970294952393,1.0800302028656006,1.0797970294952393,1.0800302028656006,0
2024-10-24 12:45:00+00:00,1.0797970294952393,1.0797970294952393,1.0800302028656006,1.0796804428100586,1.0797970294952393,0
2024-10-24 12:50:00+00:00,1.0801469087600708,1.0801469087600708,1.0801469087600708,1.07991361618042,1.07991361618042,0
2024-10-24 12:55:00+00:00,1.0800302028656006,1.0800302028656006,1.0800302028656006,1.0797970294952393,1.07991361618042,0
2024-10-24 13:00:00+00:00,1.0800302028656006,1.0800302028656006,1.080263614654541,1.07991361618042,1.07991361618042,0
2024-10-24 13:05:00+00:00,1.080263614654541,1.080263614654541,1.080263614654541,1.0801469087600708,1.0801469087600708,0
2024-10-24 13:10:00+00:00,1.0803803205490112,1.0803803205490112,1.0803803205490112,1.080263614654541,1.0803803205490112,0
2024-10-24 13:15:00+00:00,1.0806137323379517,1.0806137323379517,1.0806137323379517,1.0803803205490112,1.0803803205490112,0
2024-10-24 13:20:00+00:00,1.0804970264434814,1.0804970264434814,1.0806137323379517,1.0804970264434814,1.0804970264434814,0
2024-10-24 13:25:00+00:00,1.0807305574417114,1.0807305574417114,1.0807305574417114,1.0806137323379517,1.0806137323379517,0
2024-10-24 13:30:00+00:00,1.080964207649231,1.080964207649231,1.08119797706604,1.0808473825454712,1.0808473825454712,0
2024-10-24 13:35:00+00:00,1.080964207649231,1.080964207649231,1.08119797706604,1.080964207649231,1.08119797706604,0
2024-10-24 13:40:00+00:00,1.080263614654541,1.080263614654541,1.08119797706604,1.080263614654541,1.08119797706604,0
2024-10-24 13:45:00+00:00,1.0803803205490112,1.0803803205490112,1.0803803205490112,1.0800302028656006,1.0801469087600708,0
2024-10-24 13:50:00+00:00,1.080263614654541,1.080263614654541,1.0803803205490112,1.080263614654541,1.080263614654541,0
2024-10-24 13:55:00+00:00,1.080263614654541,1.080263614654541,1.0803803205490112,1.080263614654541,1.080263614654541,0
2024-10-24 14:00:00+00:00,1.0806137323379517,1.0806137323379517,1.0807305574417114,1.0803803205490112,1.0803803205490112,0
2024-10-24 14:05:00+00:00,1.0807305574417114,1.0807305574417114,1.0808473825454712,1.0807305574417114,1.0808473825454712,0
2024-10-24 14:10:00+00:00,1.0810810327529907,1.0810810327529907,1.0813149213790894,1.0810810327529907,1.0813149213790894,0
2024-10-24 14:15:00+00:00,1.0807305574417114,1.0807305574417114,1.08119797706604,1.0807305574417114,1.08119797706604,0
2024-10-24 14:20:00+00:00,1.0806137323379517,1.0806137323379517,1.0806137323379517,1.080263614654541,1.0806137323379517,0
2024-10-24 14:25:00+00:00,1.0804970264434814,1.0804970264434814,1.0808473825454712,1.0804970264434814,1.0806137323379517,0
2024-10-24 14:30:00+00:00,1.0804970264434814,1.0804970264434814,1.0806137323379517,1.0803803205490112,1.0803803205490112,0
2024-10-24 14:35:00+00:00,1.0803803205490112,1.0803803205490112,1.0803803205490112,1.080263614654541,1.080263614654541,0
2024-10-24 14:40:00+00:00,1.0806137323379517,1.0806137323379517,1.0807305574417114,1.0803803205490112,1.0803803205490112,0
2024-10-24 14:45:00+00:00,1.0806137323379517,1.0806137323379517,1.0808473825454712,1.0806137323379517,1.0806137323379517,0
2024-10-24 14:50:00+00:00,1.0804970264434814,1.0804970264434814,1.0807305574417114,1.0804970264434814,1.0804970264434814,0
2024-10-24 14:55:00+00:00,1.0801469087600708,1.0801469087600708,1.0804970264434814,1.0801469087600708,1.0804970264434814,0
2024-10-24 15:00:00+00:00,1.0801469087600708,1.0801469087600708,1.0801469087600708,1.0800302028656006,1.0800302028656006,0
2024-10-24 15:05:00+00:00,1.0800302028656006,1.0800302028656006,1.0801469087600708,1.0800302028656006,1.0800302028656006,0
2024-10-24 15:10:00+00:00,1.0803803205490112,1.0803803205490112,1.0803803205490112,1.0800302028656006,1.0800302028656006,0
2024-10-24 15:15:00+00:00,1.0803803205490112,1.0803803205490112,1.0803803205490112,1.080263614654541,1.080263614654541,0
2024-10-24 15:20:00+00:00,1.080263614654541,1.080263614654541,1.0804970264434814,1.080263614654541,1.0803803205490112,0
2024-10-24 15:25:00+00:00,1.0803803205490112,1.0803803205490112,1.0804970264434814,1.0803803205490112,1.0804970264434814,0
2024-10-24 15:30:00+00:00,1.0800302028656006,1.0800302028656006,1.0803803205490112,1.0800302028656006,1.0803803205490112,0
2024-10-24 15:35:00+00:00,1.0801469087600708,1.0801469087600708,1.0801469087600708,1.07991361618042,1.0800302028656006,0
2024-10-24 15:40:00+00:00,1.080263614654541,1.080263614654541,1.080263614654541,1.0801469087600708,1.0801469087600708,0
2024-10-24 15:45:00+00:00,1.0806137323379517,1.0806137323379517,1.0807305574417114,1.0803803205490112,1.0803803205490112,0
2024-10-24 15:50:00+00:00,1.0804970264434814,1.0804970264434814,1.0807305574417114,1.0804970264434814,1.0806137323379517,0
2024-10-24 15:55:00+00:00,1.0808473825454712,1.0808473825454712,1.0808473825454712,1.0807305574417114,1.0807305574417114,0
2024-10-24 16:00:00+00:00,1.0807305574417114,1.0807305574417114,1.0808473825454712,1.0806137323379517,1.0807305574417114,0
2024-10-24 16:05:00+00:00,1.0807305574417114,1.0807305574417114,1.0808473825454712,1.0806137323379517,1.0806137323379517,0
2024-10-24 16:10:00+00:00,1.0806137323379517,1.0806137323379517,1.0807305574417114,1.0806137323379517,1.0807305574417114,0
2024-10-24 16:15:00+00:00,1.0807305574417114,1.0807305574417114,1.0807305574417114,1.0806137323379517,1.0807305574417114,0
2024-10-24 16:20:00+00:00,1.0807305574417114,1.0807305574417114,1.0807305574417114,1.0807305574417114,1.0807305574417114,0
2024-10-24 16:25:00+00:00,1.0807305574417114,1.0807305574417114,1.0808473825454712,1.0807305574417114,1.0808473825454712,0
2024-10-24 16:30:00+00:00,1.080964207649231,1.080964207649231,1.080964207649231,1.0807305574417114,1.0807305574417114,0
2024-10-24 16:35:00+00:00,1.080964207649231,1.080964207649231,1.0810810327529907,1.080964207649231,1.0810810327529907,0
2024-10-24 16:40:00+00:00,1.0810810327529907,1.0810810327529907,1.08119797706604,1.0810810327529907,1.0810810327529907,0
2024-10-24 16:45:00+00:00,1.08119797706604,1.08119797706604,1.08119797706604,1.08119797706604,1.08119797706604,0
2024-10-24 16:50:00+00:00,1.08119797706604,1.08119797706604,1.0813149213790894,1.08119797706604,1.0813149213790894,0
2024-10-24 16:55:00+00:00,1.0813149213790894,1.0813149213790894,1.0813149213790894,1.08119797706604,1.0813149213790894,0
2024-10-24 17:00:00+00:00,1.0814317464828491,1.0814317464828491,1.081548810005188,1.0813149213790894,1.0813149213790894,0
2024-10-24 17:05:00+00:00,1.0817828178405762,1.0817828178405762,1.0817828178405762,1.0814317464828491,1.0814317464828491,0
2024-10-24 17:10:00+00:00,1.0820168256759644,1.0820168256759644,1.0820168256759644,1.0818997621536255,1.0818997621536255,0
2024-10-24 17:15:00+00:00,1.0821340084075928,1.0821340084075928,1.0821340084075928,1.0820168256759644,1.0820168256759644,0
2024-10-24 17:20:00+00:00,1.0821340084075928,1.0821340084075928,1.0821340084075928,1.0820168256759644,1.0820168256759644,0
2024-10-24 17:25:00+00:00,1.0824854373931885,1.0824854373931885,1.082602620124817,1.0821340084075928,1.0821340084075928,0
2024-10-24 17:30:00+00:00,1.082602620124817,1.082602620124817,1.082602620124817,1.08236825466156,1.0824854373931885,0
2024-10-24 17:35:00+00:00,1.082602620124817,1.082602620124817,1.0827198028564453,1.082602620124817,1.082602620124817,0
2024-10-24 17:40:00+00:00,1.0827198028564453,1.0827198028564453,1.0827198028564453,1.0824854373931885,1.082602620124817,0
2024-10-24 17:45:00+00:00,1.082602620124817,1.082602620124817,1.0827198028564453,1.082602620124817,1.082602620124817,0
2024-10-24 17:50:00+00:00,1.0824854373931885,1.0824854373931885,1.082602620124817,1.0824854373931885,1.082602620124817,0
2024-10-24 17:55:00+00:00,1.0822510719299316,1.0822510719299316,1.0824854373931885,1.0822510719299316,1.0824854373931885,0
2024-10-24 18:00:00+00:00,1.08236825466156,1.08236825466156,1.08236825466156,1.0822510719299316,1.08236825466156,0
2024-10-24 18:05:00+00:00,1.08236825466156,1.08236825466156,1.08236825466156,1.0822510719299316,1.08236825466156,0
2024-10-24 18:10:00+00:00,1.08236825466156,1.08236825466156,1.08236825466156,1.0822510719299316,1.0822510719299316,0
2024-10-24 18:15:00+00:00,1.08236825466156,1.08236825466156,1.08236825466156,1.0822510719299316,1.0822510719299316,0
2024-10-24 18:20:00+00:00,1.08236825466156,1.08236825466156,1.08236825466156,1.0821340084075928,1.0822510719299316,0
2024-10-24 18:25:00+00:00,1.0821340084075928,1.0821340084075928,1.08236825466156,1.0821340084075928,1.08236825466156,0
2024-10-24 18:30:00+00:00,1.0822510719299316,1.0822510719299316,1.0822510719299316,1.0821340084075928,1.0821340084075928,0
2024-10-24 18:35:00+00:00,1.082602620124817,1.082602620124817,1.082602620124817,1.0822510719299316,1.0822510719299316,0
2024-10-24 18:40:00+00:00,1.0827198028564453,1.0827198028564453,1.0827198028564453,1.082602620124817,1.082602620124817,0
2024-10-24 18:45:00+00:00,1.082602620124817,1.082602620124817,1.0827198028564453,1.0824854373931885,1.0827198028564453,0
2024-10-24 18:50:00+00:00,1.0827198028564453,1.0827198028564453,1.0828369855880737,1.0827198028564453,1.0827198028564453,0
2024-10-24 18:55:00+00:00,1.082602620124817,1.082602620124817,1.0827198028564453,1.082602620124817,1.0827198028564453,0
2024-10-24 19:00:00+00:00,1.08236825466156,1.08236825466156,1.0824854373931885,1.08236825466156,1.0824854373931885,0
2024-10-24 19:05:00+00:00,1.082602620124817,1.082602620124817,1.082602620124817,1.08236825466156,1.08236825466156,0
2024-10-24 19:10:00+00:00,1.0827198028564453,1.0827198028564453,1.0827198028564453,1.082602620124817,1.082602620124817,0
2024-10-24 19:15:00+00:00,1.082602620124817,1.082602620124817,1.082602620124817,1.0824854373931885,1.082602620124817,0
2024-10-24 19:20:00+00:00,1.082602620124817,1.082602620124817,1.082602620124817,1.082602620124817,1.082602620124817,0
2024-10-24 19:25:00+00:00,1.082602620124817,1.082602620124817,1.082602620124817,1.082602620124817,1.082602620124817,0
2024-10-24 19:30:00+00:00,1.0830715894699097,1.0830715894699097,1.0830715894699097,1.0827198028564453,1.0827198028564453,0
2024-10-24 19:35:00+00:00,1.0829542875289917,1.0829542875289917,1.0830715894699097,1.0829542875289917,1.0830715894699097,0
2024-10-24 19:40:00+00:00,1.0830715894699097,1.0830715894699097,1.0830715894699097,1.0828369855880737,1.0828369855880737,0
2024-10-24 19:45:00+00:00,1.0829542875289917,1.0829542875289917,1.0829542875289917,1.0829542875289917,1.0829542875289917,0
2024-10-24 19:50:00+00:00,1.0829542875289917,1.0829542875289917,1.0829542875289917,1.0829542875289917,1.0829542875289917,0
2024-10-24 19:55:00+00:00,1.0830715894699097,1.0830715894699097,1.0831888914108276,1.0829542875289917,1.0829542875289917,0
2024-10-24 20:00:00+00:00,1.0831888914108276,1.0831888914108276,1.0831888914108276,1.0830715894699097,1.0831888914108276,0
2024-10-24 20:05:00+00:00,1.0833063125610352,1.0833063125610352,1.0833063125610352,1.0831888914108276,1.0831888914108276,0
2024-10-24 20:10:00+00:00,1.0831888914108276,1.0831888914108276,1.0833063125610352,1.0831888914108276,1.0833063125610352,0
2024-10-24 20:15:00+00:00,1.0831888914108276,1.0831888914108276,1.0831888914108276,1.0830715894699097,1.0831888914108276,0
2024-10-24 20:20:00+00:00,1.0830715894699097,1.0830715894699097,1.0830715894699097,1.0830715894699097,1.0830715894699097,0
2024-10-24 20:25:00+00:00,1.0831888914108276,1.0831888914108276,1.0831888914108276,1.0830715894699097,1.0830715894699097,0
2024-10-24 20:30:00+00:00,1.0830715894699097,1.0830715894699097,1.0830715894699097,1.0830715894699097,1.0830715894699097,0
2024-10-24 20:35:00+00:00,1.0830715894699097,1.0830715894699097,1.0830715894699097,1.0830715894699097,1.0830715894699097,0
2024-10-24 20:40:00+00:00,1.0831888914108276,1.0831888914108276,1.0831888914108276,1.0830715894699097,1.0830715894699097,0
2024-10-24 20:45:00+00:00,1.0831888914108276,1.0831888914108276,1.0831888914108276,1.0830715894699097,1.0831888914108276,0
2024-10-24 20:50:00+00:00,1.0830715894699097,1.0830715894699097,1.0831888914108276,1.0830715894699097,1.0830715894699097,0
2024-10-24 20:55:00+00:00,1.0830715894699097,1.0830715894699097,1.0831888914108276,1.0830715894699097,1.0830715894699097,0
2024-10-24 21:00:00+00:00,1.0830715894699097,1.0830715894699097,1.0836584568023682,1.0828369855880737,1.0828369855880737,0
2024-10-24 21:05:00+00:00,1.0829542875289917,1.0829542875289917,1.0830715894699097,1.0829542875289917,1.0829542875289917,0
2024-10-24 21:10:00+00:00,1.0828369855880737,1.0828369855880737,1.0829542875289917,1.0828369855880737,1.0829542875289917,0
2024-10-24 21:15:00+00:00,1.0830715894699097,1.0830715894699097,1.0830715894699097,1.0829542875289917,1.0829542875289917,0
2024-10-24 21:20:00+00:00,1.0830715894699097,1.0830715894699097,1.0833063125610352,1.0830715894699097,1.0831888914108276,0
2024-10-24 21:25:00+00:00,1.0830715894699097,1.0830715894699097,1.0830715894699097,1.0829542875289917,1.0830715894699097,0
2024-10-24 21:30:00+00:00,1.0831888914108276,1.0831888914108276,1.0831888914108276,1.0829542875289917,1.0829542875289917,0
2024-10-24 21:35:00+00:00,1.0831888914108276,1.0831888914108276,1.0831888914108276,1.0830715894699097,1.0830715894699097,0
2024-10-24 21:40:00+00:00,1.0831888914108276,1.0831888914108276,1.0831888914108276,1.0831888914108276,1.0831888914108276,0
2024-10-24 21:45:00+00:00,1.0831888914108276,1.0831888914108276,1.0833063125610352,1.0831888914108276,1.0831888914108276,0
2024-10-24 21:50:00+00:00,1.0831888914108276,1.0831888914108276,1.0833063125610352,1.0831888914108276,1.0833063125610352,0
2024-10-24 21:55:00+00:00,1.0830715894699097,1.0830715894699097,1.0833063125610352,1.0830715894699097,1.0831888914108276,0
2024-10-24 22:00:00+00:00,1.0830715894699097,1.0830715894699097,1.0831888914108276,1.0830715894699097,1.0830715894699097,0
2024-10-24 22:05:00+00:00,1.0831888914108276,1.0831888914108276,1.0831888914108276,1.0830715894699097,1.0830715894699097,0
2024-10-24 22:10:00+00:00,1.0830715894699097,1.0830715894699097,1.0831888914108276,1.0830715894699097,1.0830715894699097,0
2024-10-24 22:15:00+00:00,1.0830715894699097,1.0830715894699097,1.0830715894699097,1.0829542875289917,1.0830715894699097,0
2024-10-24 22:20:00+00:00,1.0830715894699097,1.0830715894699097,1.0830715894699097,1.0830715894699097,1.0830715894699097,0
2024-10-24 22:25:00+00:00,1.0830715894699097,1.0830715894699097,1.0831888914108276,1.0830715894699097,1.0830715894699097,0
2024-10-24 22:30:00+00:00,1.0829542875289917,1.0829542875289917,1.0830715894699097,1.0829542875289917,1.0830715894699097,0
2024-10-24 22:35:00+00:00,1.0829542875289917,1.0829542875289917,1.0830715894699097,1.0829542875289917,1.0830715894699097,0
2024-10-24 22:40:00+00:00,1.0829542875289917,1.0829542875289917,1.0829542875289917,1.0829542875289917,1.0829542875289917,0
2024-10-24 22:45:00+00:00,1.0829542875289917,1.0829542875289917,1.0829542875289917,1.0828369855880737,1.0829542875289917,0
2024-10-24 22:50:00+00:00,1.0829542875289917,1.0829542875289917,1.0829542875289917,1.0828369855880737,1.0829542875289917,0
2024-10-24 22:55:00+00:00,1.0828369855880737,1.0828369855880737,1.0828369855880737,1.0828369855880737,1.0828369855880737,0
2024-10-24 23:00:00+00:00,1.0827198028564453,1.0827198028564453,1.0827198028564453,1.082602620124817,1.0827198028564453,0
2024-10-24 23:05:00+00:00,1.082602620124817,1.082602620124817,1.0827198028564453,1.082602620124817,1.0827198028564453,0
2024-10-24 23:10:00+00:00,1.082602620124817,1.082602620124817,1.0827198028564453,1.082602620124817,1.0827198028564453,0
2024-10-24 23:15:00+00:00,1.0827198028564453,1.0827198028564453,1.0827198028564453,1.082602620124817,1.082602620124817,0
2024-10-24 23:20:00+00:00,1.082602620124817,1.082602620124817,1.0827198028564453,1.082602620124817,1.0827198028564453,0
2024-10-24 23:25:00+00:00,1.0827198028564453,1.0827198028564453,1.0828369855880737,1.0827198028564453,1.0827198028564453,0
2024-10-24 23:30:00+00:00,1.082602620124817,1.082602620124817,1.0827198028564453,1.082602620124817,1.082602620124817,0
2024-10-24 23:35:00+00:00,1.0827198028564453,1.0827198028564453,1.0827198028564453,1.082602620124817,1.0827198028564453,0
2024-10-24 23:40:00+00:00,1.0827198028564453,1.0827198028564453,1.0827198028564453,1.0827198028564453,1.0827198028564453,0
2024-10-24 23:45:00+00:00,1.0827198028564453,1.0827198028564453,1.0827198028564453,1.0827198028564453,1.0827198028564453,0
2024-10-24 23:50:00+00:00,1.0827198028564453,1.0827198028564453,1.0827198028564453,1.0827198028564453,1.0827198028564453,0
2024-10-24 23:55:00+00:00,1.082602620124817,1.082602620124817,1.0827198028564453,1.082602620124817,1.0827198028564453,0
2024-10-25 00:00:00+00:00,1.0827198028564453,1.0827198028564453,1.0827198028564453,1.0827198028564453,1.0827198028564453,0
2024-10-25 00:05:00+00:00,1.082602620124817,1.082602620124817,1.0827198028564453,1.082602620124817,1.0827198028564453,0
2024-10-25 00:10:00+00:00,1.0824854373931885,1.0824854373931885,1.082602620124817,1.0824854373931885,1.082602620124817,0
2024-10-25 00:15:00+00:00,1.08236825466156,1.08236825466156,1.0824854373931885,1.08236825466156,1.0824854373931885,0
2024-10-25 00:20:00+00:00,1.08236825466156,1.08236825466156,1.08236825466156,1.08236825466156,1.08236825466156,0
2024-10-25 00:25:00+00:00,1.0824854373931885,1.0824854373931885,1.0824854373931885,1.08236825466156,1.08236825466156,0
2024-10-25 00:30:00+00:00,1.0824854373931885,1.0824854373931885,1.082602620124817,1.0824854373931885,1.082602620124817,0
2024-10-25 00:35:00+00:00,1.0824854373931885,1.0824854373931885,1.0824854373931885,1.08236825466156,1.08236825466156,0
2024-10-25 00:40:00+00:00,1.0824854373931885,1.0824854373931885,1.0824854373931885,1.0824854373931885,1.0824854373931885,0
2024-10-25 00:45:00+00:00,1.0824854373931885,1.0824854373931885,1.0824854373931885,1.0824854373931885,1.0824854373931885,0
2024-10-25 00:50:00+00:00,1.0824854373931885,1.0824854373931885,1.0824854373931885,1.08236825466156,1.08236825466156,0
2024-10-25 00:55:00+00:00,1.0824854373931885,1.0824854373931885,1.082602620124817,1.08236825466156,1.082602620124817,0
2024-10-25 01:00:00+00:00,1.08236825466156,1.08236825466156,1.08236825466156,1.08236825466156,1.08236825466156,0
2024-10-25 01:05:00+00:00,1.08236825466156,1.08236825466156,1.08236825466156,1.08236825466156,1.08236825466156,0
2024-10-25 01:10:00+00:00,1.082602620124817,1.082602620124817,1.082602620124817,1.08236825466156,1.08236825466156,0
2024-10-25 01:15:00+00:00,1.082602620124817,1.082602620124817,1.082602620124817,1.082602620124817,1.082602620124817,0
2024-10-25 01:20:00+00:00,1.0824854373931885,1.0824854373931885,1.082602620124817,1.0824854373931885,1.082602620124817,0
2024-10-25 01:25:00+00:00,1.0824854373931885,1.0824854373931885,1.0824854373931885,1.0824854373931885,1.0824854373931885,0
2024-10-25 01:30:00+00:00,1.0824854373931885,1.0824854373931885,1.0824854373931885,1.0824854373931885,1.0824854373931885,0
2024-10-25 01:35:00+00:00,1.082602620124817,1.082602620124817,1.082602620124817,1.0824854373931885,1.0824854373931885,0
2024-10-25 01:40:00+00:00,1.082602620124817,1.082602620124817,1.0827198028564453,1.082602620124817,1.0827198028564453,0
2024-10-25 01:45:00+00:00,1.0827198028564453,1.0827198028564453,1.0827198028564453,1.082602620124817,1.082602620124817,0
2024-10-25 01:50:00+00:00,1.082602620124817,1.082602620124817,1.0827198028564453,1.082602620124817,1.0827198028564453,0
2024-10-25 01:55:00+00:00,1.082602620124817,1.082602620124817,1.0827198028564453,1.082602620124817,1.082602620124817,0
2024-10-25 02:00:00+00:00,1.0827198028564453,1.0827198028564453,1.0827198028564453,1.082602620124817,1.082602620124817,0
2024-10-25 02:05:00+00:00,1.0827198028564453,1.0827198028564453,1.0827198028564453,1.0827198028564453,1.0827198028564453,0
2024-10-25 02:10:00+00:00,1.0829542875289917,1.0829542875289917,1.0829542875289917,1.0827198028564453,1.0827198028564453,0
2024-10-25 02:15:00+00:00,1.0829542875289917,1.0829542875289917,1.0829542875289917,1.0829542875289917,1.0829542875289917,0
2024-10-25 02:20:00+00:00,1.0829542875289917,1.0829542875289917,1.0829542875289917,1.0829542875289917,1.0829542875289917,0
2024-10-25 02:25:00+00:00,1.0829542875289917,1.0829542875289917,1.0829542875289917,1.0828369855880737,1.0829542875289917,0
2024-10-25 02:30:00+00:00,1.0828369855880737,1.0828369855880737,1.0829542875289917,1.0828369855880737,1.0829542875289917,0
2024-10-25 02:35:00+00:00,1.0827198028564453,1.0827198028564453,1.0828369855880737,1.0827198028564453,1.0828369855880737,0
2024-10-25 02:40:00+00:00,1.0828369855880737,1.0828369855880737,1.0828369855880737,1.0827198028564453,1.0827198028564453,0
2024-10-25 02:45:00+00:00,1.0828369855880737,1.0828369855880737,1.0828369855880737,1.0828369855880737,1.0828369855880737,0
2024-10-25 02:50:00+00:00,1.0829542875289917,1.0829542875289917,1.0830715894699097,1.0828369855880737,1.0828369855880737,0
2024-10-25 02:55:00+00:00,1.0829542875289917,1.0829542875289917,1.0830715894699097,1.0829542875289917,1.0829542875289917,0
2024-10-25 03:00:00+00:00,1.0827198028564453,1.0827198028564453,1.0828369855880737,1.0827198028564453,1.0828369855880737,0
2024-10-25 03:05:00+00:00,1.082602620124817,1.082602620124817,1.0827198028564453,1.082602620124817,1.0827198028564453,0
2024-10-25 03:10:00+00:00,1.082602620124817,1.082602620124817,1.082602620124817,1.082602620124817,1.082602620124817,0
2024-10-25 03:15:00+00:00,1.0824854373931885,1.0824854373931885,1.082602620124817,1.0824854373931885,1.082602620124817,0
2024-10-25 03:20:00+00:00,1.0824854373931885,1.0824854373931885,1.0824854373931885,1.0824854373931885,1.0824854373931885,0
2024-10-25 03:25:00+00:00,1.082602620124817,1.082602620124817,1.082602620124817,1.0824854373931885,1.0824854373931885,0
2024-10-25 03:30:00+00:00,1.082602620124817,1.082602620124817,1.082602620124817,1.082602620124817,1.082602620124817,0
2024-10-25 03:35:00+00:00,1.0824854373931885,1.0824854373931885,1.0824854373931885,1.08236825466156,1.0824854373931885,0
2024-10-25 03:40:00+00:00,1.0824854373931885,1.0824854373931885,1.0824854373931885,1.08236825466156,1.08236825466156,0
2024-10-25 03:45:00+00:00,1.08236825466156,1.08236825466156,1.08236825466156,1.08236825466156,1.08236825466156,0
2024-10-25 03:50:00+00:00,1.08236825466156,1.08236825466156,1.08236825466156,1.08236825466156,1.08236825466156,0
2024-10-25 03:55:00+00:00,1.0824854373931885,1.0824854373931885,1.0824854373931885,1.08236825466156,1.08236825466156,0
2024-10-25 04:00:00+00:00,1.0824854373931885,1.0824854373931885,1.0824854373931885,1.0824854373931885,1.0824854373931885,0
2024-10-25 04:05:00+00:00,1.0824854373931885,1.0824854373931885,1.0824854373931885,1.0824854373931885,1.0824854373931885,0
2024-10-25 04:10:00+00:00,1.0824854373931885,1.0824854373931885,1.082602620124817,1.0824854373931885,1.0824854373931885,0
2024-10-25 04:15:00+00:00,1.08236825466156,1.08236825466156,1.0824854373931885,1.08236825466156,1.0824854373931885,0
2024-10-25 04:20:00+00:00,1.0824854373931885,1.0824854373931885,1.0824854373931885,1.0824854373931885,1.0824854373931885,0
2024-10-25 04:25:00+00:00,1.08236825466156,1.08236825466156,1.08236825466156,1.08236825466156,1.08236825466156,0
2024-10-25 04:30:00+00:00,1.0824854373931885,1.0824854373931885,1.0824854373931885,1.08236825466156,1.08236825466156,0
2024-10-25 04:35:00+00:00,1.0824854373931885,1.0824854373931885,1.0824854373931885,1.08236825466156,1.0824854373931885,0
2024-10-25 04:40:00+00:00,1.08236825466156,1.08236825466156,1.0824854373931885,1.08236825466156,1.08236825466156,0
2024-10-25 04:45:00+00:00,1.08236825466156,1.08236825466156,1.0824854373931885,1.08236825466156,1.08236825466156,0
2024-10-25 04:50:00+00:00,1.0824854373931885,1.0824854373931885,1.0824854373931885,1.08236825466156,1.08236825466156,0
2024-10-25 04:55:00+00:00,1.0824854373931885,1.0824854373931885,1.082602620124817,1.0824854373931885,1.0824854373931885,0
2024-10-25 05:00:00+00:00,1.0824854373931885,1.0824854373931885,1.0824854373931885,1.08236825466156,1.0824854373931885,0
2024-10-25 05:05:00+00:00,1.0824854373931885,1.0824854373931885,1.0824854373931885,1.0824854373931885,1.0824854373931885,0
2024-10-25 05:10:00+00:00,1.082602620124817,1.082602620124817,1.082602620124817,1.0824854373931885,1.0824854373931885,0
2024-10-25 05:15:00+00:00,1.082602620124817,1.082602620124817,1.082602620124817,1.0824854373931885,1.0824854373931885,0
2024-10-25 05:20:00+00:00,1.082602620124817,1.082602620124817,1.0827198028564453,1.082602620124817,1.082602620124817,0
2024-10-25 05:25:00+00:00,1.082602620124817,1.082602620124817,1.082602620124817,1.082602620124817,1.082602620124817,0
2024-10-25 05:30:00+00:00,1.0828369855880737,1.0828369855880737,1.0828369855880737,1.0827198028564453,1.0828369855880737,0
2024-10-25 05:35:00+00:00,1.082602620124817,1.082602620124817,1.0828369855880737,1.082602620124817,1.0828369855880737,0
2024-10-25 05:40:00+00:00,1.0827198028564453,1.0827198028564453,1.0827198028564453,1.082602620124817,1.0827198028564453,0
2024-10-25 05:45:00+00:00,1.082602620124817,1.082602620124817,1.082602620124817,1.082602620124817,1.082602620124817,0
2024-10-25 05:50:00+00:00,1.0824854373931885,1.0824854373931885,1.082602620124817,1.0824854373931885,1.0824854373931885,0
2024-10-25 05:55:00+00:00,1.08236825466156,1.08236825466156,1.0824854373931885,1.08236825466156,1.0824854373931885,0
2024-10-25 06:00:00+00:00,1.0824854373931885,1.0824854373931885,1.0824854373931885,1.0824854373931885,1.0824854373931885,0
2024-10-25 06:05:00+00:00,1.0824854373931885,1.0824854373931885,1.0824854373931885,1.0822510719299316,1.08236825466156,0
2024-10-25 06:10:00+00:00,1.08236825466156,1.08236825466156,1.08236825466156,1.08236825466156,1.08236825466156,0
2024-10-25 06:15:00+00:00,1.0822510719299316,1.0822510719299316,1.08236825466156,1.0822510719299316,1.08236825466156,0
2024-10-25 06:20:00+00:00,1.0820168256759644,1.0820168256759644,1.0822510719299316,1.0820168256759644,1.0822510719299316,0
2024-10-25 06:25:00+00:00,1.0821340084075928,1.0821340084075928,1.0821340084075928,1.0820168256759644,1.0820168256759644,0
2024-10-25 06:30:00+00:00,1.0820168256759644,1.0820168256759644,1.0821340084075928,1.0820168256759644,1.0821340084075928,0
2024-10-25 06:35:00+00:00,1.0820168256759644,1.0820168256759644,1.0820168256759644,1.0820168256759644,1.0820168256759644,0
2024-10-25 06:40:00+00:00,1.0818997621536255,1.0818997621536255,1.0821340084075928,1.0817828178405762,1.0821340084075928,0
2024-10-25 06:45:00+00:00,1.0817828178405762,1.0817828178405762,1.0820168256759644,1.0817828178405762,1.0818997621536255,0
2024-10-25 06:50:00+00:00,1.0820168256759644,1.0820168256759644,1.0820168256759644,1.0817828178405762,1.0817828178405762,0
2024-10-25 06:55:00+00:00,1.0817828178405762,1.0817828178405762,1.0818997621536255,1.0817828178405762,1.0818997621536255,0
2024-10-25 07:00:00+00:00,1.0820168256759644,1.0820168256759644,1.0820168256759644,1.0817828178405762,1.0818997621536255,0
2024-10-25 07:05:00+00:00,1.0820168256759644,1.0820168256759644,1.0822510719299316,1.0820168256759644,1.0821340084075928,0
2024-10-25 07:10:00+00:00,1.0822510719299316,1.0822510719299316,1.0822510719299316,1.0820168256759644,1.0820168256759644,0
2024-10-25 07:15:00+00:00,1.0824854373931885,1.0824854373931885,1.0824854373931885,1.0822510719299316,1.0822510719299316,0
2024-10-25 07:20:00+00:00,1.08236825466156,1.08236825466156,1.082602620124817,1.08236825466156,1.0824854373931885,0
2024-10-25 07:25:00+00:00,1.082602620124817,1.082602620124817,1.0827198028564453,1.082602620124817,1.082602620124817,0
2024-10-25 07:30:00+00:00,1.082602620124817,1.082602620124817,1.0828369855880737,1.082602620124817,1.0827198028564453,0
2024-10-25 07:35:00+00:00,1.082602620124817,1.082602620124817,1.0827198028564453,1.082602620124817,1.082602620124817,0
2024-10-25 07:40:00+00:00,1.0828369855880737,1.0828369855880737,1.0828369855880737,1.082602620124817,1.082602620124817,0
2024-10-25 07:45:00+00:00,1.0827198028564453,1.0827198028564453,1.0827198028564453,1.0827198028564453,1.0827198028564453,0
2024-10-25 07:50:00+00:00,1.082602620124817,1.082602620124817,1.082602620124817,1.08236825466156,1.082602620124817,0
2024-10-25 07:55:00+00:00,1.0827198028564453,1.0827198028564453,1.0829542875289917,1.0827198028564453,1.0829542875289917,0
2024-10-25 08:00:00+00:00,1.0824854373931885,1.0824854373931885,1.0829542875289917,1.0824854373931885,1.082602620124817,0
2024-10-25 08:05:00+00:00,1.0828369855880737,1.0828369855880737,1.0828369855880737,1.0824854373931885,1.0824854373931885,0
2024-10-25 08:10:00+00:00,1.0830715894699097,1.0830715894699097,1.0830715894699097,1.0827198028564453,1.0827198028564453,0
2024-10-25 08:15:00+00:00,1.0836584568023682,1.0836584568023682,1.0836584568023682,1.0829542875289917,1.0829542875289917,0
2024-10-25 08:20:00+00:00,1.0838934183120728,1.0838934183120728,1.0838934183120728,1.0837758779525757,1.0837758779525757,0
2024-10-25 08:25:00+00:00,1.0836584568023682,1.0836584568023682,1.0837758779525757,1.0836584568023682,1.0836584568023682,0
2024-10-25 08:30:00+00:00,1.0831888914108276,1.0831888914108276,1.0836584568023682,1.0831888914108276,1.0836584568023682,0
2024-10-25 08:35:00+00:00,1.0830715894699097,1.0830715894699097,1.0831888914108276,1.0830715894699097,1.0831888914108276,0
2024-10-25 08:40:00+00:00,1.0829542875289917,1.0829542875289917,1.0829542875289917,1.0828369855880737,1.0829542875289917,0
2024-10-25 08:45:00+00:00,1.082602620124817,1.082602620124817,1.0828369855880737,1.082602620124817,1.0827198028564453,0
2024-10-25 08:50:00+00:00,1.082602620124817,1.082602620124817,1.082602620124817,1.082602620124817,1.082602620124817,0
2024-10-25 08:55:00+00:00,1.0827198028564453,1.0827198028564453,1.0827198028564453,1.08236825466156,1.082602620124817,0
2024-10-25 09:00:00+00:00,1.0827198028564453,1.0827198028564453,1.0827198028564453,1.082602620124817,1.0827198028564453,0
2024-10-25 09:05:00+00:00,1.082602620124817,1.082602620124817,1.0827198028564453,1.082602620124817,1.082602620124817,0
2024-10-25 09:10:00+00:00,1.0828369855880737,1.0828369855880737,1.0828369855880737,1.0824854373931885,1.082602620124817,0
2024-10-25 09:15:00+00:00,1.082602620124817,1.082602620124817,1.0828369855880737,1.082602620124817,1.0828369855880737,0
2024-10-25 09:20:00+00:00,1.0828369855880737,1.0828369855880737,1.0828369855880737,1.0827198028564453,1.0827198028564453,0
2024-10-25 09:25:00+00:00,1.0829542875289917,1.0829542875289917,1.0829542875289917,1.0829542875289917,1.0829542875289917,0
2024-10-25 09:30:00+00:00,1.0829542875289917,1.0829542875289917,1.0829542875289917,1.0828369855880737,1.0829542875289917,0
2024-10-25 09:35:00+00:00,1.0828369855880737,1.0828369855880737,1.0829542875289917,1.0828369855880737,1.0829542875289917,0
2024-10-25 09:40:00+00:00,1.082602620124817,1.082602620124817,1.0828369855880737,1.082602620124817,1.0828369855880737,0
2024-10-25 09:45:00+00:00,1.0827198028564453,1.0827198028564453,1.0827198028564453,1.082602620124817,1.082602620124817,0
2024-10-25 09:50:00+00:00,1.0827198028564453,1.0827198028564453,1.0828369855880737,1.0827198028564453,1.0827198028564453,0
2024-10-25 09:55:00+00:00,1.082602620124817,1.082602620124817,1.0827198028564453,1.082602620124817,1.082602620124817,0
2024-10-25 10:00:00+00:00,1.082602620124817,1.082602620124817,1.082602620124817,1.082602620124817,1.082602620124817,0
2024-10-25 10:05:00+00:00,1.0828369855880737,1.0828369855880737,1.0828369855880737,1.0827198028564453,1.0827198028564453,0
2024-10-25 10:10:00+00:00,1.0829542875289917,1.0829542875289917,1.0829542875289917,1.0828369855880737,1.0828369855880737,0
2024-10-25 10:15:00+00:00,1.0828369855880737,1.0828369855880737,1.0830715894699097,1.0828369855880737,1.0830715894699097,0
2024-10-25 10:20:00+00:00,1.0829542875289917,1.0829542875289917,1.0830715894699097,1.0829542875289917,1.0829542875289917,0
2024-10-25 10:25:00+00:00,1.0828369855880737,1.0828369855880737,1.0828369855880737,1.0828369855880737,1.0828369855880737,0
2024-10-25 10:30:00+00:00,1.0828369855880737,1.0828369855880737,1.0828369855880737,1.0828369855880737,1.0828369855880737,0
2024-10-25 10:35:00+00:00,1.0829542875289917,1.0829542875289917,1.0830715894699097,1.0829542875289917,1.0829542875289917,0
2024-10-25 10:40:00+00:00,1.0828369855880737,1.0828369855880737,1.0829542875289917,1.0828369855880737,1.0828369855880737,0
2024-10-25 10:45:00+00:00,1.0829542875289917,1.0829542875289917,1.0829542875289917,1.0828369855880737,1.0828369855880737,0
2024-10-25 10:50:00+00:00,1.0828369855880737,1.0828369855880737,1.0828369855880737,1.0827198028564453,1.0828369855880737,0
2024-10-25 10:55:00+00:00,1.082602620124817,1.082602620124817,1.0828369855880737,1.082602620124817,1.0828369855880737,0
2024-10-25 11:00:00+00:00,1.0828369855880737,1.0828369855880737,1.0828369855880737,1.0827198028564453,1.0827198028564453,0
2024-10-25 11:05:00+00:00,1.0828369855880737,1.0828369855880737,1.0829542875289917,1.0827198028564453,1.0829542875289917,0
2024-10-25 11:10:00+00:00,1.0828369855880737,1.0828369855880737,1.0828369855880737,1.0827198028564453,1.0828369855880737,0
2024-10-25 11:15:00+00:00,1.0827198028564453,1.0827198028564453,1.0829542875289917,1.0827198028564453,1.0828369855880737,0
2024-10-25 11:20:00+00:00,1.082602620124817,1.082602620124817,1.0828369855880737,1.082602620124817,1.0828369855880737,0
2024-10-25 11:25:00+00:00,1.0824854373931885,1.0824854373931885,1.082602620124817,1.0824854373931885,1.082602620124817,0
2024-10-25 11:30:00+00:00,1.0827198028564453,1.0827198028564453,1.0827198028564453,1.0824854373931885,1.082602620124817,0
2024-10-25 11:35:00+00:00,1.0829542875289917,1.0829542875289917,1.0830715894699097,1.0829542875289917,1.0829542875289917,0
2024-10-25 11:40:00+00:00,1.0830715894699097,1.0830715894699097,1.0830715894699097,1.0830715894699097,1.0830715894699097,0
2024-10-25 11:45:00+00:00,1.0831888914108276,1.0831888914108276,1.0831888914108276,1.0830715894699097,1.0830715894699097,0
2024-10-25 11:50:00+00:00,1.0830715894699097,1.0830715894699097,1.0831888914108276,1.0830715894699097,1.0831888914108276,0
2024-10-25 11:55:00+00:00,1.0824854373931885,1.0824854373931885,1.0830715894699097,1.0824854373931885,1.0830715894699097,0
2024-10-25 12:00:00+00:00,1.0824854373931885,1.0824854373931885,1.082602620124817,1.0824854373931885,1.0824854373931885,0
2024-10-25 12:05:00+00:00,1.0828369855880737,1.0828369855880737,1.0828369855880737,1.082602620124817,1.082602620124817,0
2024-10-25 12:10:00+00:00,1.082602620124817,1.082602620124817,1.0827198028564453,1.0824854373931885,1.0827198028564453,0
2024-10-25 12:15:00+00:00,1.0828369855880737,1.0828369855880737,1.0828369855880737,1.082602620124817,1.082602620124817,0
2024-10-25 12:20:00+00:00,1.0827198028564453,1.0827198028564453,1.0827198028564453,1.082602620124817,1.0827198028564453,0
2024-10-25 12:25:00+00:00,1.0828369855880737,1.0828369855880737,1.0828369855880737,1.0827198028564453,1.0827198028564453,0
2024-10-25 12:30:00+00:00,1.0830715894699097,1.0830715894699097,1.0831888914108276,1.082602620124817,1.082602620124817,0
2024-10-25 12:35:00+00:00,1.0836584568023682,1.0836584568023682,1.0836584568023682,1.0833063125610352,1.0833063125610352,0
2024-10-25 12:40:00+00:00,1.0841283798217773,1.0841283798217773,1.0841283798217773,1.0835410356521606,1.0835410356521606,0
2024-10-25 12:45:00+00:00,1.0841283798217773,1.0841283798217773,1.0841283798217773,1.0838934183120728,1.0838934183120728,0
2024-10-25 12:50:00+00:00,1.0841283798217773,1.0841283798217773,1.0841283798217773,1.0841283798217773,1.0841283798217773,0
2024-10-25 12:55:00+00:00,1.0842459201812744,1.0842459201812744,1.0842459201812744,1.0841283798217773,1.0841283798217773,0
2024-10-25 13:00:00+00:00,1.0840108394622803,1.0840108394622803,1.0841283798217773,1.0840108394622803,1.0841283798217773,0
2024-10-25 13:05:00+00:00,1.0838934183120728,1.0838934183120728,1.0840108394622803,1.0837758779525757,1.0840108394622803,0
2024-10-25 13:10:00+00:00,1.0837758779525757,1.0837758779525757,1.0840108394622803,1.0836584568023682,1.0840108394622803,0
2024-10-25 13:15:00+00:00,1.0835410356521606,1.0835410356521606,1.0835410356521606,1.0834236145019531,1.0835410356521606,0
2024-10-25 13:20:00+00:00,1.0834236145019531,1.0834236145019531,1.0835410356521606,1.0833063125610352,1.0834236145019531,0
2024-10-25 13:25:00+00:00,1.0831888914108276,1.0831888914108276,1.0833063125610352,1.0831888914108276,1.0833063125610352,0
2024-10-25 13:30:00+00:00,1.0829542875289917,1.0829542875289917,1.0833063125610352,1.0829542875289917,1.0833063125610352,0
2024-10-25 13:35:00+00:00,1.0830715894699097,1.0830715894699097,1.0831888914108276,1.0830715894699097,1.0830715894699097,0
2024-10-25 13:40:00+00:00,1.0830715894699097,1.0830715894699097,1.0831888914108276,1.0830715894699097,1.0830715894699097,0
2024-10-25 13:45:00+00:00,1.0833063125610352,1.0833063125610352,1.0833063125610352,1.0829542875289917,1.0830715894699097,0
2024-10-25 13:50:00+00:00,1.0835410356521606,1.0835410356521606,1.0835410356521606,1.0833063125610352,1.0833063125610352,0
2024-10-25 13:55:00+00:00,1.0835410356521606,1.0835410356521606,1.0835410356521606,1.0833063125610352,1.0834236145019531,0
2024-10-25 14:00:00+00:00,1.0838934183120728,1.0838934183120728,1.0838934183120728,1.0837758779525757,1.0837758779525757,0
2024-10-25 14:05:00+00:00,1.0836584568023682,1.0836584568023682,1.0836584568023682,1.0835410356521606,1.0836584568023682,0
2024-10-25 14:10:00+00:00,1.0836584568023682,1.0836584568023682,1.0836584568023682,1.0835410356521606,1.0835410356521606,0
2024-10-25 14:15:00+00:00,1.0835410356521606,1.0835410356521606,1.0840108394622803,1.0835410356521606,1.0838934183120728,0
2024-10-25 14:20:00+00:00,1.0837758779525757,1.0837758779525757,1.0837758779525757,1.0836584568023682,1.0837758779525757,0
2024-10-25 14:25:00+00:00,1.0840108394622803,1.0840108394622803,1.0840108394622803,1.0837758779525757,1.0838934183120728,0
2024-10-25 14:30:00+00:00,1.0834236145019531,1.0834236145019531,1.0838934183120728,1.0834236145019531,1.0838934183120728,0
2024-10-25 14:35:00+00:00,1.0831888914108276,1.0831888914108276,1.0833063125610352,1.0831888914108276,1.0833063125610352,0
2024-10-25 14:40:00+00:00,1.0834236145019531,1.0834236145019531,1.0835410356521606,1.0833063125610352,1.0833063125610352,0
2024-10-25 14:45:00+00:00,1.0831888914108276,1.0831888914108276,1.0833063125610352,1.0830715894699097,1.0831888914108276,0
2024-10-25 14:50:00+00:00,1.0834236145019531,1.0834236145019531,1.0834236145019531,1.0833063125610352,1.0833063125610352,0
2024-10-25 14:55:00+00:00,1.0834236145019531,1.0834236145019531,1.0835410356521606,1.0834236145019531,1.0834236145019531,0
2024-10-25 15:00:00+00:00,1.0834236145019531,1.0834236145019531,1.0835410356521606,1.0833063125610352,1.0833063125610352,0
2024-10-25 15:05:00+00:00,1.0836584568023682,1.0836584568023682,1.0837758779525757,1.0836584568023682,1.0836584568023682,0
2024-10-25 15:10:00+00:00,1.0835410356521606,1.0835410356521606,1.0836584568023682,1.0835410356521606,1.0836584568023682,0
2024-10-25 15:15:00+00:00,1.0831888914108276,1.0831888914108276,1.0835410356521606,1.0831888914108276,1.0835410356521606,0
2024-10-25 15:20:00+00:00,1.0828369855880737,1.0828369855880737,1.0828369855880737,1.0828369855880737,1.0828369855880737,0
2024-10-25 15:30:00+00:00,1.08236825466156,1.08236825466156,1.08236825466156,1.08236825466156,1.08236825466156,0
2024-10-25 15:35:00+00:00,1.0816657543182373,1.0816657543182373,1.0816657543182373,1.081548810005188,1.0816657543182373,0
2024-10-25 15:40:00+00:00,1.0814317464828491,1.0814317464828491,1.0816657543182373,1.0814317464828491,1.081548810005188,0
2024-10-25 15:45:00+00:00,1.0817828178405762,1.0817828178405762,1.0817828178405762,1.0816657543182373,1.0816657543182373,0
2024-10-25 15:50:00+00:00,1.0817828178405762,1.0817828178405762,1.0817828178405762,1.0816657543182373,1.0817828178405762,0
2024-10-25 15:55:00+00:00,1.081548810005188,1.081548810005188,1.081548810005188,1.081548810005188,1.081548810005188,0
2024-10-25 16:00:00+00:00,1.0813149213790894,1.0813149213790894,1.0814317464828491,1.0813149213790894,1.0814317464828491,0
2024-10-25 16:05:00+00:00,1.08119797706604,1.08119797706604,1.0813149213790894,1.08119797706604,1.08119797706604,0
2024-10-25 16:10:00+00:00,1.08119797706604,1.08119797706604,1.08119797706604,1.0810810327529907,1.0810810327529907,0
2024-10-25 16:15:00+00:00,1.0810810327529907,1.0810810327529907,1.0810810327529907,1.0810810327529907,1.0810810327529907,0
2024-10-25 16:20:00+00:00,1.08119797706604,1.08119797706604,1.08119797706604,1.0810810327529907,1.08119797706604,0
2024-10-25 16:25:00+00:00,1.08119797706604,1.08119797706604,1.08119797706604,1.0810810327529907,1.08119797706604,0
2024-10-25 16:30:00+00:00,1.0808473825454712,1.0808473825454712,1.0810810327529907,1.0808473825454712,1.0810810327529907,0
2024-10-25 16:35:00+00:00,1.0810810327529907,1.0810810327529907,1.0810810327529907,1.0808473825454712,1.0808473825454712,0
2024-10-25 16:40:00+00:00,1.0808473825454712,1.0808473825454712,1.080964207649231,1.0808473825454712,1.080964207649231,0
2024-10-25 16:45:00+00:00,1.0808473825454712,1.0808473825454712,1.0808473825454712,1.0808473825454712,1.0808473825454712,0
2024-10-25 16:50:00+00:00,1.0808473825454712,1.0808473825454712,1.0808473825454712,1.0806137323379517,1.0806137323379517,0
2024-10-25 16:55:00+00:00,1.0807305574417114,1.0807305574417114,1.0808473825454712,1.0806137323379517,1.0808473825454712,0
2024-10-25 17:00:00+00:00,1.0808473825454712,1.0808473825454712,1.0808473825454712,1.0808473825454712,1.0808473825454712,0
2024-10-25 17:05:00+00:00,1.0807305574417114,1.0807305574417114,1.080964207649231,1.0806137323379517,1.0808473825454712,0
2024-10-25 17:10:00+00:00,1.0806137323379517,1.0806137323379517,1.0807305574417114,1.0806137323379517,1.0807305574417114,0
2024-10-25 17:15:00+00:00,1.0806137323379517,1.0806137323379517,1.0807305574417114,1.0806137323379517,1.0806137323379517,0
2024-10-25 17:20:00+00:00,1.0804970264434814,1.0804970264434814,1.0806137323379517,1.0804970264434814,1.0806137323379517,0
2024-10-25 17:25:00+00:00,1.0807305574417114,1.0807305574417114,1.0807305574417114,1.0806137323379517,1.0806137323379517,0
2024-10-25 17:30:00+00:00,1.0806137323379517,1.0806137323379517,1.0806137323379517,1.0806137323379517,1.0806137323379517,0
2024-10-25 17:35:00+00:00,1.0806137323379517,1.0806137323379517,1.0807305574417114,1.0804970264434814,1.0804970264434814,0
2024-10-25 17:40:00+00:00,1.0807305574417114,1.0807305574417114,1.0808473825454712,1.0807305574417114,1.0807305574417114,0
2024-10-25 17:45:00+00:00,1.0808473825454712,1.0808473825454712,1.0808473825454712,1.0807305574417114,1.0807305574417114,0
2024-10-25 17:50:00+00:00,1.0807305574417114,1.0807305574417114,1.0808473825454712,1.0807305574417114,1.0808473825454712,0
2024-10-25 17:55:00+00:00,1.0806137323379517,1.0806137323379517,1.0807305574417114,1.0804970264434814,1.0807305574417114,0
2024-10-25 18:00:00+00:00,1.0806137323379517,1.0806137323379517,1.0807305574417114,1.0804970264434814,1.0806137323379517,0
2024-10-25 18:05:00+00:00,1.0803803205490112,1.0803803205490112,1.0804970264434814,1.0803803205490112,1.0804970264434814,0
2024-10-25 18:10:00+00:00,1.0803803205490112,1.0803803205490112,1.0803803205490112,1.080263614654541,1.080263614654541,0
2024-10-25 18:15:00+00:00,1.080263614654541,1.080263614654541,1.080263614654541,1.080263614654541,1.080263614654541,0
2024-10-25 18:20:00+00:00,1.080263614654541,1.080263614654541,1.0803803205490112,1.080263614654541,1.0803803205490112,0
2024-10-25 18:25:00+00:00,1.0803803205490112,1.0803803205490112,1.0803803205490112,1.080263614654541,1.080263614654541,0
2024-10-25 18:30:00+00:00,1.0803803205490112,1.0803803205490112,1.0803803205490112,1.0803803205490112,1.0803803205490112,0
2024-10-25 18:35:00+00:00,1.0804970264434814,1.0804970264434814,1.0804970264434814,1.0803803205490112,1.0803803205490112,0
2024-10-25 18:40:00+00:00,1.0804970264434814,1.0804970264434814,1.0806137323379517,1.0804970264434814,1.0804970264434814,0
2024-10-25 18:45:00+00:00,1.0807305574417114,1.0807305574417114,1.0807305574417114,1.0804970264434814,1.0804970264434814,0
2024-10-25 18:50:00+00:00,1.0806137323379517,1.0806137323379517,1.0807305574417114,1.0806137323379517,1.0807305574417114,0
2024-10-25 18:55:00+00:00,1.0806137323379517,1.0806137323379517,1.0806137323379517,1.0804970264434814,1.0806137323379517,0
2024-10-25 19:00:00+00:00,1.0803803205490112,1.0803803205490112,1.0804970264434814,1.0803803205490112,1.0804970264434814,0
2024-10-25 19:05:00+00:00,1.0801469087600708,1.0801469087600708,1.0803803205490112,1.0801469087600708,1.0803803205490112,0
2024-10-25 19:10:00+00:00,1.0800302028656006,1.0800302028656006,1.080263614654541,1.0800302028656006,1.080263614654541,0
2024-10-25 19:15:00+00:00,1.0801469087600708,1.0801469087600708,1.0801469087600708,1.0800302028656006,1.0800302028656006,0
2024-10-25 19:20:00+00:00,1.07991361618042,1.07991361618042,1.0800302028656006,1.07991361618042,1.0800302028656006,0
2024-10-25 19:25:00+00:00,1.0800302028656006,1.0800302028656006,1.0800302028656006,1.07991361618042,1.07991361618042,0
2024-10-25 19:30:00+00:00,1.0796804428100586,1.0796804428100586,1.0797970294952393,1.0796804428100586,1.0797970294952393,0
2024-10-25 19:35:00+00:00,1.0797970294952393,1.0797970294952393,1.0797970294952393,1.0796804428100586,1.0796804428100586,0
2024-10-25 19:40:00+00:00,1.0796804428100586,1.0796804428100586,1.0797970294952393,1.079563856124878,1.0797970294952393,0
2024-10-25 19:45:00+00:00,1.0796804428100586,1.0796804428100586,1.0797970294952393,1.0796804428100586,1.0796804428100586,0
2024-10-25 19:50:00+00:00,1.0797970294952393,1.0797970294952393,1.0797970294952393,1.0796804428100586,1.0796804428100586,0
2024-10-25 19:55:00+00:00,1.0797970294952393,1.0797970294952393,1.0797970294952393,1.0797970294952393,1.0797970294952393,0
2024-10-25 20:00:00+00:00,1.07991361618042,1.07991361618042,1.07991361618042,1.0797970294952393,1.0797970294952393,0
2024-10-25 20:05:00+00:00,1.07991361618042,1.07991361618042,1.0800302028656006,1.07991361618042,1.07991361618042,0
2024-10-25 20:10:00+00:00,1.0800302028656006,1.0800302028656006,1.0800302028656006,1.07991361618042,1.07991361618042,0
2024-10-25 20:15:00+00:00,1.07991361618042,1.07991361618042,1.0800302028656006,1.07991361618042,1.0800302028656006,0
2024-10-25 20:20:00+00:00,1.07991361618042,1.07991361618042,1.07991361618042,1.07991361618042,1.07991361618042,0
2024-10-25 20:25:00+00:00,1.07991361618042,1.07991361618042,1.07991361618042,1.07991361618042,1.07991361618042,0
2024-10-25 20:30:00+00:00,1.07991361618042,1.07991361618042,1.07991361618042,1.0797970294952393,1.07991361618042,0
2024-10-25 20:35:00+00:00,1.0797970294952393,1.0797970294952393,1.07991361618042,1.0797970294952393,1.07991361618042,0
2024-10-25 20:40:00+00:00,1.0797970294952393,1.0797970294952393,1.07991361618042,1.0797970294952393,1.0797970294952393,0
2024-10-25 20:45:00+00:00,1.0797970294952393,1.0797970294952393,1.07991361618042,1.0797970294952393,1.07991361618042,0
2024-10-25 20:50:00+00:00,1.07991361618042,1.07991361618042,1.07991361618042,1.0797970294952393,1.0797970294952393,0
2024-10-25 20:55:00+00:00,1.07991361618042,1.07991361618042,1.07991361618042,1.0797970294952393,1.0797970294952393,0
2024-10-25 21:00:00+00:00,1.080263614654541,1.080263614654541,1.080263614654541,1.0801469087600708,1.0801469087600708,0
2024-10-25 21:05:00+00:00,1.080263614654541,1.080263614654541,1.080263614654541,1.080263614654541,1.080263614654541,0
2024-10-25 21:10:00+00:00,1.080263614654541,1.080263614654541,1.080263614654541,1.080263614654541,1.080263614654541,0
2024-10-25 21:15:00+00:00,1.080263614654541,1.080263614654541,1.080263614654541,1.080263614654541,1.080263614654541,0
2024-10-25 21:20:00+00:00,1.080263614654541,1.080263614654541,1.080263614654541,1.080263614654541,1.080263614654541,0
2024-10-25 21:25:00+00:00,1.080263614654541,1.080263614654541,1.080263614654541,1.080263614654541,1.080263614654541,0
2024-10-28 00:00:00+00:00,1.0803803205490112,1.0803803205490112,1.0803803205490112,1.07991361618042,1.07991361618042,0
2024-10-28 00:05:00+00:00,1.0800302028656006,1.0800302028656006,1.080263614654541,1.0800302028656006,1.080263614654541,0
2024-10-28 00:10:00+00:00,1.0800302028656006,1.0800302028656006,1.0801469087600708,1.0800302028656006,1.0800302028656006,0
2024-10-28 00:15:00+00:00,1.0801469087600708,1.0801469087600708,1.080263614654541,1.0801469087600708,1.0801469087600708,0
2024-10-28 00:20:00+00:00,1.0801469087600708,1.0801469087600708,1.0801469087600708,1.0800302028656006,1.0800302028656006,0
2024-10-28 00:25:00+00:00,1.0797970294952393,1.0797970294952393,1.0800302028656006,1.0797970294952393,1.0800302028656006,0
2024-10-28 00:30:00+00:00,1.0800302028656006,1.0800302028656006,1.0800302028656006,1.07991361618042,1.07991361618042,0
2024-10-28 00:35:00+00:00,1.07991361618042,1.07991361618042,1.0800302028656006,1.07991361618042,1.0800302028656006,0
2024-10-28 00:40:00+00:00,1.0801469087600708,1.0801469087600708,1.0801469087600708,1.07991361618042,1.07991361618042,0
2024-10-28 00:45:00+00:00,1.080263614654541,1.080263614654541,1.080263614654541,1.080263614654541,1.080263614654541,0
2024-10-28 00:50:00+00:00,1.0800302028656006,1.0800302028656006,1.0801469087600708,1.0800302028656006,1.0801469087600708,0
2024-10-28 00:55:00+00:00,1.0796804428100586,1.0796804428100586,1.07991361618042,1.0796804428100586,1.0797970294952393,0
2024-10-28 01:00:00+00:00,1.079563856124878,1.079563856124878,1.079563856124878,1.0794472694396973,1.079563856124878,0
2024-10-28 01:05:00+00:00,1.0797970294952393,1.0797970294952393,1.0797970294952393,1.0794472694396973,1.0794472694396973,0
2024-10-28 01:10:00+00:00,1.0796804428100586,1.0796804428100586,1.0797970294952393,1.0796804428100586,1.0797970294952393,0
2024-10-28 01:15:00+00:00,1.0797970294952393,1.0797970294952393,1.0797970294952393,1.0796804428100586,1.0797970294952393,0
2024-10-28 01:20:00+00:00,1.0797970294952393,1.0797970294952393,1.0797970294952393,1.0797970294952393,1.0797970294952393,0
2024-10-28 01:25:00+00:00,1.0796804428100586,1.0796804428100586,1.0796804428100586,1.0796804428100586,1.0796804428100586,0
2024-10-28 01:30:00+00:00,1.0794472694396973,1.0794472694396973,1.0796804428100586,1.0794472694396973,1.0796804428100586,0
2024-10-28 01:35:00+00:00,1.079563856124878,1.079563856124878,1.079563856124878,1.0794472694396973,1.0794472694396973,0
2024-10-28 01:40:00+00:00,1.079563856124878,1.079563856124878,1.0796804428100586,1.079563856124878,1.079563856124878,0
2024-10-28 01:45:00+00:00,1.079563856124878,1.079563856124878,1.079563856124878,1.0794472694396973,1.079563856124878,0
2024-10-28 01:50:00+00:00,1.0794472694396973,1.0794472694396973,1.079563856124878,1.0794472694396973,1.079563856124878,0
2024-10-28 01:55:00+00:00,1.0794472694396973,1.0794472694396973,1.079563856124878,1.0794472694396973,1.0794472694396973,0
2024-10-28 02:00:00+00:00,1.079563856124878,1.079563856124878,1.079563856124878,1.0793308019638062,1.0793308019638062,0
2024-10-28 02:05:00+00:00,1.079563856124878,1.079563856124878,1.079563856124878,1.0794472694396973,1.0794472694396973,0
2024-10-28 02:10:00+00:00,1.0794472694396973,1.0794472694396973,1.079563856124878,1.0794472694396973,1.079563856124878,0
2024-10-28 02:15:00+00:00,1.0796804428100586,1.0796804428100586,1.0796804428100586,1.0794472694396973,1.079563856124878,0
2024-10-28 02:20:00+00:00,1.0797970294952393,1.0797970294952393,1.0797970294952393,1.0796804428100586,1.0796804428100586,0
2024-10-28 02:25:00+00:00,1.079563856124878,1.079563856124878,1.0796804428100586,1.079563856124878,1.0796804428100586,0
2024-10-28 02:30:00+00:00,1.079563856124878,1.079563856124878,1.079563856124878,1.0794472694396973,1.079563856124878,0
2024-10-28 02:35:00+00:00,1.0794472694396973,1.0794472694396973,1.0794472694396973,1.0793308019638062,1.0794472694396973,0
2024-10-28 02:40:00+00:00,1.0793308019638062,1.0793308019638062,1.0794472694396973,1.0793308019638062,1.0794472694396973,0
2024-10-28 02:45:00+00:00,1.0794472694396973,1.0794472694396973,1.0794472694396973,1.0793308019638062,1.0794472694396973,0
2024-10-28 02:50:00+00:00,1.079214334487915,1.079214334487915,1.0793308019638062,1.079214334487915,1.0793308019638062,0
2024-10-28 02:55:00+00:00,1.079097867012024,1.079097867012024,1.079097867012024,1.0789813995361328,1.0789813995361328,0
2024-10-28 03:00:00+00:00,1.079214334487915,1.079214334487915,1.079214334487915,1.079097867012024,1.079214334487915,0
2024-10-28 03:05:00+00:00,1.079097867012024,1.079097867012024,1.079214334487915,1.079097867012024,1.079214334487915,0
2024-10-28 03:10:00+00:00,1.079214334487915,1.079214334487915,1.079214334487915,1.079097867012024,1.079214334487915,0
2024-10-28 03:15:00+00:00,1.079097867012024,1.079097867012024,1.079214334487915,1.079097867012024,1.079214334487915,0
2024-10-28 03:20:00+00:00,1.079214334487915,1.079214334487915,1.079214334487915,1.079097867012024,1.079097867012024,0
2024-10-28 03:25:00+00:00,1.0789813995361328,1.0789813995361328,1.079214334487915,1.0789813995361328,1.079214334487915,0
2024-10-28 03:30:00+00:00,1.0789813995361328,1.0789813995361328,1.079097867012024,1.0789813995361328,1.079097867012024,0
2024-10-28 03:35:00+00:00,1.0789813995361328,1.0789813995361328,1.079097867012024,1.0789813995361328,1.079097867012024,0
2024-10-28 03:40:00+00:00,1.0788650512695312,1.0788650512695312,1.0789813995361328,1.0788650512695312,1.0789813995361328,0
2024-10-28 03:45:00+00:00,1.0787487030029297,1.0787487030029297,1.0787487030029297,1.0786322355270386,1.0787487030029297,0
2024-10-28 03:50:00+00:00,1.0786322355270386,1.0786322355270386,1.0787487030029297,1.0786322355270386,1.0787487030029297,0
2024-10-28 03:55:00+00:00,1.0786322355270386,1.0786322355270386,1.0787487030029297,1.0786322355270386,1.0787487030029297,0
2024-10-28 04:00:00+00:00,1.0787487030029297,1.0787487030029297,1.0787487030029297,1.0786322355270386,1.0786322355270386,0
2024-10-28 04:05:00+00:00,1.0787487030029297,1.0787487030029297,1.0787487030029297,1.0787487030029297,1.0787487030029297,0
2024-10-28 04:10:00+00:00,1.0788650512695312,1.0788650512695312,1.0788650512695312,1.0787487030029297,1.0787487030029297,0
2024-10-28 04:15:00+00:00,1.0787487030029297,1.0787487030029297,1.0787487030029297,1.0786322355270386,1.0787487030029297,0
2024-10-28 04:20:00+00:00,1.0788650512695312,1.0788650512695312,1.0788650512695312,1.0787487030029297,1.0788650512695312,0
2024-10-28 04:25:00+00:00,1.0787487030029297,1.0787487030029297,1.0788650512695312,1.0787487030029297,1.0788650512695312,0
2024-10-28 04:30:00+00:00,1.0789813995361328,1.0789813995361328,1.0789813995361328,1.0787487030029297,1.0787487030029297,0
2024-10-28 04:35:00+00:00,1.0789813995361328,1.0789813995361328,1.0789813995361328,1.0788650512695312,1.0789813995361328,0
2024-10-28 04:40:00+00:00,1.079097867012024,1.079097867012024,1.079097867012024,1.0789813995361328,1.0789813995361328,0
2024-10-28 04:45:00+00:00,1.079097867012024,1.079097867012024,1.079097867012024,1.079097867012024,1.079097867012024,0
2024-10-28 04:50:00+00:00,1.079214334487915,1.079214334487915,1.079214334487915,1.079097867012024,1.079097867012024,0
2024-10-28 04:55:00+00:00,1.079097867012024,1.079097867012024,1.079097867012024,1.079097867012024,1.079097867012024,0
2024-10-28 05:00:00+00:00,1.0789813995361328,1.0789813995361328,1.079097867012024,1.0789813995361328,1.0789813995361328,0
2024-10-28 05:05:00+00:00,1.0787487030029297,1.0787487030029297,1.0789813995361328,1.0787487030029297,1.0789813995361328,0
2024-10-28 05:10:00+00:00,1.0786322355270386,1.0786322355270386,1.0787487030029297,1.078515887260437,1.0786322355270386,0
2024-10-28 05:15:00+00:00,1.078515887260437,1.078515887260437,1.078515887260437,1.078515887260437,1.078515887260437,0
2024-10-28 05:20:00+00:00,1.0786322355270386,1.0786322355270386,1.0786322355270386,1.0786322355270386,1.0786322355270386,0
2024-10-28 05:25:00+00:00,1.0786322355270386,1.0786322355270386,1.0787487030029297,1.0786322355270386,1.0787487030029297,0
2024-10-28 05:30:00+00:00,1.0786322355270386,1.0786322355270386,1.0787487030029297,1.0786322355270386,1.0787487030029297,0
2024-10-28 05:35:00+00:00,1.0787487030029297,1.0787487030029297,1.0787487030029297,1.0787487030029297,1.0787487030029297,0
2024-10-28 05:40:00+00:00,1.0788650512695312,1.0788650512695312,1.0788650512695312,1.0787487030029297,1.0787487030029297,0
2024-10-28 05:45:00+00:00,1.0788650512695312,1.0788650512695312,1.0788650512695312,1.0788650512695312,1.0788650512695312,0
2024-10-28 05:50:00+00:00,1.079097867012024,1.079097867012024,1.079097867012024,1.0788650512695312,1.0788650512695312,0
2024-10-28 05:55:00+00:00,1.079097867012024,1.079097867012024,1.079097867012024,1.079097867012024,1.079097867012024,0
2024-10-28 06:00:00+00:00,1.079214334487915,1.079214334487915,1.079214334487915,1.0789813995361328,1.0789813995361328,0
2024-10-28 06:05:00+00:00,1.0794472694396973,1.0794472694396973,1.0794472694396973,1.0793308019638062,1.0793308019638062,0
2024-10-28 06:10:00+00:00,1.079563856124878,1.079563856124878,1.079563856124878,1.0794472694396973,1.079563856124878,0
2024-10-28 06:15:00+00:00,1.0796804428100586,1.0796804428100586,1.0796804428100586,1.079563856124878,1.0796804428100586,0
2024-10-28 06:20:00+00:00,1.0796804428100586,1.0796804428100586,1.0797970294952393,1.0796804428100586,1.0796804428100586,0
2024-10-28 06:25:00+00:00,1.0793308019638062,1.0793308019638062,1.079563856124878,1.0793308019638062,1.079563856124878,0
2024-10-28 06:30:00+00:00,1.0794472694396973,1.0794472694396973,1.0794472694396973,1.0793308019638062,1.0794472694396973,0
2024-10-28 06:35:00+00:00,1.079563856124878,1.079563856124878,1.079563856124878,1.0794472694396973,1.079563856124878,0
2024-10-28 06:40:00+00:00,1.079563856124878,1.079563856124878,1.079563856124878,1.079563856124878,1.079563856124878,0
2024-10-28 06:45:00+00:00,1.07991361618042,1.07991361618042,1.07991361618042,1.0796804428100586,1.0796804428100586,0
2024-10-28 06:50:00+00:00,1.0797970294952393,1.0797970294952393,1.07991361618042,1.0797970294952393,1.0797970294952393,0
2024-10-28 06:55:00+00:00,1.0796804428100586,1.0796804428100586,1.0797970294952393,1.0796804428100586,1.0797970294952393,0
2024-10-28 07:00:00+00:00,1.0797970294952393,1.0797970294952393,1.0797970294952393,1.0796804428100586,1.0797970294952393,0
2024-10-28 07:05:00+00:00,1.0797970294952393,1.0797970294952393,1.0797970294952393,1.0796804428100586,1.0796804428100586,0
2024-10-28 07:10:00+00:00,1.0800302028656006,1.0800302028656006,1.0800302028656006,1.0797970294952393,1.0797970294952393,0
2024-10-28 07:15:00+00:00,1.0801469087600708,1.0801469087600708,1.0801469087600708,1.0800302028656006,1.0800302028656006,0
2024-10-28 07:20:00+00:00,1.0801469087600708,1.0801469087600708,1.080263614654541,1.0801469087600708,1.080263614654541,0
2024-10-28 07:25:00+00:00,1.0801469087600708,1.0801469087600708,1.0801469087600708,1.0800302028656006,1.0800302028656006,0
2024-10-28 07:30:00+00:00,1.0800302028656006,1.0800302028656006,1.0801469087600708,1.0800302028656006,1.0801469087600708,0
2024-10-28 07:35:00+00:00,1.080263614654541,1.080263614654541,1.080263614654541,1.0800302028656006,1.0801469087600708,0
2024-10-28 07:40:00+00:00,1.0801469087600708,1.0801469087600708,1.0803803205490112,1.0801469087600708,1.0801469087600708,0
2024-10-28 07:45:00+00:00,1.0801469087600708,1.0801469087600708,1.0801469087600708,1.0800302028656006,1.0801469087600708,0
2024-10-28 07:50:00+00:00,1.0806137323379517,1.0806137323379517,1.0806137323379517,1.080263614654541,1.080263614654541,0
2024-10-28 07:55:00+00:00,1.0807305574417114,1.0807305574417114,1.0807305574417114,1.0806137323379517,1.0806137323379517,0
2024-10-28 08:00:00+00:00,1.0806137323379517,1.0806137323379517,1.080964207649231,1.0806137323379517,1.0806137323379517,0
2024-10-28 08:05:00+00:00,1.0808473825454712,1.0808473825454712,1.0808473825454712,1.0804970264434814,1.0804970264434814,0
2024-10-28 08:10:00+00:00,1.08119797706604,1.08119797706604,1.08119797706604,1.080964207649231,1.080964207649231,0
2024-10-28 08:15:00+00:00,1.0810810327529907,1.0810810327529907,1.0810810327529907,1.0810810327529907,1.0810810327529907,0
2024-10-28 08:20:00+00:00,1.0816657543182373,1.0816657543182373,1.0817828178405762,1.0816657543182373,1.0816657543182373,0
2024-10-28 08:25:00+00:00,1.0816657543182373,1.0816657543182373,1.0817828178405762,1.081548810005188,1.081548810005188,0
2024-10-28 08:30:00+00:00,1.0814317464828491,1.0814317464828491,1.0816657543182373,1.0814317464828491,1.0816657543182373,0
2024-10-28 08:35:00+00:00,1.0814317464828491,1.0814317464828491,1.0814317464828491,1.0813149213790894,1.0814317464828491,0
2024-10-28 08:40:00+00:00,1.081548810005188,1.081548810005188,1.081548810005188,1.08119797706604,1.08119797706604,0
2024-10-28 08:45:00+00:00,1.0817828178405762,1.0817828178405762,1.0817828178405762,1.0816657543182373,1.0816657543182373,0
2024-10-28 08:50:00+00:00,1.0821340084075928,1.0821340084075928,1.0821340084075928,1.0817828178405762,1.0817828178405762,0
2024-10-28 08:55:00+00:00,1.0822510719299316,1.0822510719299316,1.08236825466156,1.0822510719299316,1.08236825466156,0
2024-10-28 09:00:00+00:00,1.0821340084075928,1.0821340084075928,1.0822510719299316,1.0821340084075928,1.0822510719299316,0
2024-10-28 09:05:00+00:00,1.0821340084075928,1.0821340084075928,1.0821340084075928,1.0818997621536255,1.0820168256759644,0
2024-10-28 09:10:00+00:00,1.0820168256759644,1.0820168256759644,1.0822510719299316,1.0820168256759644,1.0822510719299316,0
2024-10-28 09:15:00+00:00,1.0818997621536255,1.0818997621536255,1.0820168256759644,1.0818997621536255,1.0820168256759644,0
2024-10-28 09:20:00+00:00,1.0816657543182373,1.0816657543182373,1.0818997621536255,1.0816657543182373,1.0818997621536255,0
2024-10-28 09:25:00+00:00,1.0816657543182373,1.0816657543182373,1.0816657543182373,1.081548810005188,1.0816657543182373,0
2024-10-28 09:30:00+00:00,1.0817828178405762,1.0817828178405762,1.0817828178405762,1.0814317464828491,1.081548810005188,0
2024-10-28 09:35:00+00:00,1.0814317464828491,1.0814317464828491,1.0816657543182373,1.0813149213790894,1.0816657543182373,0
2024-10-28 09:40:00+00:00,1.0814317464828491,1.0814317464828491,1.0814317464828491,1.08119797706604,1.0813149213790894,0
2024-10-28 09:45:00+00:00,1.0813149213790894,1.0813149213790894,1.0814317464828491,1.0813149213790894,1.0814317464828491,0
2024-10-28 09:50:00+00:00,1.0814317464828491,1.0814317464828491,1.0814317464828491,1.08119797706604,1.08119797706604,0
2024-10-28 09:55:00+00:00,1.081548810005188,1.081548810005188,1.081548810005188,1.081548810005188,1.081548810005188,0
2024-10-28 10:00:00+00:00,1.0818997621536255,1.0818997621536255,1.0818997621536255,1.0817828178405762,1.0817828178405762,0
2024-10-28 10:05:00+00:00,1.0821340084075928,1.0821340084075928,1.0821340084075928,1.0820168256759644,1.0820168256759644,0
2024-10-28 10:10:00+00:00,1.0820168256759644,1.0820168256759644,1.0820168256759644,1.0820168256759644,1.0820168256759644,0
2024-10-28 10:15:00+00:00,1.0817828178405762,1.0817828178405762,1.0820168256759644,1.0817828178405762,1.0820168256759644,0
2024-10-28 10:20:00+00:00,1.0814317464828491,1.0814317464828491,1.0817828178405762,1.0814317464828491,1.0817828178405762,0
2024-10-28 10:25:00+00:00,1.0814317464828491,1.0814317464828491,1.0816657543182373,1.0814317464828491,1.081548810005188,0
2024-10-28 10:30:00+00:00,1.0816657543182373,1.0816657543182373,1.0816657543182373,1.081548810005188,1.0816657543182373,0
2024-10-28 10:35:00+00:00,1.0817828178405762,1.0817828178405762,1.0818997621536255,1.0817828178405762,1.0817828178405762,0
2024-10-28 10:40:00+00:00,1.0820168256759644,1.0820168256759644,1.0820168256759644,1.0818997621536255,1.0818997621536255,0
2024-10-28 10:45:00+00:00,1.0818997621536255,1.0818997621536255,1.0821340084075928,1.0818997621536255,1.0821340084075928,0
2024-10-28 10:50:00+00:00,1.0820168256759644,1.0820168256759644,1.0820168256759644,1.0818997621536255,1.0818997621536255,0
2024-10-28 10:55:00+00:00,1.0820168256759644,1.0820168256759644,1.0820168256759644,1.0818997621536255,1.0820168256759644,0
2024-10-28 11:00:00+00:00,1.0821340084075928,1.0821340084075928,1.0821340084075928,1.0820168256759644,1.0820168256759644,0
2024-10-28 11:05:00+00:00,1.0822510719299316,1.0822510719299316,1.0822510719299316,1.0821340084075928,1.0822510719299316,0
2024-10-28 11:10:00+00:00,1.0820168256759644,1.0820168256759644,1.0822510719299316,1.0820168256759644,1.0822510719299316,0
2024-10-28 11:15:00+00:00,1.0818997621536255,1.0818997621536255,1.0820168256759644,1.0818997621536255,1.0818997621536255,0
2024-10-28 11:20:00+00:00,1.0820168256759644,1.0820168256759644,1.0820168256759644,1.0820168256759644,1.0820168256759644,0
2024-10-28 11:25:00+00:00,1.0821340084075928,1.0821340084075928,1.0821340084075928,1.0820168256759644,1.0820168256759644,0
2024-10-28 11:30:00+00:00,1.0821340084075928,1.0821340084075928,1.0821340084075928,1.0820168256759644,1.0820168256759644,0
2024-10-28 11:35:00+00:00,1.0818997621536255,1.0818997621536255,1.0818997621536255,1.0817828178405762,1.0818997621536255,0
2024-10-28 11:40:00+00:00,1.0820168256759644,1.0820168256759644,1.0820168256759644,1.0818997621536255,1.0818997621536255,0
2024-10-28 11:45:00+00:00,1.0820168256759644,1.0820168256759644,1.0822510719299316,1.0820168256759644,1.0820168256759644,0
2024-10-28 11:50:00+00:00,1.0820168256759644,1.0820168256759644,1.0820168256759644,1.0820168256759644,1.0820168256759644,0
2024-10-28 11:55:00+00:00,1.0822510719299316,1.0822510719299316,1.0822510719299316,1.0820168256759644,1.0820168256759644,0
2024-10-28 12:00:00+00:00,1.0824854373931885,1.0824854373931885,1.0824854373931885,1.0822510719299316,1.0822510719299316,0
2024-10-28 12:05:00+00:00,1.0827198028564453,1.0827198028564453,1.0827198028564453,1.0824854373931885,1.0824854373931885,0
2024-10-28 12:10:00+00:00,1.0828369855880737,1.0828369855880737,1.0828369855880737,1.082602620124817,1.0827198028564453,0
2024-10-28 12:15:00+00:00,1.0827198028564453,1.0827198028564453,1.0828369855880737,1.0827198028564453,1.0827198028564453,0
2024-10-28 12:20:00+00:00,1.0827198028564453,1.0827198028564453,1.0828369855880737,1.0827198028564453,1.0827198028564453,0
2024-10-28 12:25:00+00:00,1.0827198028564453,1.0827198028564453,1.0827198028564453,1.082602620124817,1.0827198028564453,0
2024-10-28 12:30:00+00:00,1.08236825466156,1.08236825466156,1.0828369855880737,1.08236825466156,1.0828369855880737,0
2024-10-28 12:35:00+00:00,1.0818997621536255,1.0818997621536255,1.0822510719299316,1.0818997621536255,1.0822510719299316,0
2024-10-28 12:40:00+00:00,1.0818997621536255,1.0818997621536255,1.0820168256759644,1.0817828178405762,1.0817828178405762,0
2024-10-28 12:45:00+00:00,1.0818997621536255,1.0818997621536255,1.0818997621536255,1.0816657543182373,1.0818997621536255,0
2024-10-28 12:50:00+00:00,1.0816657543182373,1.0816657543182373,1.0818997621536255,1.0816657543182373,1.0818997621536255,0
2024-10-28 12:55:00+00:00,1.0818997621536255,1.0818997621536255,1.0818997621536255,1.0817828178405762,1.0817828178405762,0
2024-10-28 13:00:00+00:00,1.0821340084075928,1.0821340084075928,1.0821340084075928,1.0818997621536255,1.0818997621536255,0
2024-10-28 13:05:00+00:00,1.0821340084075928,1.0821340084075928,1.0822510719299316,1.0820168256759644,1.0821340084075928,0
2024-10-28 13:10:00+00:00,1.0822510719299316,1.0822510719299316,1.0822510719299316,1.0821340084075928,1.0822510719299316,0
2024-10-28 13:15:00+00:00,1.0820168256759644,1.0820168256759644,1.0820168256759644,1.0818997621536255,1.0820168256759644,0
2024-10-28 13:20:00+00:00,1.0820168256759644,1.0820168256759644,1.0820168256759644,1.0817828178405762,1.0817828178405762,0
2024-10-28 13:25:00+00:00,1.0818997621536255,1.0818997621536255,1.0818997621536255,1.0817828178405762,1.0817828178405762,0
2024-10-28 13:30:00+00:00,1.0821340084075928,1.0821340084075928,1.08236825466156,1.0817828178405762,1.0818997621536255,0
2024-10-28 13:35:00+00:00,1.0821340084075928,1.0821340084075928,1.0822510719299316,1.0821340084075928,1.0822510719299316,0
2024-10-28 13:40:00+00:00,1.0822510719299316,1.0822510719299316,1.0822510719299316,1.0820168256759644,1.0820168256759644,0
2024-10-28 13:45:00+00:00,1.0820168256759644,1.0820168256759644,1.0820168256759644,1.0817828178405762,1.0817828178405762,0
2024-10-28 13:50:00+00:00,1.08236825466156,1.08236825466156,1.08236825466156,1.08236825466156,1.08236825466156,0
2024-10-28 13:55:00+00:00,1.08236825466156,1.08236825466156,1.0824854373931885,1.08236825466156,1.0824854373931885,0
2024-10-28 14:00:00+00:00,1.0821340084075928,1.0821340084075928,1.08236825466156,1.0820168256759644,1.08236825466156,0
2024-10-28 14:05:00+00:00,1.0821340084075928,1.0821340084075928,1.0821340084075928,1.0817828178405762,1.0820168256759644,0
2024-10-28 14:10:00+00:00,1.0821340084075928,1.0821340084075928,1.08236825466156,1.0821340084075928,1.0822510719299316,0
2024-10-28 14:15:00+00:00,1.0820168256759644,1.0820168256759644,1.0821340084075928,1.0820168256759644,1.0821340084075928,0
2024-10-28 14:20:00+00:00,1.0821340084075928,1.0821340084075928,1.0822510719299316,1.0820168256759644,1.0820168256759644,0
2024-10-28 14:25:00+00:00,1.0827198028564453,1.0827198028564453,1.0827198028564453,1.08236825466156,1.08236825466156,0
2024-10-28 14:30:00+00:00,1.0827198028564453,1.0827198028564453,1.0827198028564453,1.082602620124817,1.082602620124817,0
2024-10-28 14:35:00+00:00,1.0824854373931885,1.0824854373931885,1.082602620124817,1.0824854373931885,1.082602620124817,0
2024-10-28 14:40:00+00:00,1.08236825466156,1.08236825466156,1.08236825466156,1.0821340084075928,1.08236825466156,0
2024-10-28 14:45:00+00:00,1.0824854373931885,1.0824854373931885,1.082602620124817,1.08236825466156,1.082602620124817,0
2024-10-28 14:50:00+00:00,1.0828369855880737,1.0828369855880737,1.0829542875289917,1.0827198028564453,1.0827198028564453,0
2024-10-28 14:55:00+00:00,1.0827198028564453,1.0827198028564453,1.0828369855880737,1.0827198028564453,1.0828369855880737,0
2024-10-28 15:00:00+00:00,1.0824854373931885,1.0824854373931885,1.082602620124817,1.0824854373931885,1.082602620124817,0
2024-10-28 15:05:00+00:00,1.082602620124817,1.082602620124817,1.082602620124817,1.0824854373931885,1.0824854373931885,0
2024-10-28 15:10:00+00:00,1.082602620124817,1.082602620124817,1.082602620124817,1.0824854373931885,1.082602620124817,0
2024-10-28 15:15:00+00:00,1.0822510719299316,1.0822510719299316,1.0824854373931885,1.0822510719299316,1.0824854373931885,0
2024-10-28 15:20:00+00:00,1.0821340084075928,1.0821340084075928,1.0822510719299316,1.0821340084075928,1.0822510719299316,0
2024-10-28 15:25:00+00:00,1.0821340084075928,1.0821340084075928,1.0822510719299316,1.0821340084075928,1.0821340084075928,0
2024-10-28 15:30:00+00:00,1.0820168256759644,1.0820168256759644,1.0822510719299316,1.0818997621536255,1.0821340084075928,0
2024-10-28 15:35:00+00:00,1.0818997621536255,1.0818997621536255,1.0820168256759644,1.0818997621536255,1.0820168256759644,0
2024-10-28 15:40:00+00:00,1.0817828178405762,1.0817828178405762,1.0818997621536255,1.0816657543182373,1.0817828178405762,0
2024-10-28 15:45:00+00:00,1.0817828178405762,1.0817828178405762,1.0818997621536255,1.0817828178405762,1.0817828178405762,0
2024-10-28 15:50:00+00:00,1.0820168256759644,1.0820168256759644,1.0820168256759644,1.0818997621536255,1.0818997621536255,0
2024-10-28 15:55:00+00:00,1.0821340084075928,1.0821340084075928,1.0821340084075928,1.0820168256759644,1.0820168256759644,0
2024-10-28 16:00:00+00:00,1.0822510719299316,1.0822510719299316,1.0822510719299316,1.0820168256759644,1.0820168256759644,0
2024-10-28 16:05:00+00:00,1.0822510719299316,1.0822510719299316,1.08236825466156,1.0822510719299316,1.08236825466156,0
2024-10-28 16:10:00+00:00,1.0824854373931885,1.0824854373931885,1.0824854373931885,1.08236825466156,1.08236825466156,0
2024-10-28 16:15:00+00:00,1.0828369855880737,1.0828369855880737,1.0828369855880737,1.082602620124817,1.082602620124817,0
2024-10-28 16:20:00+00:00,1.0828369855880737,1.0828369855880737,1.0828369855880737,1.0827198028564453,1.0828369855880737,0
2024-10-28 16:25:00+00:00,1.0824854373931885,1.0824854373931885,1.0827198028564453,1.0824854373931885,1.0827198028564453,0
2024-10-28 16:30:00+00:00,1.0822510719299316,1.0822510719299316,1.08236825466156,1.0822510719299316,1.08236825466156,0
2024-10-28 16:35:00+00:00,1.0820168256759644,1.0820168256759644,1.0821340084075928,1.0820168256759644,1.0821340084075928,0
2024-10-28 16:40:00+00:00,1.0821340084075928,1.0821340084075928,1.0821340084075928,1.0818997621536255,1.0820168256759644,0
2024-10-28 16:45:00+00:00,1.0818997621536255,1.0818997621536255,1.0820168256759644,1.0817828178405762,1.0820168256759644,0
2024-10-28 16:50:00+00:00,1.0818997621536255,1.0818997621536255,1.0818997621536255,1.0817828178405762,1.0817828178405762,0
2024-10-28 16:55:00+00:00,1.0818997621536255,1.0818997621536255,1.0820168256759644,1.0818997621536255,1.0820168256759644,0
2024-10-28 17:00:00+00:00,1.0817828178405762,1.0817828178405762,1.0818997621536255,1.0817828178405762,1.0818997621536255,0
2024-10-28 17:05:00+00:00,1.0818997621536255,1.0818997621536255,1.0820168256759644,1.0818997621536255,1.0818997621536255,0
2024-10-28 17:10:00+00:00,1.0816657543182373,1.0816657543182373,1.0817828178405762,1.0816657543182373,1.0817828178405762,0
2024-10-28 17:15:00+00:00,1.0818997621536255,1.0818997621536255,1.0818997621536255,1.0816657543182373,1.0817828178405762,0
2024-10-28 17:20:00+00:00,1.0820168256759644,1.0820168256759644,1.0820168256759644,1.0818997621536255,1.0818997621536255,0
2024-10-28 17:25:00+00:00,1.0818997621536255,1.0818997621536255,1.0820168256759644,1.0818997621536255,1.0818997621536255,0
2024-10-28 17:30:00+00:00,1.0820168256759644,1.0820168256759644,1.0820168256759644,1.0818997621536255,1.0818997621536255,0
2024-10-28 17:35:00+00:00,1.0820168256759644,1.0820168256759644,1.0820168256759644,1.0820168256759644,1.0820168256759644,0
2024-10-28 17:40:00+00:00,1.0820168256759644,1.0820168256759644,1.0820168256759644,1.0820168256759644,1.0820168256759644,0
2024-10-28 17:45:00+00:00,1.0818997621536255,1.0818997621536255,1.0820168256759644,1.0817828178405762,1.0820168256759644,0
2024-10-28 17:50:00+00:00,1.0818997621536255,1.0818997621536255,1.0818997621536255,1.0818997621536255,1.0818997621536255,0
2024-10-28 17:55:00+00:00,1.0816657543182373,1.0816657543182373,1.0817828178405762,1.0816657543182373,1.0816657543182373,0
2024-10-28 18:00:00+00:00,1.0814317464828491,1.0814317464828491,1.081548810005188,1.0814317464828491,1.081548810005188,0
2024-10-28 18:05:00+00:00,1.0816657543182373,1.0816657543182373,1.0816657543182373,1.0814317464828491,1.0814317464828491,0
2024-10-28 18:10:00+00:00,1.0814317464828491,1.0814317464828491,1.081548810005188,1.0814317464828491,1.081548810005188,0
2024-10-28 18:15:00+00:00,1.0814317464828491,1.0814317464828491,1.081548810005188,1.0814317464828491,1.081548810005188,0
2024-10-28 18:20:00+00:00,1.0813149213790894,1.0813149213790894,1.0814317464828491,1.0813149213790894,1.0814317464828491,0
2024-10-28 18:25:00+00:00,1.0814317464828491,1.0814317464828491,1.0814317464828491,1.0813149213790894,1.0813149213790894,0
2024-10-28 18:30:00+00:00,1.0816657543182373,1.0816657543182373,1.0816657543182373,1.081548810005188,1.0816657543182373,0
2024-10-28 18:35:00+00:00,1.081548810005188,1.081548810005188,1.081548810005188,1.0814317464828491,1.081548810005188,0
2024-10-28 18:40:00+00:00,1.081548810005188,1.081548810005188,1.0816657543182373,1.081548810005188,1.081548810005188,0
2024-10-28 18:45:00+00:00,1.081548810005188,1.081548810005188,1.0816657543182373,1.0814317464828491,1.0816657543182373,0
2024-10-28 18:50:00+00:00,1.0817828178405762,1.0817828178405762,1.0817828178405762,1.0816657543182373,1.0816657543182373,0
2024-10-28 18:55:00+00:00,1.0814317464828491,1.0814317464828491,1.0816657543182373,1.0814317464828491,1.0816657543182373,0
2024-10-28 19:00:00+00:00,1.081548810005188,1.081548810005188,1.081548810005188,1.081548810005188,1.081548810005188,0
2024-10-28 19:05:00+00:00,1.081548810005188,1.081548810005188,1.081548810005188,1.081548810005188,1.081548810005188,0
2024-10-28 19:10:00+00:00,1.0816657543182373,1.0816657543182373,1.0817828178405762,1.081548810005188,1.081548810005188,0
2024-10-28 19:15:00+00:00,1.0816657543182373,1.0816657543182373,1.0817828178405762,1.0816657543182373,1.0816657543182373,0
2024-10-28 19:20:00+00:00,1.0817828178405762,1.0817828178405762,1.0817828178405762,1.0816657543182373,1.0816657543182373,0
2024-10-28 19:25:00+00:00,1.0818997621536255,1.0818997621536255,1.0818997621536255,1.0817828178405762,1.0817828178405762,0
2024-10-28 19:30:00+00:00,1.0820168256759644,1.0820168256759644,1.0820168256759644,1.0818997621536255,1.0818997621536255,0
2024-10-28 19:35:00+00:00,1.0820168256759644,1.0820168256759644,1.0821340084075928,1.0820168256759644,1.0821340084075928,0
2024-10-28 19:40:00+00:00,1.0820168256759644,1.0820168256759644,1.0821340084075928,1.0820168256759644,1.0820168256759644,0
2024-10-28 19:45:00+00:00,1.0818997621536255,1.0818997621536255,1.0820168256759644,1.0818997621536255,1.0820168256759644,0
2024-10-28 19:50:00+00:00,1.0818997621536255,1.0818997621536255,1.0820168256759644,1.0818997621536255,1.0820168256759644,0
2024-10-28 19:55:00+00:00,1.0817828178405762,1.0817828178405762,1.0821340084075928,1.0817828178405762,1.0818997621536255,0
2024-10-28 20:00:00+00:00,1.0818997621536255,1.0818997621536255,1.0820168256759644,1.0818997621536255,1.0820168256759644,0
2024-10-28 20:05:00+00:00,1.0817828178405762,1.0817828178405762,1.0817828178405762,1.0817828178405762,1.0817828178405762,0
2024-10-28 20:10:00+00:00,1.0816657543182373,1.0816657543182373,1.0817828178405762,1.0816657543182373,1.0817828178405762,0
2024-10-28 20:15:00+00:00,1.0817828178405762,1.0817828178405762,1.0817828178405762,1.0817828178405762,1.0817828178405762,0
2024-10-28 20:20:00+00:00,1.0817828178405762,1.0817828178405762,1.0817828178405762,1.0816657543182373,1.0816657543182373,0
2024-10-28 20:25:00+00:00,1.0818997621536255,1.0818997621536255,1.0818997621536255,1.0817828178405762,1.0817828178405762,0
2024-10-28 20:30:00+00:00,1.0817828178405762,1.0817828178405762,1.0818997621536255,1.0817828178405762,1.0818997621536255,0
2024-10-28 20:35:00+00:00,1.0817828178405762,1.0817828178405762,1.0818997621536255,1.0817828178405762,1.0817828178405762,0
2024-10-28 20:40:00+00:00,1.0816657543182373,1.0816657543182373,1.0817828178405762,1.0816657543182373,1.0817828178405762,0
2024-10-28 20:45:00+00:00,1.0816657543182373,1.0816657543182373,1.0816657543182373,1.0816657543182373,1.0816657543182373,0
2024-10-28 20:50:00+00:00,1.081548810005188,1.081548810005188,1.0816657543182373,1.081548810005188,1.0816657543182373,0
2024-10-28 20:55:00+00:00,1.081548810005188,1.081548810005188,1.081548810005188,1.0814317464828491,1.081548810005188,0
2024-10-28 21:00:00+00:00,1.0816657543182373,1.0816657543182373,1.0817828178405762,1.0810810327529907,1.0810810327529907,0
2024-10-28 21:05:00+00:00,1.0817828178405762,1.0817828178405762,1.0818997621536255,1.0817828178405762,1.0817828178405762,0
2024-10-28 21:10:00+00:00,1.081548810005188,1.081548810005188,1.0817828178405762,1.081548810005188,1.0817828178405762,0
2024-10-28 21:15:00+00:00,1.0816657543182373,1.0816657543182373,1.0816657543182373,1.081548810005188,1.081548810005188,0
2024-10-28 21:20:00+00:00,1.0814317464828491,1.0814317464828491,1.0817828178405762,1.0814317464828491,1.0816657543182373,0
2024-10-28 21:25:00+00:00,1.0816657543182373,1.0816657543182373,1.0817828178405762,1.081548810005188,1.081548810005188,0
2024-10-28 21:30:00+00:00,1.0816657543182373,1.0816657543182373,1.0816657543182373,1.081548810005188,1.081548810005188,0
2024-10-28 21:35:00+00:00,1.081548810005188,1.081548810005188,1.0816657543182373,1.0814317464828491,1.0816657543182373,0
2024-10-28 21:40:00+00:00,1.0816657543182373,1.0816657543182373,1.0816657543182373,1.0814317464828491,1.0814317464828491,0
2024-10-28 21:45:00+00:00,1.081548810005188,1.081548810005188,1.081548810005188,1.0814317464828491,1.0814317464828491,0
2024-10-28 21:50:00+00:00,1.0816657543182373,1.0816657543182373,1.0816657543182373,1.081548810005188,1.0816657543182373,0
2024-10-28 21:55:00+00:00,1.0816657543182373,1.0816657543182373,1.0816657543182373,1.081548810005188,1.081548810005188,0
2024-10-28 22:00:00+00:00,1.0816657543182373,1.0816657543182373,1.0816657543182373,1.0816657543182373,1.0816657543182373,0
2024-10-28 22:05:00+00:00,1.081548810005188,1.081548810005188,1.0816657543182373,1.081548810005188,1.0816657543182373,0
2024-10-28 22:10:00+00:00,1.081548810005188,1.081548810005188,1.081548810005188,1.081548810005188,1.081548810005188,0
2024-10-28 22:15:00+00:00,1.081548810005188,1.081548810005188,1.081548810005188,1.0814317464828491,1.0814317464828491,0
2024-10-28 22:20:00+00:00,1.0814317464828491,1.0814317464828491,1.0814317464828491,1.0814317464828491,1.0814317464828491,0
2024-10-28 22:25:00+00:00,1.0814317464828491,1.0814317464828491,1.081548810005188,1.0814317464828491,1.0814317464828491,0
2024-10-28 22:30:00+00:00,1.081548810005188,1.081548810005188,1.081548810005188,1.0814317464828491,1.081548810005188,0
2024-10-28 22:35:00+00:00,1.081548810005188,1.081548810005188,1.081548810005188,1.0814317464828491,1.081548810005188,0
2024-10-28 22:40:00+00:00,1.0814317464828491,1.0814317464828491,1.081548810005188,1.0814317464828491,1.081548810005188,0
2024-10-28 22:45:00+00:00,1.0814317464828491,1.0814317464828491,1.0814317464828491,1.0814317464828491,1.0814317464828491,0
2024-10-28 22:50:00+00:00,1.0814317464828491,1.0814317464828491,1.0814317464828491,1.0814317464828491,1.0814317464828491,0
2024-10-28 22:55:00+00:00,1.081548810005188,1.081548810005188,1.081548810005188,1.0814317464828491,1.0814317464828491,0
2024-10-28 23:00:00+00:00,1.081548810005188,1.081548810005188,1.0816657543182373,1.081548810005188,1.081548810005188,0
2024-10-28 23:05:00+00:00,1.0816657543182373,1.0816657543182373,1.0816657543182373,1.081548810005188,1.081548810005188,0
2024-10-28 23:10:00+00:00,1.081548810005188,1.081548810005188,1.0816657543182373,1.081548810005188,1.0816657543182373,0
2024-10-28 23:15:00+00:00,1.081548810005188,1.081548810005188,1.0816657543182373,1.081548810005188,1.0816657543182373,0
2024-10-28 23:20:00+00:00,1.081548810005188,1.081548810005188,1.081548810005188,1.081548810005188,1.081548810005188,0
2024-10-28 23:25:00+00:00,1.0814317464828491,1.0814317464828491,1.081548810005188,1.0814317464828491,1.081548810005188,0
2024-10-28 23:30:00+00:00,1.0814317464828491,1.0814317464828491,1.0814317464828491,1.0814317464828491,1.0814317464828491,0
2024-10-28 23:35:00+00:00,1.0816657543182373,1.0816657543182373,1.0816657543182373,1.081548810005188,1.081548810005188,0
2024-10-28 23:40:00+00:00,1.0817828178405762,1.0817828178405762,1.0817828178405762,1.0816657543182373,1.0816657543182373,0
2024-10-28 23:45:00+00:00,1.0817828178405762,1.0817828178405762,1.0817828178405762,1.0816657543182373,1.0816657543182373,0
2024-10-28 23:50:00+00:00,1.0817828178405762,1.0817828178405762,1.0817828178405762,1.0817828178405762,1.0817828178405762,0
2024-10-28 23:55:00+00:00,1.0818997621536255,1.0818997621536255,1.0818997621536255,1.0817828178405762,1.0817828178405762,0
2024-10-29 00:00:00+00:00,1.0821340084075928,1.0821340084075928,1.0821340084075928,1.0818997621536255,1.0818997621536255,0
2024-10-29 00:05:00+00:00,1.0821340084075928,1.0821340084075928,1.0821340084075928,1.0821340084075928,1.0821340084075928,0
2024-10-29 00:10:00+00:00,1.0820168256759644,1.0820168256759644,1.0821340084075928,1.0820168256759644,1.0821340084075928,0
2024-10-29 00:15:00+00:00,1.0818997621536255,1.0818997621536255,1.0820168256759644,1.0818997621536255,1.0820168256759644,0
2024-10-29 00:20:00+00:00,1.0818997621536255,1.0818997621536255,1.0818997621536255,1.0818997621536255,1.0818997621536255,0
2024-10-29 00:25:00+00:00,1.0821340084075928,1.0821340084075928,1.0821340084075928,1.0818997621536255,1.0818997621536255,0
2024-10-29 00:30:00+00:00,1.0818997621536255,1.0818997621536255,1.0821340084075928,1.0818997621536255,1.0821340084075928,0
2024-10-29 00:35:00+00:00,1.0818997621536255,1.0818997621536255,1.0818997621536255,1.0818997621536255,1.0818997621536255,0
2024-10-29 00:40:00+00:00,1.0818997621536255,1.0818997621536255,1.0818997621536255,1.0817828178405762,1.0817828178405762,0
2024-10-29 00:45:00+00:00,1.0817828178405762,1.0817828178405762,1.0818997621536255,1.0817828178405762,1.0818997621536255,0
2024-10-29 00:50:00+00:00,1.0817828178405762,1.0817828178405762,1.0820168256759644,1.0817828178405762,1.0817828178405762,0
2024-10-29 00:55:00+00:00,1.0818997621536255,1.0818997621536255,1.0818997621536255,1.0818997621536255,1.0818997621536255,0
2024-10-29 01:00:00+00:00,1.0818997621536255,1.0818997621536255,1.0818997621536255,1.0818997621536255,1.0818997621536255,0
2024-10-29 01:05:00+00:00,1.0816657543182373,1.0816657543182373,1.0818997621536255,1.0816657543182373,1.0818997621536255,0
2024-10-29 01:10:00+00:00,1.0817828178405762,1.0817828178405762,1.0817828178405762,1.0816657543182373,1.0816657543182373,0
2024-10-29 01:15:00+00:00,1.081548810005188,1.081548810005188,1.0816657543182373,1.081548810005188,1.0816657543182373,0
2024-10-29 01:20:00+00:00,1.0816657543182373,1.0816657543182373,1.0816657543182373,1.081548810005188,1.081548810005188,0
2024-10-29 01:25:00+00:00,1.081548810005188,1.081548810005188,1.081548810005188,1.081548810005188,1.081548810005188,0
2024-10-29 01:30:00+00:00,1.081548810005188,1.081548810005188,1.081548810005188,1.0814317464828491,1.081548810005188,0
2024-10-29 01:35:00+00:00,1.0817828178405762,1.0817828178405762,1.0817828178405762,1.081548810005188,1.0816657543182373,0
2024-10-29 01:40:00+00:00,1.0818997621536255,1.0818997621536255,1.0820168256759644,1.0817828178405762,1.0817828178405762,0
2024-10-29 01:45:00+00:00,1.0816657543182373,1.0816657543182373,1.0817828178405762,1.0816657543182373,1.0817828178405762,0
2024-10-29 01:50:00+00:00,1.0816657543182373,1.0816657543182373,1.0817828178405762,1.0816657543182373,1.0817828178405762,0
2024-10-29 01:55:00+00:00,1.0818997621536255,1.0818997621536255,1.0818997621536255,1.0817828178405762,1.0817828178405762,0
2024-10-29 02:00:00+00:00,1.0817828178405762,1.0817828178405762,1.0818997621536255,1.0817828178405762,1.0818997621536255,0
2024-10-29 02:05:00+00:00,1.0817828178405762,1.0817828178405762,1.0818997621536255,1.0817828178405762,1.0817828178405762,0
2024-10-29 02:10:00+00:00,1.0818997621536255,1.0818997621536255,1.0818997621536255,1.0817828178405762,1.0818997621536255,0
2024-10-29 02:15:00+00:00,1.0820168256759644,1.0820168256759644,1.0820168256759644,1.0818997621536255,1.0818997621536255,0
2024-10-29 02:20:00+00:00,1.0821340084075928,1.0821340084075928,1.0821340084075928,1.0820168256759644,1.0820168256759644,0
2024-10-29 02:25:00+00:00,1.0821340084075928,1.0821340084075928,1.0821340084075928,1.0820168256759644,1.0820168256759644,0
2024-10-29 02:30:00+00:00,1.0818997621536255,1.0818997621536255,1.0821340084075928,1.0818997621536255,1.0821340084075928,0
2024-10-29 02:35:00+00:00,1.0816657543182373,1.0816657543182373,1.0818997621536255,1.0816657543182373,1.0818997621536255,0
2024-10-29 02:40:00+00:00,1.0817828178405762,1.0817828178405762,1.0817828178405762,1.0816657543182373,1.0817828178405762,0
2024-10-29 02:45:00+00:00,1.0816657543182373,1.0816657543182373,1.0817828178405762,1.0816657543182373,1.0817828178405762,0
2024-10-29 02:50:00+00:00,1.081548810005188,1.081548810005188,1.0816657543182373,1.081548810005188,1.0816657543182373,0
2024-10-29 02:55:00+00:00,1.081548810005188,1.081548810005188,1.0816657543182373,1.0814317464828491,1.0816657543182373,0
2024-10-29 03:00:00+00:00,1.081548810005188,1.081548810005188,1.081548810005188,1.081548810005188,1.081548810005188,0
2024-10-29 03:05:00+00:00,1.081548810005188,1.081548810005188,1.081548810005188,1.081548810005188,1.081548810005188,0
2024-10-29 03:10:00+00:00,1.081548810005188,1.081548810005188,1.0816657543182373,1.081548810005188,1.0816657543182373,0
2024-10-29 03:15:00+00:00,1.0814317464828491,1.0814317464828491,1.081548810005188,1.0814317464828491,1.081548810005188,0
2024-10-29 03:20:00+00:00,1.08119797706604,1.08119797706604,1.0813149213790894,1.08119797706604,1.0813149213790894,0
2024-10-29 03:25:00+00:00,1.0813149213790894,1.0813149213790894,1.0813149213790894,1.08119797706604,1.08119797706604,0
2024-10-29 03:30:00+00:00,1.08119797706604,1.08119797706604,1.0813149213790894,1.08119797706604,1.0813149213790894,0
2024-10-29 03:35:00+00:00,1.080964207649231,1.080964207649231,1.08119797706604,1.0808473825454712,1.08119797706604,0
2024-10-29 03:40:00+00:00,1.080964207649231,1.080964207649231,1.080964207649231,1.080964207649231,1.080964207649231,0
2024-10-29 03:45:00+00:00,1.0810810327529907,1.0810810327529907,1.0810810327529907,1.080964207649231,1.080964207649231,0
2024-10-29 03:50:00+00:00,1.08119797706604,1.08119797706604,1.08119797706604,1.0810810327529907,1.0810810327529907,0
2024-10-29 03:55:00+00:00,1.0810810327529907,1.0810810327529907,1.08119797706604,1.0810810327529907,1.08119797706604,0
2024-10-29 04:00:00+00:00,1.0810810327529907,1.0810810327529907,1.0810810327529907,1.0810810327529907,1.0810810327529907,0
2024-10-29 04:05:00+00:00,1.0810810327529907,1.0810810327529907,1.08119797706604,1.0810810327529907,1.0810810327529907,0
2024-10-29 04:10:00+00:00,1.08119797706604,1.08119797706604,1.08119797706604,1.0810810327529907,1.0810810327529907,0
2024-10-29 04:15:00+00:00,1.0810810327529907,1.0810810327529907,1.08119797706604,1.0810810327529907,1.08119797706604,0
2024-10-29 04:20:00+00:00,1.080964207649231,1.080964207649231,1.0810810327529907,1.080964207649231,1.0810810327529907,0
2024-10-29 04:25:00+00:00,1.0810810327529907,1.0810810327529907,1.0810810327529907,1.0810810327529907,1.0810810327529907,0
2024-10-29 04:30:00+00:00,1.0810810327529907,1.0810810327529907,1.0810810327529907,1.0810810327529907,1.0810810327529907,0
2024-10-29 04:35:00+00:00,1.0810810327529907,1.0810810327529907,1.0810810327529907,1.0810810327529907,1.0810810327529907,0
2024-10-29 04:40:00+00:00,1.0810810327529907,1.0810810327529907,1.0810810327529907,1.0810810327529907,1.0810810327529907,0
2024-10-29 04:45:00+00:00,1.080964207649231,1.080964207649231,1.0810810327529907,1.080964207649231,1.0810810327529907,0
2024-10-29 04:50:00+00:00,1.0810810327529907,1.0810810327529907,1.0810810327529907,1.080964207649231,1.080964207649231,0
2024-10-29 04:55:00+00:00,1.08119797706604,1.08119797706604,1.08119797706604,1.0810810327529907,1.0810810327529907,0
2024-10-29 05:00:00+00:00,1.08119797706604,1.08119797706604,1.0813149213790894,1.08119797706604,1.0813149213790894,0
2024-10-29 05:05:00+00:00,1.08119797706604,1.08119797706604,1.08119797706604,1.08119797706604,1.08119797706604,0
2024-10-29 05:10:00+00:00,1.08119797706604,1.08119797706604,1.0813149213790894,1.08119797706604,1.0813149213790894,0
2024-10-29 05:15:00+00:00,1.0813149213790894,1.0813149213790894,1.0813149213790894,1.0813149213790894,1.0813149213790894,0
2024-10-29 05:20:00+00:00,1.0813149213790894,1.0813149213790894,1.0814317464828491,1.0813149213790894,1.0813149213790894,0
2024-10-29 05:25:00+00:00,1.0814317464828491,1.0814317464828491,1.0814317464828491,1.0813149213790894,1.0813149213790894,0
2024-10-29 05:30:00+00:00,1.081548810005188,1.081548810005188,1.081548810005188,1.0814317464828491,1.0814317464828491,0
2024-10-29 05:35:00+00:00,1.081548810005188,1.081548810005188,1.0816657543182373,1.081548810005188,1.0816657543182373,0
2024-10-29 05:40:00+00:00,1.0814317464828491,1.0814317464828491,1.081548810005188,1.0813149213790894,1.0814317464828491,0
2024-10-29 05:45:00+00:00,1.0813149213790894,1.0813149213790894,1.0814317464828491,1.0813149213790894,1.0813149213790894,0
2024-10-29 05:50:00+00:00,1.0813149213790894,1.0813149213790894,1.0813149213790894,1.0813149213790894,1.0813149213790894,0
2024-10-29 05:55:00+00:00,1.0814317464828491,1.0814317464828491,1.0814317464828491,1.0813149213790894,1.0813149213790894,0
2024-10-29 06:00:00+00:00,1.0814317464828491,1.0814317464828491,1.0814317464828491,1.0813149213790894,1.0813149213790894,0
2024-10-29 06:05:00+00:00,1.08119797706604,1.08119797706604,1.0813149213790894,1.08119797706604,1.0813149213790894,0
2024-10-29 06:10:00+00:00,1.0810810327529907,1.0810810327529907,1.08119797706604,1.0810810327529907,1.08119797706604,0
2024-10-29 06:15:00+00:00,1.0810810327529907,1.0810810327529907,1.08119797706604,1.0810810327529907,1.0810810327529907,0
2024-10-29 06:20:00+00:00,1.0810810327529907,1.0810810327529907,1.08119797706604,1.0810810327529907,1.0810810327529907,0
2024-10-29 06:25:00+00:00,1.0810810327529907,1.0810810327529907,1.0810810327529907,1.080964207649231,1.0810810327529907,0
2024-10-29 06:30:00+00:00,1.0813149213790894,1.0813149213790894,1.0813149213790894,1.0810810327529907,1.0810810327529907,0
2024-10-29 06:35:00+00:00,1.0814317464828491,1.0814317464828491,1.0814317464828491,1.0813149213790894,1.0813149213790894,0
2024-10-29 06:40:00+00:00,1.0814317464828491,1.0814317464828491,1.0814317464828491,1.0813149213790894,1.0813149213790894,0
2024-10-29 06:45:00+00:00,1.0816657543182373,1.0816657543182373,1.0816657543182373,1.0816657543182373,1.0816657543182373,0
2024-10-29 06:50:00+00:00,1.0814317464828491,1.0814317464828491,1.081548810005188,1.0814317464828491,1.081548810005188,0
2024-10-29 06:55:00+00:00,1.0814317464828491,1.0814317464828491,1.081548810005188,1.0814317464828491,1.0814317464828491,0
2024-10-29 07:00:00+00:00,1.0813149213790894,1.0813149213790894,1.081548810005188,1.0813149213790894,1.081548810005188,0
2024-10-29 07:05:00+00:00,1.0810810327529907,1.0810810327529907,1.08119797706604,1.0810810327529907,1.08119797706604,0
2024-10-29 07:10:00+00:00,1.0810810327529907,1.0810810327529907,1.0810810327529907,1.0808473825454712,1.080964207649231,0
2024-10-29 07:15:00+00:00,1.0814317464828491,1.0814317464828491,1.0814317464828491,1.0813149213790894,1.0813149213790894,0
2024-10-29 07:20:00+00:00,1.08119797706604,1.08119797706604,1.0814317464828491,1.08119797706604,1.0814317464828491,0
2024-10-29 07:25:00+00:00,1.0814317464828491,1.0814317464828491,1.0814317464828491,1.08119797706604,1.08119797706604,0
2024-10-29 07:30:00+00:00,1.081548810005188,1.081548810005188,1.081548810005188,1.081548810005188,1.081548810005188,0
2024-10-29 07:35:00+00:00,1.0817828178405762,1.0817828178405762,1.0817828178405762,1.081548810005188,1.081548810005188,0
2024-10-29 07:40:00+00:00,1.081548810005188,1.081548810005188,1.081548810005188,1.081548810005188,1.081548810005188,0
2024-10-29 07:45:00+00:00,1.0817828178405762,1.0817828178405762,1.0817828178405762,1.081548810005188,1.081548810005188,0
2024-10-29 07:50:00+00:00,1.0816657543182373,1.0816657543182373,1.0816657543182373,1.081548810005188,1.0816657543182373,0
2024-10-29 07:55:00+00:00,1.0813149213790894,1.0813149213790894,1.081548810005188,1.0813149213790894,1.081548810005188,0
2024-10-29 08:00:00+00:00,1.081548810005188,1.081548810005188,1.081548810005188,1.0813149213790894,1.0813149213790894,0
2024-10-29 08:05:00+00:00,1.0820168256759644,1.0820168256759644,1.0820168256759644,1.0817828178405762,1.0817828178405762,0
2024-10-29 08:10:00+00:00,1.0818997621536255,1.0818997621536255,1.0818997621536255,1.0817828178405762,1.0818997621536255,0
2024-10-29 08:15:00+00:00,1.0817828178405762,1.0817828178405762,1.0817828178405762,1.0816657543182373,1.0817828178405762,0
2024-10-29 08:20:00+00:00,1.0816657543182373,1.0816657543182373,1.0816657543182373,1.0813149213790894,1.081548810005188,0
2024-10-29 08:25:00+00:00,1.0821340084075928,1.0821340084075928,1.0821340084075928,1.0817828178405762,1.0817828178405762,0
2024-10-29 08:30:00+00:00,1.0818997621536255,1.0818997621536255,1.0820168256759644,1.0818997621536255,1.0818997621536255,0
2024-10-29 08:35:00+00:00,1.0820168256759644,1.0820168256759644,1.0820168256759644,1.0818997621536255,1.0820168256759644,0
2024-10-29 08:40:00+00:00,1.0820168256759644,1.0820168256759644,1.0822510719299316,1.0818997621536255,1.0822510719299316,0
2024-10-29 08:45:00+00:00,1.0820168256759644,1.0820168256759644,1.0820168256759644,1.0818997621536255,1.0818997621536255,0
2024-10-29 08:50:00+00:00,1.0821340084075928,1.0821340084075928,1.0821340084075928,1.0820168256759644,1.0821340084075928,0
2024-10-29 08:55:00+00:00,1.0821340084075928,1.0821340084075928,1.0821340084075928,1.0818997621536255,1.0818997621536255,0
2024-10-29 09:00:00+00:00,1.08236825466156,1.08236825466156,1.0824854373931885,1.0822510719299316,1.0822510719299316,0
2024-10-29 09:05:00+00:00,1.0824854373931885,1.0824854373931885,1.082602620124817,1.08236825466156,1.08236825466156,0
2024-10-29 09:10:00+00:00,1.0824854373931885,1.0824854373931885,1.082602620124817,1.08236825466156,1.0824854373931885,0
2024-10-29 09:15:00+00:00,1.0824854373931885,1.0824854373931885,1.082602620124817,1.0824854373931885,1.0824854373931885,0
2024-10-29 09:20:00+00:00,1.0824854373931885,1.0824854373931885,1.0824854373931885,1.08236825466156,1.08236825466156,0
2024-10-29 09:25:00+00:00,1.0827198028564453,1.0827198028564453,1.0827198028564453,1.082602620124817,1.082602620124817,0
2024-10-29 09:30:00+00:00,1.0827198028564453,1.0827198028564453,1.0827198028564453,1.082602620124817,1.0827198028564453,0
2024-10-29 09:35:00+00:00,1.0829542875289917,1.0829542875289917,1.0829542875289917,1.0827198028564453,1.0827198028564453,0
2024-10-29 09:40:00+00:00,1.082602620124817,1.082602620124817,1.0827198028564453,1.082602620124817,1.0827198028564453,0
2024-10-29 09:45:00+00:00,1.0821340084075928,1.0821340084075928,1.0827198028564453,1.0821340084075928,1.0827198028564453,0
2024-10-29 09:50:00+00:00,1.0816657543182373,1.0816657543182373,1.0818997621536255,1.0816657543182373,1.0818997621536255,0
2024-10-29 09:55:00+00:00,1.0820168256759644,1.0820168256759644,1.0820168256759644,1.0818997621536255,1.0818997621536255,0
2024-10-29 10:00:00+00:00,1.0822510719299316,1.0822510719299316,1.08236825466156,1.0821340084075928,1.0821340084075928,0
2024-10-29 10:05:00+00:00,1.0820168256759644,1.0820168256759644,1.08236825466156,1.0820168256759644,1.0822510719299316,0
2024-10-29 10:10:00+00:00,1.0817828178405762,1.0817828178405762,1.0821340084075928,1.0817828178405762,1.0820168256759644,0
2024-10-29 10:15:00+00:00,1.0817828178405762,1.0817828178405762,1.0818997621536255,1.0817828178405762,1.0817828178405762,0
2024-10-29 10:20:00+00:00,1.081548810005188,1.081548810005188,1.0817828178405762,1.081548810005188,1.0817828178405762,0
2024-10-29 10:25:00+00:00,1.0810810327529907,1.0810810327529907,1.081548810005188,1.0810810327529907,1.081548810005188,0
2024-10-29 10:30:00+00:00,1.0808473825454712,1.0808473825454712,1.08119797706604,1.0808473825454712,1.08119797706604,0
2024-10-29 10:35:00+00:00,1.0807305574417114,1.0807305574417114,1.080964207649231,1.0807305574417114,1.0808473825454712,0
2024-10-29 10:40:00+00:00,1.0810810327529907,1.0810810327529907,1.0810810327529907,1.0807305574417114,1.0807305574417114,0
2024-10-29 10:45:00+00:00,1.0810810327529907,1.0810810327529907,1.0810810327529907,1.080964207649231,1.0810810327529907,0
2024-10-29 10:50:00+00:00,1.0808473825454712,1.0808473825454712,1.08119797706604,1.0808473825454712,1.080964207649231,0
2024-10-29 10:55:00+00:00,1.0808473825454712,1.0808473825454712,1.0808473825454712,1.0806137323379517,1.0807305574417114,0
2024-10-29 11:00:00+00:00,1.0806137323379517,1.0806137323379517,1.0806137323379517,1.0804970264434814,1.0806137323379517,0
2024-10-29 11:05:00+00:00,1.0806137323379517,1.0806137323379517,1.0807305574417114,1.0806137323379517,1.0807305574417114,0
2024-10-29 11:10:00+00:00,1.0803803205490112,1.0803803205490112,1.0804970264434814,1.0803803205490112,1.0804970264434814,0
2024-10-29 11:15:00+00:00,1.0801469087600708,1.0801469087600708,1.080263614654541,1.0801469087600708,1.0801469087600708,0
2024-10-29 11:20:00+00:00,1.0801469087600708,1.0801469087600708,1.080263614654541,1.0800302028656006,1.0801469087600708,0
2024-10-29 11:25:00+00:00,1.0801469087600708,1.0801469087600708,1.080263614654541,1.0801469087600708,1.0801469087600708,0
2024-10-29 11:30:00+00:00,1.0804970264434814,1.0804970264434814,1.0804970264434814,1.080263614654541,1.080263614654541,0
2024-10-29 11:35:00+00:00,1.0804970264434814,1.0804970264434814,1.0806137323379517,1.0803803205490112,1.0806137323379517,0
2024-10-29 11:40:00+00:00,1.080263614654541,1.080263614654541,1.0806137323379517,1.080263614654541,1.0804970264434814,0
2024-10-29 11:45:00+00:00,1.080263614654541,1.080263614654541,1.0804970264434814,1.0801469087600708,1.0801469087600708,0
2024-10-29 11:50:00+00:00,1.0800302028656006,1.0800302028656006,1.080263614654541,1.0800302028656006,1.080263614654541,0
2024-10-29 11:55:00+00:00,1.080263614654541,1.080263614654541,1.080263614654541,1.0800302028656006,1.0800302028656006,0
2024-10-29 12:00:00+00:00,1.080263614654541,1.080263614654541,1.080263614654541,1.0800302028656006,1.0800302028656006,0
2024-10-29 12:05:00+00:00,1.0800302028656006,1.0800302028656006,1.080263614654541,1.0800302028656006,1.0801469087600708,0
2024-10-29 12:10:00+00:00,1.0801469087600708,1.0801469087600708,1.0801469087600708,1.07991361618042,1.07991361618042,0
2024-10-29 12:15:00+00:00,1.0800302028656006,1.0800302028656006,1.0801469087600708,1.0800302028656006,1.0801469087600708,0
2024-10-29 12:20:00+00:00,1.0797970294952393,1.0797970294952393,1.07991361618042,1.0797970294952393,1.07991361618042,0
2024-10-29 12:25:00+00:00,1.079097867012024,1.079097867012024,1.0796804428100586,1.079097867012024,1.0796804428100586,0
2024-10-29 12:30:00+00:00,1.078515887260437,1.078515887260437,1.0789813995361328,1.078515887260437,1.0788650512695312,0
2024-10-29 12:35:00+00:00,1.0781670808792114,1.0781670808792114,1.0787487030029297,1.0781670808792114,1.0787487030029297,0
2024-10-29 12:40:00+00:00,1.0780508518218994,1.0780508518218994,1.078399658203125,1.077934741973877,1.078399658203125,0
2024-10-29 12:45:00+00:00,1.077934741973877,1.077934741973877,1.0780508518218994,1.07758629322052,1.0780508518218994,0
2024-10-29 12:50:00+00:00,1.078283429145813,1.078283429145813,1.078283429145813,1.077934741973877,1.077934741973877,0
2024-10-29 12:55:00+00:00,1.0780508518218994,1.0780508518218994,1.078399658203125,1.0780508518218994,1.078399658203125,0
2024-10-29 13:00:00+00:00,1.077470064163208,1.077470064163208,1.077818512916565,1.077470064163208,1.077818512916565,0
2024-10-29 13:05:00+00:00,1.077818512916565,1.077818512916565,1.077818512916565,1.0772379636764526,1.0772379636764526,0
2024-10-29 13:10:00+00:00,1.077702283859253,1.077702283859253,1.077934741973877,1.077702283859253,1.077702283859253,0
2024-10-29 13:15:00+00:00,1.078399658203125,1.078399658203125,1.078399658203125,1.077702283859253,1.077818512916565,0
2024-10-29 13:20:00+00:00,1.0780508518218994,1.0780508518218994,1.078399658203125,1.0780508518218994,1.078399658203125,0
2024-10-29 13:25:00+00:00,1.0781670808792114,1.0781670808792114,1.078399658203125,1.0780508518218994,1.0781670808792114,0
2024-10-29 13:30:00+00:00,1.0786322355270386,1.0786322355270386,1.0786322355270386,1.0780508518218994,1.0781670808792114,0
2024-10-29 13:35:00+00:00,1.0787487030029297,1.0787487030029297,1.0787487030029297,1.078515887260437,1.078515887260437,0
2024-10-29 13:40:00+00:00,1.078399658203125,1.078399658203125,1.0787487030029297,1.078399658203125,1.0787487030029297,0
2024-10-29 13:45:00+00:00,1.0789813995361328,1.0789813995361328,1.0789813995361328,1.078399658203125,1.078399658203125,0
2024-10-29 13:50:00+00:00,1.079214334487915,1.079214334487915,1.079214334487915,1.079097867012024,1.079214334487915,0
2024-10-29 13:55:00+00:00,1.079097867012024,1.079097867012024,1.0793308019638062,1.0789813995361328,1.0793308019638062,0
2024-10-29 14:00:00+00:00,1.0803803205490112,1.0803803205490112,1.0807305574417114,1.0800302028656006,1.0803803205490112,0
2024-10-29 14:05:00+00:00,1.0803803205490112,1.0803803205490112,1.0806137323379517,1.07991361618042,1.0806137323379517,0
2024-10-29 14:10:00+00:00,1.0794472694396973,1.0794472694396973,1.0801469087600708,1.0794472694396973,1.0801469087600708,0
2024-10-29 14:15:00+00:00,1.0801469087600708,1.0801469087600708,1.0801469087600708,1.0796804428100586,1.0796804428100586,0
2024-10-29 14:20:00+00:00,1.0810810327529907,1.0810810327529907,1.0810810327529907,1.0800302028656006,1.0800302028656006,0
2024-10-29 14:25:00+00:00,1.0807305574417114,1.0807305574417114,1.0814317464828491,1.0807305574417114,1.0813149213790894,0
2024-10-29 14:30:00+00:00,1.0813149213790894,1.0813149213790894,1.0813149213790894,1.0806137323379517,1.0807305574417114,0
2024-10-29 14:35:00+00:00,1.080964207649231,1.080964207649231,1.08119797706604,1.080964207649231,1.0810810327529907,0
2024-10-29 14:40:00+00:00,1.0810810327529907,1.0810810327529907,1.0813149213790894,1.080964207649231,1.0810810327529907,0
2024-10-29 14:45:00+00:00,1.0810810327529907,1.0810810327529907,1.0810810327529907,1.0808473825454712,1.080964207649231,0
2024-10-29 14:50:00+00:00,1.0806137323379517,1.0806137323379517,1.080964207649231,1.0806137323379517,1.080964207649231,0
2024-10-29 14:55:00+00:00,1.0803803205490112,1.0803803205490112,1.0806137323379517,1.0803803205490112,1.0803803205490112,0
2024-10-29 15:00:00+00:00,1.0797970294952393,1.0797970294952393,1.080263614654541,1.0797970294952393,1.080263614654541,0
2024-10-29 15:05:00+00:00,1.0789813995361328,1.0789813995361328,1.0796804428100586,1.0789813995361328,1.0796804428100586,0
2024-10-29 15:10:00+00:00,1.079214334487915,1.079214334487915,1.079214334487915,1.0789813995361328,1.0789813995361328,0
2024-10-29 15:15:00+00:00,1.0789813995361328,1.0789813995361328,1.079214334487915,1.0788650512695312,1.079097867012024,0
2024-10-29 15:20:00+00:00,1.0789813995361328,1.0789813995361328,1.079214334487915,1.0788650512695312,1.0788650512695312,0
2024-10-29 15:25:00+00:00,1.079097867012024,1.079097867012024,1.079097867012024,1.0788650512695312,1.0788650512695312,0
2024-10-29 15:30:00+00:00,1.0794472694396973,1.0794472694396973,1.0797970294952393,1.0793308019638062,1.0793308019638062,0
2024-10-29 15:35:00+00:00,1.0796804428100586,1.0796804428100586,1.0796804428100586,1.0793308019638062,1.0793308019638062,0
2024-10-29 15:40:00+00:00,1.079563856124878,1.079563856124878,1.07991361618042,1.079563856124878,1.079563856124878,0
2024-10-29 15:45:00+00:00,1.07991361618042,1.07991361618042,1.0800302028656006,1.0797970294952393,1.0797970294952393,0
2024-10-29 15:50:00+00:00,1.0800302028656006,1.0800302028656006,1.0801469087600708,1.07991361618042,1.0800302028656006,0
2024-10-29 15:55:00+00:00,1.0800302028656006,1.0800302028656006,1.0800302028656006,1.0796804428100586,1.0797970294952393,0
2024-10-29 16:00:00+00:00,1.0804970264434814,1.0804970264434814,1.0806137323379517,1.080263614654541,1.080263614654541,0
2024-10-29 16:05:00+00:00,1.0807305574417114,1.0807305574417114,1.0807305574417114,1.0807305574417114,1.0807305574417114,0
2024-10-29 16:10:00+00:00,1.0808473825454712,1.0808473825454712,1.0808473825454712,1.0804970264434814,1.0806137323379517,0
2024-10-29 16:15:00+00:00,1.0807305574417114,1.0807305574417114,1.0808473825454712,1.0807305574417114,1.0807305574417114,0
2024-10-29 16:20:00+00:00,1.0804970264434814,1.0804970264434814,1.0806137323379517,1.0804970264434814,1.0806137323379517,0
2024-10-29 16:25:00+00:00,1.0803803205490112,1.0803803205490112,1.0804970264434814,1.0803803205490112,1.0804970264434814,0
2024-10-29 16:30:00+00:00,1.0800302028656006,1.0800302028656006,1.080263614654541,1.07991361618042,1.080263614654541,0
2024-10-29 16:35:00+00:00,1.0797970294952393,1.0797970294952393,1.07991361618042,1.0797970294952393,1.07991361618042,0
2024-10-29 16:40:00+00:00,1.0796804428100586,1.0796804428100586,1.0797970294952393,1.0796804428100586,1.0796804428100586,0
2024-10-29 16:45:00+00:00,1.0796804428100586,1.0796804428100586,1.0797970294952393,1.079563856124878,1.0796804428100586,0
2024-10-29 16:50:00+00:00,1.0801469087600708,1.0801469087600708,1.0801469087600708,1.0797970294952393,1.0797970294952393,0
2024-10-29 16:55:00+00:00,1.0801469087600708,1.0801469087600708,1.0801469087600708,1.0800302028656006,1.0801469087600708,0
2024-10-29 17:00:00+00:00,1.080964207649231,1.080964207649231,1.080964207649231,1.080263614654541,1.080263614654541,0
2024-10-29 17:05:00+00:00,1.0807305574417114,1.0807305574417114,1.08119797706604,1.0807305574417114,1.0810810327529907,0
2024-10-29 17:10:00+00:00,1.0813149213790894,1.0813149213790894,1.0813149213790894,1.0808473825454712,1.0808473825454712,0
2024-10-29 17:15:00+00:00,1.08119797706604,1.08119797706604,1.0814317464828491,1.08119797706604,1.0814317464828491,0
2024-10-29 17:20:00+00:00,1.0806137323379517,1.0806137323379517,1.080964207649231,1.0806137323379517,1.080964207649231,0
2024-10-29 17:25:00+00:00,1.0807305574417114,1.0807305574417114,1.0807305574417114,1.0806137323379517,1.0807305574417114,0
2024-10-29 17:30:00+00:00,1.0806137323379517,1.0806137323379517,1.0807305574417114,1.0804970264434814,1.0807305574417114,0
2024-10-29 17:35:00+00:00,1.0804970264434814,1.0804970264434814,1.0806137323379517,1.0804970264434814,1.0806137323379517,0
2024-10-29 17:40:00+00:00,1.0806137323379517,1.0806137323379517,1.0806137323379517,1.0804970264434814,1.0804970264434814,0
2024-10-29 17:45:00+00:00,1.0808473825454712,1.0808473825454712,1.0808473825454712,1.0806137323379517,1.0806137323379517,0
2024-10-29 17:50:00+00:00,1.0807305574417114,1.0807305574417114,1.0808473825454712,1.0807305574417114,1.0808473825454712,0
2024-10-29 17:55:00+00:00,1.0808473825454712,1.0808473825454712,1.080964207649231,1.0807305574417114,1.0807305574417114,0
2024-10-29 18:00:00+00:00,1.0808473825454712,1.0808473825454712,1.0808473825454712,1.0807305574417114,1.0808473825454712,0
2024-10-29 18:05:00+00:00,1.0808473825454712,1.0808473825454712,1.0808473825454712,1.0808473825454712,1.0808473825454712,0
2024-10-29 18:10:00+00:00,1.0807305574417114,1.0807305574417114,1.0807305574417114,1.0807305574417114,1.0807305574417114,0
2024-10-29 18:15:00+00:00,1.0808473825454712,1.0808473825454712,1.0808473825454712,1.0806137323379517,1.0806137323379517,0
2024-10-29 18:20:00+00:00,1.08119797706604,1.08119797706604,1.08119797706604,1.080964207649231,1.080964207649231,0
2024-10-29 18:25:00+00:00,1.0813149213790894,1.0813149213790894,1.0813149213790894,1.08119797706604,1.08119797706604,0
2024-10-29 18:30:00+00:00,1.0813149213790894,1.0813149213790894,1.0813149213790894,1.0813149213790894,1.0813149213790894,0
2024-10-29 18:35:00+00:00,1.081548810005188,1.081548810005188,1.081548810005188,1.0813149213790894,1.0813149213790894,0
2024-10-29 18:40:00+00:00,1.0818997621536255,1.0818997621536255,1.0818997621536255,1.0814317464828491,1.0814317464828491,0
2024-10-29 18:45:00+00:00,1.0817828178405762,1.0817828178405762,1.0818997621536255,1.0817828178405762,1.0818997621536255,0
2024-10-29 18:50:00+00:00,1.0817828178405762,1.0817828178405762,1.0818997621536255,1.0816657543182373,1.0816657543182373,0
2024-10-29 18:55:00+00:00,1.0816657543182373,1.0816657543182373,1.0817828178405762,1.0816657543182373,1.0817828178405762,0
2024-10-29 19:00:00+00:00,1.0817828178405762,1.0817828178405762,1.0817828178405762,1.0817828178405762,1.0817828178405762,0
2024-10-29 19:05:00+00:00,1.081548810005188,1.081548810005188,1.0817828178405762,1.081548810005188,1.0817828178405762,0
2024-10-29 19:10:00+00:00,1.0814317464828491,1.0814317464828491,1.081548810005188,1.0814317464828491,1.081548810005188,0
2024-10-29 19:15:00+00:00,1.0814317464828491,1.0814317464828491,1.0814317464828491,1.0814317464828491,1.0814317464828491,0
2024-10-29 19:20:00+00:00,1.081548810005188,1.081548810005188,1.081548810005188,1.0814317464828491,1.0814317464828491,0
2024-10-29 19:25:00+00:00,1.0816657543182373,1.0816657543182373,1.0816657543182373,1.0814317464828491,1.0814317464828491,0
2024-10-29 19:30:00+00:00,1.0814317464828491,1.0814317464828491,1.081548810005188,1.0814317464828491,1.081548810005188,0
2024-10-29 19:35:00+00:00,1.0816657543182373,1.0816657543182373,1.0816657543182373,1.0814317464828491,1.0814317464828491,0
2024-10-29 19:40:00+00:00,1.0816657543182373,1.0816657543182373,1.0816657543182373,1.0816657543182373,1.0816657543182373,0
2024-10-29 19:45:00+00:00,1.0816657543182373,1.0816657543182373,1.0817828178405762,1.0816657543182373,1.0817828178405762,0
2024-10-29 19:50:00+00:00,1.081548810005188,1.081548810005188,1.0816657543182373,1.081548810005188,1.0816657543182373,0
2024-10-29 19:55:00+00:00,1.0816657543182373,1.0816657543182373,1.0817828178405762,1.081548810005188,1.081548810005188,0
2024-10-29 20:00:00+00:00,1.0817828178405762,1.0817828178405762,1.0818997621536255,1.0816657543182373,1.0816657543182373,0
2024-10-29 20:05:00+00:00,1.0818997621536255,1.0818997621536255,1.0818997621536255,1.0817828178405762,1.0818997621536255,0
2024-10-29 20:10:00+00:00,1.0818997621536255,1.0818997621536255,1.0818997621536255,1.0817828178405762,1.0817828178405762,0
2024-10-29 20:15:00+00:00,1.0818997621536255,1.0818997621536255,1.0818997621536255,1.0817828178405762,1.0817828178405762,0
2024-10-29 20:20:00+00:00,1.0818997621536255,1.0818997621536255,1.0820168256759644,1.0817828178405762,1.0817828178405762,0
2024-10-29 20:25:00+00:00,1.0817828178405762,1.0817828178405762,1.0820168256759644,1.0817828178405762,1.0820168256759644,0
2024-10-29 20:30:00+00:00,1.0817828178405762,1.0817828178405762,1.0818997621536255,1.0817828178405762,1.0817828178405762,0
2024-10-29 20:35:00+00:00,1.0818997621536255,1.0818997621536255,1.0818997621536255,1.0817828178405762,1.0818997621536255,0
2024-10-29 20:40:00+00:00,1.0820168256759644,1.0820168256759644,1.0820168256759644,1.0818997621536255,1.0818997621536255,0
2024-10-29 20:45:00+00:00,1.0821340084075928,1.0821340084075928,1.0821340084075928,1.0820168256759644,1.0820168256759644,0
2024-10-29 20:50:00+00:00,1.0820168256759644,1.0820168256759644,1.0820168256759644,1.0820168256759644,1.0820168256759644,0
2024-10-29 20:55:00+00:00,1.0821340084075928,1.0821340084075928,1.0821340084075928,1.0821340084075928,1.0821340084075928,0
2024-10-29 21:00:00+00:00,1.0818997621536255,1.0818997621536255,1.0821340084075928,1.081548810005188,1.081548810005188,0
2024-10-29 21:05:00+00:00,1.0818997621536255,1.0818997621536255,1.0818997621536255,1.0817828178405762,1.0817828178405762,0
2024-10-29 21:10:00+00:00,1.0817828178405762,1.0817828178405762,1.0820168256759644,1.0817828178405762,1.0820168256759644,0
2024-10-29 21:15:00+00:00,1.0818997621536255,1.0818997621536255,1.0818997621536255,1.0817828178405762,1.0817828178405762,0
2024-10-29 21:20:00+00:00,1.0816657543182373,1.0816657543182373,1.0818997621536255,1.0816657543182373,1.0816657543182373,0
2024-10-29 21:25:00+00:00,1.0817828178405762,1.0817828178405762,1.0820168256759644,1.0817828178405762,1.0820168256759644,0
2024-10-29 21:30:00+00:00,1.0818997621536255,1.0818997621536255,1.0820168256759644,1.0817828178405762,1.0818997621536255,0
2024-10-29 21:35:00+00:00,1.0818997621536255,1.0818997621536255,1.0820168256759644,1.0817828178405762,1.0820168256759644,0
2024-10-29 21:40:00+00:00,1.0817828178405762,1.0817828178405762,1.0818997621536255,1.0817828178405762,1.0817828178405762,0
2024-10-29 21:45:00+00:00,1.0818997621536255,1.0818997621536255,1.0820168256759644,1.0818997621536255,1.0818997621536255,0
2024-10-29 21:50:00+00:00,1.0818997621536255,1.0818997621536255,1.0820168256759644,1.0817828178405762,1.0818997621536255,0
2024-10-29 21:55:00+00:00,1.0816657543182373,1.0816657543182373,1.0818997621536255,1.0816657543182373,1.0816657543182373,0
2024-10-29 22:00:00+00:00,1.0818997621536255,1.0818997621536255,1.0818997621536255,1.0818997621536255,1.0818997621536255,0
2024-10-29 22:05:00+00:00,1.0820168256759644,1.0820168256759644,1.0820168256759644,1.0818997621536255,1.0818997621536255,0
2024-10-29 22:10:00+00:00,1.0820168256759644,1.0820168256759644,1.0820168256759644,1.0818997621536255,1.0820168256759644,0
2024-10-29 22:15:00+00:00,1.0820168256759644,1.0820168256759644,1.0820168256759644,1.0818997621536255,1.0818997621536255,0
2024-10-29 22:20:00+00:00,1.0820168256759644,1.0820168256759644,1.0820168256759644,1.0820168256759644,1.0820168256759644,0
2024-10-29 22:25:00+00:00,1.0821340084075928,1.0821340084075928,1.0821340084075928,1.0820168256759644,1.0820168256759644,0
2024-10-29 22:30:00+00:00,1.08236825466156,1.08236825466156,1.08236825466156,1.0822510719299316,1.0822510719299316,0
2024-10-29 22:35:00+00:00,1.08236825466156,1.08236825466156,1.0824854373931885,1.08236825466156,1.08236825466156,0
2024-10-29 22:40:00+00:00,1.08236825466156,1.08236825466156,1.08236825466156,1.08236825466156,1.08236825466156,0
2024-10-29 22:45:00+00:00,1.08236825466156,1.08236825466156,1.0824854373931885,1.08236825466156,1.08236825466156,0
2024-10-29 22:50:00+00:00,1.08236825466156,1.08236825466156,1.08236825466156,1.08236825466156,1.08236825466156,0
2024-10-29 22:55:00+00:00,1.08236825466156,1.08236825466156,1.08236825466156,1.08236825466156,1.08236825466156,0
2024-10-29 23:00:00+00:00,1.08236825466156,1.08236825466156,1.08236825466156,1.08236825466156,1.08236825466156,0
2024-10-29 23:05:00+00:00,1.08236825466156,1.08236825466156,1.08236825466156,1.0822510719299316,1.0822510719299316,0
2024-10-29 23:10:00+00:00,1.08236825466156,1.08236825466156,1.08236825466156,1.08236825466156,1.08236825466156,0
2024-10-29 23:15:00+00:00,1.08236825466156,1.08236825466156,1.08236825466156,1.0822510719299316,1.08236825466156,0
2024-10-29 23:20:00+00:00,1.08236825466156,1.08236825466156,1.0824854373931885,1.08236825466156,1.0824854373931885,0
2024-10-29 23:25:00+00:00,1.08236825466156,1.08236825466156,1.0824854373931885,1.08236825466156,1.0824854373931885,0
2024-10-29 23:30:00+00:00,1.08236825466156,1.08236825466156,1.08236825466156,1.0822510719299316,1.08236825466156,0
2024-10-29 23:35:00+00:00,1.0821340084075928,1.0821340084075928,1.08236825466156,1.0821340084075928,1.08236825466156,0
2024-10-29 23:40:00+00:00,1.0822510719299316,1.0822510719299316,1.0822510719299316,1.0821340084075928,1.0821340084075928,0
2024-10-29 23:45:00+00:00,1.0822510719299316,1.0822510719299316,1.0822510719299316,1.0821340084075928,1.0822510719299316,0
2024-10-29 23:50:00+00:00,1.0821340084075928,1.0821340084075928,1.0822510719299316,1.0821340084075928,1.0822510719299316,0
2024-10-29 23:55:00+00:00,1.0822510719299316,1.0822510719299316,1.08236825466156,1.0822510719299316,1.0822510719299316,0
2024-10-30 00:00:00+00:00,1.0824854373931885,1.0824854373931885,1.0824854373931885,1.08236825466156,1.08236825466156,0
2024-10-30 00:05:00+00:00,1.082602620124817,1.082602620124817,1.082602620124817,1.082602620124817,1.082602620124817,0
2024-10-30 00:10:00+00:00,1.0827198028564453,1.0827198028564453,1.0827198028564453,1.082602620124817,1.082602620124817,0
2024-10-30 00:15:00+00:00,1.0827198028564453,1.0827198028564453,1.0827198028564453,1.0827198028564453,1.0827198028564453,0
2024-10-30 00:20:00+00:00,1.0828369855880737,1.0828369855880737,1.0828369855880737,1.0828369855880737,1.0828369855880737,0
2024-10-30 00:25:00+00:00,1.0827198028564453,1.0827198028564453,1.0828369855880737,1.0827198028564453,1.0828369855880737,0
2024-10-30 00:30:00+00:00,1.0824854373931885,1.0824854373931885,1.082602620124817,1.0824854373931885,1.0824854373931885,0
2024-10-30 00:35:00+00:00,1.082602620124817,1.082602620124817,1.082602620124817,1.0824854373931885,1.0824854373931885,0
2024-10-30 00:40:00+00:00,1.08236825466156,1.08236825466156,1.082602620124817,1.08236825466156,1.082602620124817,0
2024-10-30 00:45:00+00:00,1.0824854373931885,1.0824854373931885,1.082602620124817,1.0824854373931885,1.0824854373931885,0
2024-10-30 00:50:00+00:00,1.0824854373931885,1.0824854373931885,1.0824854373931885,1.0824854373931885,1.0824854373931885,0
2024-10-30 00:55:00+00:00,1.0824854373931885,1.0824854373931885,1.0824854373931885,1.0824854373931885,1.0824854373931885,0
2024-10-30 01:00:00+00:00,1.0824854373931885,1.0824854373931885,1.0824854373931885,1.0824854373931885,1.0824854373931885,0
2024-10-30 01:05:00+00:00,1.0824854373931885,1.0824854373931885,1.0824854373931885,1.08236825466156,1.08236825466156,0
2024-10-30 01:10:00+00:00,1.0824854373931885,1.0824854373931885,1.0824854373931885,1.08236825466156,1.08236825466156,0
2024-10-30 01:15:00+00:00,1.08236825466156,1.08236825466156,1.082602620124817,1.08236825466156,1.082602620124817,0
2024-10-30 01:20:00+00:00,1.0827198028564453,1.0827198028564453,1.0827198028564453,1.08236825466156,1.08236825466156,0
2024-10-30 01:25:00+00:00,1.0828369855880737,1.0828369855880737,1.0828369855880737,1.0827198028564453,1.0827198028564453,0
2024-10-30 01:30:00+00:00,1.082602620124817,1.082602620124817,1.0828369855880737,1.082602620124817,1.0828369855880737,0
2024-10-30 01:35:00+00:00,1.0827198028564453,1.0827198028564453,1.0827198028564453,1.082602620124817,1.082602620124817,0
2024-10-30 01:40:00+00:00,1.082602620124817,1.082602620124817,1.0827198028564453,1.082602620124817,1.0827198028564453,0
2024-10-30 01:45:00+00:00,1.0824854373931885,1.0824854373931885,1.082602620124817,1.0824854373931885,1.082602620124817,0
2024-10-30 01:50:00+00:00,1.0824854373931885,1.0824854373931885,1.0824854373931885,1.0824854373931885,1.0824854373931885,0
2024-10-30 01:55:00+00:00,1.0824854373931885,1.0824854373931885,1.0824854373931885,1.08236825466156,1.0824854373931885,0
2024-10-30 02:00:00+00:00,1.08236825466156,1.08236825466156,1.08236825466156,1.08236825466156,1.08236825466156,0
2024-10-30 02:05:00+00:00,1.0821340084075928,1.0821340084075928,1.08236825466156,1.0821340084075928,1.08236825466156,0
2024-10-30 02:10:00+00:00,1.08236825466156,1.08236825466156,1.08236825466156,1.0821340084075928,1.0821340084075928,0
2024-10-30 02:15:00+00:00,1.08236825466156,1.08236825466156,1.08236825466156,1.0822510719299316,1.08236825466156,0
2024-10-30 02:20:00+00:00,1.0821340084075928,1.0821340084075928,1.08236825466156,1.0821340084075928,1.08236825466156,0
2024-10-30 02:25:00+00:00,1.0821340084075928,1.0821340084075928,1.0822510719299316,1.0821340084075928,1.0822510719299316,0
2024-10-30 02:30:00+00:00,1.0821340084075928,1.0821340084075928,1.0821340084075928,1.0821340084075928,1.0821340084075928,0
2024-10-30 02:35:00+00:00,1.0821340084075928,1.0821340084075928,1.0821340084075928,1.0820168256759644,1.0821340084075928,0
2024-10-30 02:40:00+00:00,1.0821340084075928,1.0821340084075928,1.0821340084075928,1.0821340084075928,1.0821340084075928,0
2024-10-30 02:45:00+00:00,1.0821340084075928,1.0821340084075928,1.0821340084075928,1.0820168256759644,1.0821340084075928,0
2024-10-30 02:50:00+00:00,1.0822510719299316,1.0822510719299316,1.0822510719299316,1.0821340084075928,1.0821340084075928,0
2024-10-30 02:55:00+00:00,1.0821340084075928,1.0821340084075928,1.0822510719299316,1.0821340084075928,1.0821340084075928,0
2024-10-30 03:00:00+00:00,1.0820168256759644,1.0820168256759644,1.0820168256759644,1.0820168256759644,1.0820168256759644,0
2024-10-30 03:05:00+00:00,1.0820168256759644,1.0820168256759644,1.0821340084075928,1.0820168256759644,1.0820168256759644,0
2024-10-30 03:10:00+00:00,1.0820168256759644,1.0820168256759644,1.0820168256759644,1.0820168256759644,1.0820168256759644,0
2024-10-30 03:15:00+00:00,1.0818997621536255,1.0818997621536255,1.0820168256759644,1.0818997621536255,1.0820168256759644,0
2024-10-30 03:20:00+00:00,1.0818997621536255,1.0818997621536255,1.0818997621536255,1.0817828178405762,1.0817828178405762,0
2024-10-30 03:25:00+00:00,1.0817828178405762,1.0817828178405762,1.0818997621536255,1.0817828178405762,1.0818997621536255,0
2024-10-30 03:30:00+00:00,1.0817828178405762,1.0817828178405762,1.0818997621536255,1.0817828178405762,1.0817828178405762,0
2024-10-30 03:35:00+00:00,1.0816657543182373,1.0816657543182373,1.0816657543182373,1.0816657543182373,1.0816657543182373,0
2024-10-30 03:40:00+00:00,1.0817828178405762,1.0817828178405762,1.0818997621536255,1.0816657543182373,1.0816657543182373,0
2024-10-30 03:45:00+00:00,1.0817828178405762,1.0817828178405762,1.0817828178405762,1.0817828178405762,1.0817828178405762,0
2024-10-30 03:50:00+00:00,1.0816657543182373,1.0816657543182373,1.0817828178405762,1.0816657543182373,1.0817828178405762,0
2024-10-30 03:55:00+00:00,1.0816657543182373,1.0816657543182373,1.0817828178405762,1.0816657543182373,1.0816657543182373,0
2024-10-30 04:00:00+00:00,1.0816657543182373,1.0816657543182373,1.0816657543182373,1.0816657543182373,1.0816657543182373,0
2024-10-30 04:05:00+00:00,1.0816657543182373,1.0816657543182373,1.0816657543182373,1.0816657543182373,1.0816657543182373,0
2024-10-30 04:10:00+00:00,1.0817828178405762,1.0817828178405762,1.0817828178405762,1.0816657543182373,1.0816657543182373,0
2024-10-30 04:15:00+00:00,1.0817828178405762,1.0817828178405762,1.0817828178405762,1.0816657543182373,1.0817828178405762,0
2024-10-30 04:20:00+00:00,1.0816657543182373,1.0816657543182373,1.0817828178405762,1.0816657543182373,1.0817828178405762,0
2024-10-30 04:25:00+00:00,1.0818997621536255,1.0818997621536255,1.0818997621536255,1.0816657543182373,1.0817828178405762,0
2024-10-30 04:30:00+00:00,1.0820168256759644,1.0820168256759644,1.0820168256759644,1.0818997621536255,1.0818997621536255,0
2024-10-30 04:35:00+00:00,1.0820168256759644,1.0820168256759644,1.0821340084075928,1.0820168256759644,1.0821340084075928,0
2024-10-30 04:40:00+00:00,1.0820168256759644,1.0820168256759644,1.0820168256759644,1.0818997621536255,1.0820168256759644,0
2024-10-30 04:45:00+00:00,1.0820168256759644,1.0820168256759644,1.0820168256759644,1.0820168256759644,1.0820168256759644,0
2024-10-30 04:50:00+00:00,1.0820168256759644,1.0820168256759644,1.0820168256759644,1.0820168256759644,1.0820168256759644,0
2024-10-30 04:55:00+00:00,1.0818997621536255,1.0818997621536255,1.0820168256759644,1.0818997621536255,1.0818997621536255,0
2024-10-30 05:00:00+00:00,1.0817828178405762,1.0817828178405762,1.0820168256759644,1.0817828178405762,1.0820168256759644,0
2024-10-30 05:05:00+00:00,1.0817828178405762,1.0817828178405762,1.0817828178405762,1.0817828178405762,1.0817828178405762,0
2024-10-30 05:10:00+00:00,1.0818997621536255,1.0818997621536255,1.0818997621536255,1.0817828178405762,1.0817828178405762,0
2024-10-30 05:15:00+00:00,1.0817828178405762,1.0817828178405762,1.0818997621536255,1.0817828178405762,1.0818997621536255,0
2024-10-30 05:20:00+00:00,1.0817828178405762,1.0817828178405762,1.0818997621536255,1.0817828178405762,1.0817828178405762,0
2024-10-30 05:25:00+00:00,1.0818997621536255,1.0818997621536255,1.0818997621536255,1.0818997621536255,1.0818997621536255,0
2024-10-30 05:30:00+00:00,1.0817828178405762,1.0817828178405762,1.0818997621536255,1.0817828178405762,1.0818997621536255,0
2024-10-30 05:35:00+00:00,1.0817828178405762,1.0817828178405762,1.0817828178405762,1.0817828178405762,1.0817828178405762,0
2024-10-30 05:40:00+00:00,1.0817828178405762,1.0817828178405762,1.0817828178405762,1.0817828178405762,1.0817828178405762,0
2024-10-30 05:45:00+00:00,1.0817828178405762,1.0817828178405762,1.0817828178405762,1.0816657543182373,1.0817828178405762,0
2024-10-30 05:50:00+00:00,1.0817828178405762,1.0817828178405762,1.0817828178405762,1.0816657543182373,1.0817828178405762,0
2024-10-30 05:55:00+00:00,1.0818997621536255,1.0818997621536255,1.0818997621536255,1.0817828178405762,1.0817828178405762,0
2024-10-30 06:00:00+00:00,1.0821340084075928,1.0821340084075928,1.0821340084075928,1.0820168256759644,1.0820168256759644,0
2024-10-30 06:05:00+00:00,1.0822510719299316,1.0822510719299316,1.0822510719299316,1.0821340084075928,1.0821340084075928,0
2024-10-30 06:10:00+00:00,1.0822510719299316,1.0822510719299316,1.0822510719299316,1.0821340084075928,1.0821340084075928,0
2024-10-30 06:15:00+00:00,1.0822510719299316,1.0822510719299316,1.0822510719299316,1.0821340084075928,1.0821340084075928,0
2024-10-30 06:20:00+00:00,1.0822510719299316,1.0822510719299316,1.0822510719299316,1.0822510719299316,1.0822510719299316,0
2024-10-30 06:25:00+00:00,1.08236825466156,1.08236825466156,1.08236825466156,1.08236825466156,1.08236825466156,0
2024-10-30 06:30:00+00:00,1.082602620124817,1.082602620124817,1.0827198028564453,1.082602620124817,1.0827198028564453,0
2024-10-30 06:35:00+00:00,1.0827198028564453,1.0827198028564453,1.0827198028564453,1.082602620124817,1.082602620124817,0
2024-10-30 06:40:00+00:00,1.0827198028564453,1.0827198028564453,1.0827198028564453,1.082602620124817,1.0827198028564453,0
2024-10-30 06:45:00+00:00,1.0829542875289917,1.0829542875289917,1.0829542875289917,1.0827198028564453,1.0828369855880737,0
2024-10-30 06:50:00+00:00,1.0827198028564453,1.0827198028564453,1.0828369855880737,1.0827198028564453,1.0828369855880737,0
2024-10-30 06:55:00+00:00,1.082602620124817,1.082602620124817,1.082602620124817,1.082602620124817,1.082602620124817,0
2024-10-30 07:00:00+00:00,1.0824854373931885,1.0824854373931885,1.082602620124817,1.0824854373931885,1.082602620124817,0
2024-10-30 07:05:00+00:00,1.0822510719299316,1.0822510719299316,1.08236825466156,1.0822510719299316,1.08236825466156,0
2024-10-30 07:10:00+00:00,1.08236825466156,1.08236825466156,1.08236825466156,1.0821340084075928,1.0821340084075928,0
2024-10-30 07:15:00+00:00,1.0822510719299316,1.0822510719299316,1.0824854373931885,1.0822510719299316,1.0824854373931885,0
2024-10-30 07:20:00+00:00,1.0822510719299316,1.0822510719299316,1.08236825466156,1.0822510719299316,1.0822510719299316,0
2024-10-30 07:25:00+00:00,1.0822510719299316,1.0822510719299316,1.0822510719299316,1.0822510719299316,1.0822510719299316,0
2024-10-30 07:30:00+00:00,1.0822510719299316,1.0822510719299316,1.0824854373931885,1.0822510719299316,1.0824854373931885,0
2024-10-30 07:35:00+00:00,1.0822510719299316,1.0822510719299316,1.0822510719299316,1.0822510719299316,1.0822510719299316,0
2024-10-30 07:40:00+00:00,1.0820168256759644,1.0820168256759644,1.0821340084075928,1.0820168256759644,1.0821340084075928,0
2024-10-30 07:45:00+00:00,1.0820168256759644,1.0820168256759644,1.0820168256759644,1.0818997621536255,1.0820168256759644,0
2024-10-30 07:50:00+00:00,1.0821340084075928,1.0821340084075928,1.0821340084075928,1.0820168256759644,1.0820168256759644,0
2024-10-30 07:55:00+00:00,1.0821340084075928,1.0821340084075928,1.08236825466156,1.0821340084075928,1.0822510719299316,0
2024-10-30 08:00:00+00:00,1.0828369855880737,1.0828369855880737,1.0829542875289917,1.0828369855880737,1.0829542875289917,0
2024-10-30 08:05:00+00:00,1.0836584568023682,1.0836584568023682,1.0836584568023682,1.0828369855880737,1.0828369855880737,0
2024-10-30 08:10:00+00:00,1.0841283798217773,1.0841283798217773,1.0841283798217773,1.0837758779525757,1.0841283798217773,0
2024-10-30 08:15:00+00:00,1.084481120109558,1.084481120109558,1.0845986604690552,1.0843634605407715,1.0845986604690552,0
2024-10-30 08:20:00+00:00,1.084481120109558,1.084481120109558,1.084481120109558,1.0842459201812744,1.0843634605407715,0
2024-10-30 08:25:00+00:00,1.0847163200378418,1.0847163200378418,1.0847163200378418,1.0843634605407715,1.0843634605407715,0
2024-10-30 08:30:00+00:00,1.0842459201812744,1.0842459201812744,1.084481120109558,1.0841283798217773,1.084481120109558,0
2024-10-30 08:35:00+00:00,1.084481120109558,1.084481120109558,1.0845986604690552,1.0843634605407715,1.0843634605407715,0
2024-10-30 08:40:00+00:00,1.084481120109558,1.084481120109558,1.0845986604690552,1.084481120109558,1.0845986604690552,0
2024-10-30 08:45:00+00:00,1.0843634605407715,1.0843634605407715,1.084481120109558,1.0843634605407715,1.084481120109558,0
2024-10-30 08:50:00+00:00,1.084481120109558,1.084481120109558,1.084481120109558,1.0842459201812744,1.0842459201812744,0
2024-10-30 08:55:00+00:00,1.0837758779525757,1.0837758779525757,1.0841283798217773,1.0837758779525757,1.0841283798217773,0
2024-10-30 09:00:00+00:00,1.085894227027893,1.085894227027893,1.085894227027893,1.0849517583847046,1.0849517583847046,0
2024-10-30 09:05:00+00:00,1.0853049755096436,1.0853049755096436,1.0857763290405273,1.0853049755096436,1.0857763290405273,0
2024-10-30 09:10:00+00:00,1.0848339796066284,1.0848339796066284,1.0853049755096436,1.0848339796066284,1.0853049755096436,0
2024-10-30 09:15:00+00:00,1.0845986604690552,1.0845986604690552,1.0849517583847046,1.0845986604690552,1.0847163200378418,0
2024-10-30 09:20:00+00:00,1.0842459201812744,1.0842459201812744,1.084481120109558,1.0840108394622803,1.084481120109558,0
2024-10-30 09:25:00+00:00,1.0841283798217773,1.0841283798217773,1.0841283798217773,1.0838934183120728,1.0841283798217773,0
2024-10-30 09:30:00+00:00,1.0836584568023682,1.0836584568023682,1.0838934183120728,1.0836584568023682,1.0838934183120728,0
2024-10-30 09:35:00+00:00,1.0840108394622803,1.0840108394622803,1.0840108394622803,1.0836584568023682,1.0837758779525757,0
2024-10-30 09:40:00+00:00,1.0838934183120728,1.0838934183120728,1.0841283798217773,1.0838934183120728,1.0840108394622803,0
2024-10-30 09:45:00+00:00,1.0840108394622803,1.0840108394622803,1.0840108394622803,1.0836584568023682,1.0836584568023682,0
2024-10-30 09:50:00+00:00,1.0841283798217773,1.0841283798217773,1.0841283798217773,1.0840108394622803,1.0840108394622803,0
2024-10-30 09:55:00+00:00,1.084481120109558,1.084481120109558,1.084481120109558,1.0841283798217773,1.0841283798217773,0
2024-10-30 10:00:00+00:00,1.0842459201812744,1.0842459201812744,1.084481120109558,1.0840108394622803,1.084481120109558,0
2024-10-30 10:05:00+00:00,1.0841283798217773,1.0841283798217773,1.0842459201812744,1.0841283798217773,1.0841283798217773,0
2024-10-30 10:10:00+00:00,1.0845986604690552,1.0845986604690552,1.0845986604690552,1.0842459201812744,1.0842459201812744,0
2024-10-30 10:15:00+00:00,1.0843634605407715,1.0843634605407715,1.0845986604690552,1.0843634605407715,1.0845986604690552,0
2024-10-30 10:20:00+00:00,1.084481120109558,1.084481120109558,1.084481120109558,1.0843634605407715,1.084481120109558,0
2024-10-30 10:25:00+00:00,1.0841283798217773,1.0841283798217773,1.0843634605407715,1.0837758779525757,1.0843634605407715,0
2024-10-30 10:30:00+00:00,1.0837758779525757,1.0837758779525757,1.0840108394622803,1.0837758779525757,1.0838934183120728,0
2024-10-30 10:35:00+00:00,1.0836584568023682,1.0836584568023682,1.0837758779525757,1.0835410356521606,1.0836584568023682,0
2024-10-30 10:40:00+00:00,1.0836584568023682,1.0836584568023682,1.0836584568023682,1.0835410356521606,1.0835410356521606,0
2024-10-30 10:45:00+00:00,1.0838934183120728,1.0838934183120728,1.0838934183120728,1.0836584568023682,1.0836584568023682,0
2024-10-30 10:50:00+00:00,1.0836584568023682,1.0836584568023682,1.0837758779525757,1.0836584568023682,1.0837758779525757,0
2024-10-30 10:55:00+00:00,1.0836584568023682,1.0836584568023682,1.0837758779525757,1.0835410356521606,1.0837758779525757,0
2024-10-30 11:00:00+00:00,1.0836584568023682,1.0836584568023682,1.0838934183120728,1.0835410356521606,1.0838934183120728,0
2024-10-30 11:05:00+00:00,1.0835410356521606,1.0835410356521606,1.0836584568023682,1.0834236145019531,1.0836584568023682,0
2024-10-30 11:10:00+00:00,1.0834236145019531,1.0834236145019531,1.0836584568023682,1.0833063125610352,1.0836584568023682,0
2024-10-30 11:15:00+00:00,1.0835410356521606,1.0835410356521606,1.0835410356521606,1.0834236145019531,1.0834236145019531,0
2024-10-30 11:20:00+00:00,1.0836584568023682,1.0836584568023682,1.0837758779525757,1.0835410356521606,1.0837758779525757,0
2024-10-30 11:25:00+00:00,1.0834236145019531,1.0834236145019531,1.0835410356521606,1.0833063125610352,1.0835410356521606,0
2024-10-30 11:30:00+00:00,1.0834236145019531,1.0834236145019531,1.0836584568023682,1.0834236145019531,1.0835410356521606,0
2024-10-30 11:35:00+00:00,1.0831888914108276,1.0831888914108276,1.0834236145019531,1.0831888914108276,1.0834236145019531,0
2024-10-30 11:40:00+00:00,1.0830715894699097,1.0830715894699097,1.0833063125610352,1.0830715894699097,1.0833063125610352,0
2024-10-30 11:45:00+00:00,1.0827198028564453,1.0827198028564453,1.0829542875289917,1.0827198028564453,1.0829542875289917,0
2024-10-30 11:50:00+00:00,1.082602620124817,1.082602620124817,1.082602620124817,1.0824854373931885,1.082602620124817,0
2024-10-30 11:55:00+00:00,1.0827198028564453,1.0827198028564453,1.0828369855880737,1.082602620124817,1.082602620124817,0
2024-10-30 12:00:00+00:00,1.0829542875289917,1.0829542875289917,1.0829542875289917,1.0827198028564453,1.0827198028564453,0
2024-10-30 12:05:00+00:00,1.0830715894699097,1.0830715894699097,1.0831888914108276,1.0830715894699097,1.0830715894699097,0
2024-10-30 12:10:00+00:00,1.0829542875289917,1.0829542875289917,1.0829542875289917,1.0829542875289917,1.0829542875289917,0
2024-10-30 12:15:00+00:00,1.0816657543182373,1.0816657543182373,1.0820168256759644,1.0816657543182373,1.0820168256759644,0
2024-10-30 12:20:00+00:00,1.0813149213790894,1.0813149213790894,1.0817828178405762,1.0813149213790894,1.0817828178405762,0
2024-10-30 12:25:00+00:00,1.081548810005188,1.081548810005188,1.081548810005188,1.0813149213790894,1.0813149213790894,0
2024-10-30 12:30:00+00:00,1.0813149213790894,1.0813149213790894,1.0814317464828491,1.0813149213790894,1.0813149213790894,0
2024-10-30 12:35:00+00:00,1.0818997621536255,1.0818997621536255,1.0818997621536255,1.081548810005188,1.081548810005188,0
2024-10-30 12:40:00+00:00,1.0814317464828491,1.0814317464828491,1.0816657543182373,1.0814317464828491,1.0816657543182373,0
2024-10-30 12:45:00+00:00,1.081548810005188,1.081548810005188,1.081548810005188,1.0813149213790894,1.0814317464828491,0
2024-10-30 12:50:00+00:00,1.0817828178405762,1.0817828178405762,1.0818997621536255,1.081548810005188,1.0816657543182373,0
2024-10-30 12:55:00+00:00,1.0816657543182373,1.0816657543182373,1.0816657543182373,1.0814317464828491,1.081548810005188,0
2024-10-30 13:00:00+00:00,1.0820168256759644,1.0820168256759644,1.0821340084075928,1.0820168256759644,1.0820168256759644,0
2024-10-30 13:05:00+00:00,1.0817828178405762,1.0817828178405762,1.0821340084075928,1.0817828178405762,1.0821340084075928,0
2024-10-30 13:10:00+00:00,1.081548810005188,1.081548810005188,1.0818997621536255,1.081548810005188,1.0818997621536255,0
2024-10-30 13:15:00+00:00,1.0820168256759644,1.0820168256759644,1.0820168256759644,1.0816657543182373,1.0816657543182373,0
2024-10-30 13:20:00+00:00,1.0822510719299316,1.0822510719299316,1.0822510719299316,1.0820168256759644,1.0820168256759644,0
2024-10-30 13:25:00+00:00,1.08236825466156,1.08236825466156,1.08236825466156,1.0821340084075928,1.0822510719299316,0
2024-10-30 13:30:00+00:00,1.0824854373931885,1.0824854373931885,1.082602620124817,1.08236825466156,1.08236825466156,0
2024-10-30 13:35:00+00:00,1.0831888914108276,1.0831888914108276,1.0831888914108276,1.082602620124817,1.082602620124817,0
2024-10-30 13:40:00+00:00,1.0834236145019531,1.0834236145019531,1.0834236145019531,1.0829542875289917,1.0831888914108276,0
2024-10-30 13:45:00+00:00,1.0836584568023682,1.0836584568023682,1.0837758779525757,1.0833063125610352,1.0833063125610352,0
2024-10-30 13:50:00+00:00,1.0842459201812744,1.0842459201812744,1.0842459201812744,1.0837758779525757,1.0837758779525757,0
2024-10-30 13:55:00+00:00,1.0845986604690552,1.0845986604690552,1.0845986604690552,1.0843634605407715,1.0843634605407715,0
2024-10-30 14:00:00+00:00,1.0849517583847046,1.0849517583847046,1.0850694179534912,1.0845986604690552,1.0845986604690552,0
2024-10-30 14:05:00+00:00,1.0851871967315674,1.0851871967315674,1.0854227542877197,1.0848339796066284,1.0848339796066284,0
2024-10-30 14:10:00+00:00,1.0855406522750854,1.0855406522750854,1.0855406522750854,1.0849517583847046,1.0849517583847046,0
2024-10-30 14:15:00+00:00,1.0849517583847046,1.0849517583847046,1.0856584310531616,1.0849517583847046,1.0856584310531616,0
2024-10-30 14:20:00+00:00,1.0850694179534912,1.0850694179534912,1.0851871967315674,1.0848339796066284,1.0848339796066284,0
2024-10-30 14:25:00+00:00,1.0850694179534912,1.0850694179534912,1.0854227542877197,1.0849517583847046,1.0849517583847046,0
2024-10-30 14:30:00+00:00,1.0851871967315674,1.0851871967315674,1.0851871967315674,1.0850694179534912,1.0851871967315674,0
2024-10-30 14:35:00+00:00,1.0857763290405273,1.0857763290405273,1.0857763290405273,1.0854227542877197,1.0854227542877197,0
2024-10-30 14:40:00+00:00,1.0856584310531616,1.0856584310531616,1.0856584310531616,1.0851871967315674,1.0856584310531616,0
2024-10-30 14:45:00+00:00,1.085894227027893,1.085894227027893,1.0860122442245483,1.0855406522750854,1.0855406522750854,0
2024-10-30 14:50:00+00:00,1.0855406522750854,1.0855406522750854,1.0857763290405273,1.0853049755096436,1.0857763290405273,0
2024-10-30 14:55:00+00:00,1.0851871967315674,1.0851871967315674,1.0853049755096436,1.0850694179534912,1.0853049755096436,0
2024-10-30 15:00:00+00:00,1.0847163200378418,1.0847163200378418,1.0850694179534912,1.0847163200378418,1.0850694179534912,0
2024-10-30 15:05:00+00:00,1.0853049755096436,1.0853049755096436,1.0853049755096436,1.084481120109558,1.084481120109558,0
2024-10-30 15:10:00+00:00,1.0856584310531616,1.0856584310531616,1.0856584310531616,1.0851871967315674,1.0851871967315674,0
2024-10-30 15:15:00+00:00,1.085894227027893,1.085894227027893,1.085894227027893,1.085894227027893,1.085894227027893,0
2024-10-30 15:20:00+00:00,1.086130142211914,1.086130142211914,1.086130142211914,1.085894227027893,1.0860122442245483,0
2024-10-30 15:25:00+00:00,1.0860122442245483,1.0860122442245483,1.086130142211914,1.0860122442245483,1.086130142211914,0
2024-10-30 15:30:00+00:00,1.0860122442245483,1.0860122442245483,1.0863661766052246,1.0860122442245483,1.086130142211914,0
2024-10-30 15:35:00+00:00,1.0862481594085693,1.0862481594085693,1.0862481594085693,1.0860122442245483,1.086130142211914,0
2024-10-30 15:40:00+00:00,1.0866022109985352,1.0866022109985352,1.0866022109985352,1.0863661766052246,1.0863661766052246,0
2024-10-30 15:45:00+00:00,1.0866022109985352,1.0866022109985352,1.0866022109985352,1.0864840745925903,1.0866022109985352,0
2024-10-30 15:50:00+00:00,1.08672034740448,1.08672034740448,1.08695650100708,1.08672034740448,1.0868383646011353,0
2024-10-30 15:55:00+00:00,1.08672034740448,1.08672034740448,1.08672034740448,1.0866022109985352,1.08672034740448,0
2024-10-30 16:00:00+00:00,1.0866022109985352,1.0866022109985352,1.08672034740448,1.0863661766052246,1.0863661766052246,0
2024-10-30 16:05:00+00:00,1.086130142211914,1.086130142211914,1.0864840745925903,1.086130142211914,1.0864840745925903,0
2024-10-30 16:10:00+00:00,1.0862481594085693,1.0862481594085693,1.0863661766052246,1.086130142211914,1.086130142211914,0
2024-10-30 16:15:00+00:00,1.0862481594085693,1.0862481594085693,1.0864840745925903,1.0862481594085693,1.0863661766052246,0
2024-10-30 16:20:00+00:00,1.0863661766052246,1.0863661766052246,1.0863661766052246,1.0862481594085693,1.0863661766052246,0
2024-10-30 16:25:00+00:00,1.0862481594085693,1.0862481594085693,1.0863661766052246,1.0862481594085693,1.0862481594085693,0
2024-10-30 16:30:00+00:00,1.0864840745925903,1.0864840745925903,1.0864840745925903,1.086130142211914,1.0862481594085693,0
2024-10-30 16:35:00+00:00,1.0864840745925903,1.0864840745925903,1.0864840745925903,1.0863661766052246,1.0863661766052246,0
2024-10-30 16:40:00+00:00,1.0862481594085693,1.0862481594085693,1.0862481594085693,1.0862481594085693,1.0862481594085693,0
2024-10-30 16:45:00+00:00,1.0866022109985352,1.0866022109985352,1.08672034740448,1.086130142211914,1.086130142211914,0
2024-10-30 16:50:00+00:00,1.0866022109985352,1.0866022109985352,1.0866022109985352,1.0866022109985352,1.0866022109985352,0
2024-10-30 16:55:00+00:00,1.0863661766052246,1.0863661766052246,1.0866022109985352,1.0863661766052246,1.0864840745925903,0
2024-10-30 17:00:00+00:00,1.0860122442245483,1.0860122442245483,1.0864840745925903,1.0860122442245483,1.0864840745925903,0
2024-10-30 17:05:00+00:00,1.0856584310531616,1.0856584310531616,1.0860122442245483,1.0856584310531616,1.0860122442245483,0
2024-10-30 17:10:00+00:00,1.086130142211914,1.086130142211914,1.086130142211914,1.0856584310531616,1.0856584310531616,0
2024-10-30 17:15:00+00:00,1.0862481594085693,1.0862481594085693,1.0862481594085693,1.086130142211914,1.086130142211914,0
2024-10-30 17:20:00+00:00,1.0862481594085693,1.0862481594085693,1.0864840745925903,1.086130142211914,1.086130142211914,0
2024-10-30 17:25:00+00:00,1.08672034740448,1.08672034740448,1.08672034740448,1.0863661766052246,1.0863661766052246,0
2024-10-30 17:30:00+00:00,1.0866022109985352,1.0866022109985352,1.08672034740448,1.0863661766052246,1.0863661766052246,0
2024-10-30 17:35:00+00:00,1.08695650100708,1.08695650100708,1.087074637413025,1.08695650100708,1.08695650100708,0
2024-10-30 17:40:00+00:00,1.087074637413025,1.087074637413025,1.087074637413025,1.0868383646011353,1.0868383646011353,0
2024-10-30 17:45:00+00:00,1.0868383646011353,1.0868383646011353,1.0871928930282593,1.0868383646011353,1.08695650100708,0
2024-10-30 17:50:00+00:00,1.08672034740448,1.08672034740448,1.08695650100708,1.08672034740448,1.0868383646011353,0
2024-10-30 17:55:00+00:00,1.08695650100708,1.08695650100708,1.08695650100708,1.08672034740448,1.08672034740448,0
2024-10-30 18:00:00+00:00,1.08695650100708,1.08695650100708,1.08695650100708,1.0868383646011353,1.08695650100708,0
2024-10-30 18:05:00+00:00,1.0871928930282593,1.0871928930282593,1.0871928930282593,1.08695650100708,1.08695650100708,0
2024-10-30 18:10:00+00:00,1.087074637413025,1.087074637413025,1.0871928930282593,1.08695650100708,1.0871928930282593,0
2024-10-30 18:15:00+00:00,1.087311029434204,1.087311029434204,1.087311029434204,1.0871928930282593,1.0871928930282593,0
2024-10-30 18:20:00+00:00,1.087311029434204,1.087311029434204,1.087311029434204,1.087311029434204,1.087311029434204,0
2024-10-30 18:25:00+00:00,1.087074637413025,1.087074637413025,1.0871928930282593,1.087074637413025,1.0871928930282593,0
2024-10-30 18:30:00+00:00,1.087074637413025,1.087074637413025,1.087074637413025,1.087074637413025,1.087074637413025,0
2024-10-30 18:35:00+00:00,1.0871928930282593,1.0871928930282593,1.087311029434204,1.0871928930282593,1.0871928930282593,0
2024-10-30 18:40:00+00:00,1.0871928930282593,1.0871928930282593,1.0871928930282593,1.0871928930282593,1.0871928930282593,0
2024-10-30 18:45:00+00:00,1.0871928930282593,1.0871928930282593,1.087311029434204,1.0871928930282593,1.087311029434204,0
2024-10-30 18:50:00+00:00,1.0874292850494385,1.0874292850494385,1.0874292850494385,1.087311029434204,1.087311029434204,0
2024-10-30 18:55:00+00:00,1.0871928930282593,1.0871928930282593,1.087311029434204,1.0871928930282593,1.087311029434204,0
2024-10-30 19:00:00+00:00,1.08672034740448,1.08672034740448,1.087074637413025,1.08672034740448,1.087074637413025,0
2024-10-30 19:05:00+00:00,1.0863661766052246,1.0863661766052246,1.0866022109985352,1.0863661766052246,1.0864840745925903,0
2024-10-30 19:10:00+00:00,1.0863661766052246,1.0863661766052246,1.0864840745925903,1.0862481594085693,1.0863661766052246,0
2024-10-30 19:15:00+00:00,1.086130142211914,1.086130142211914,1.086130142211914,1.0860122442245483,1.086130142211914,0
2024-10-30 19:20:00+00:00,1.0862481594085693,1.0862481594085693,1.0862481594085693,1.086130142211914,1.0862481594085693,0
2024-10-30 19:25:00+00:00,1.0863661766052246,1.0863661766052246,1.0863661766052246,1.0862481594085693,1.0862481594085693,0
2024-10-30 19:30:00+00:00,1.0866022109985352,1.0866022109985352,1.0866022109985352,1.0863661766052246,1.0863661766052246,0
2024-10-30 19:35:00+00:00,1.0866022109985352,1.0866022109985352,1.0866022109985352,1.0864840745925903,1.0866022109985352,0
2024-10-30 19:40:00+00:00,1.0864840745925903,1.0864840745925903,1.0866022109985352,1.0864840745925903,1.0864840745925903,0
2024-10-30 19:45:00+00:00,1.0864840745925903,1.0864840745925903,1.0864840745925903,1.0863661766052246,1.0864840745925903,0
2024-10-30 19:50:00+00:00,1.0863661766052246,1.0863661766052246,1.0864840745925903,1.0863661766052246,1.0864840745925903,0
2024-10-30 19:55:00+00:00,1.0863661766052246,1.0863661766052246,1.0863661766052246,1.086130142211914,1.0863661766052246,0
2024-10-30 20:00:00+00:00,1.0863661766052246,1.0863661766052246,1.0863661766052246,1.0862481594085693,1.0862481594085693,0
2024-10-30 20:05:00+00:00,1.0864840745925903,1.0864840745925903,1.0864840745925903,1.0863661766052246,1.0863661766052246,0
2024-10-30 20:10:00+00:00,1.0862481594085693,1.0862481594085693,1.0864840745925903,1.0862481594085693,1.0864840745925903,0
2024-10-30 20:15:00+00:00,1.086130142211914,1.086130142211914,1.0862481594085693,1.086130142211914,1.0862481594085693,0
2024-10-30 20:20:00+00:00,1.0860122442245483,1.0860122442245483,1.086130142211914,1.0860122442245483,1.086130142211914,0
2024-10-30 20:25:00+00:00,1.085894227027893,1.085894227027893,1.0860122442245483,1.085894227027893,1.0860122442245483,0
2024-10-30 20:30:00+00:00,1.086130142211914,1.086130142211914,1.086130142211914,1.0860122442245483,1.0860122442245483,0
2024-10-30 20:35:00+00:00,1.0862481594085693,1.0862481594085693,1.0862481594085693,1.086130142211914,1.086130142211914,0
2024-10-30 20:40:00+00:00,1.0862481594085693,1.0862481594085693,1.0862481594085693,1.0862481594085693,1.0862481594085693,0
2024-10-30 20:45:00+00:00,1.086130142211914,1.086130142211914,1.086130142211914,1.086130142211914,1.086130142211914,0
2024-10-30 20:50:00+00:00,1.085894227027893,1.085894227027893,1.0860122442245483,1.085894227027893,1.0860122442245483,0
2024-10-30 20:55:00+00:00,1.0860122442245483,1.0860122442245483,1.0860122442245483,1.085894227027893,1.085894227027893,0
2024-10-30 21:00:00+00:00,1.0856584310531616,1.0856584310531616,1.086130142211914,1.0856584310531616,1.085894227027893,0
2024-10-30 21:05:00+00:00,1.0860122442245483,1.0860122442245483,1.0862481594085693,1.0856584310531616,1.0856584310531616,0
2024-10-30 21:10:00+00:00,1.086130142211914,1.086130142211914,1.0863661766052246,1.0860122442245483,1.0863661766052246,0
2024-10-30 21:15:00+00:00,1.086130142211914,1.086130142211914,1.0862481594085693,1.086130142211914,1.086130142211914,0
2024-10-30 21:20:00+00:00,1.0860122442245483,1.0860122442245483,1.086130142211914,1.0860122442245483,1.086130142211914,0
2024-10-30 21:25:00+00:00,1.086130142211914,1.086130142211914,1.086130142211914,1.0857763290405273,1.086130142211914,0
2024-10-30 21:30:00+00:00,1.085894227027893,1.085894227027893,1.0862481594085693,1.085894227027893,1.086130142211914,0
2024-10-30 21:35:00+00:00,1.085894227027893,1.085894227027893,1.086130142211914,1.085894227027893,1.086130142211914,0
2024-10-30 21:40:00+00:00,1.085894227027893,1.085894227027893,1.0860122442245483,1.0857763290405273,1.0857763290405273,0
2024-10-30 21:45:00+00:00,1.086130142211914,1.086130142211914,1.086130142211914,1.085894227027893,1.085894227027893,0
2024-10-30 21:50:00+00:00,1.0857763290405273,1.0857763290405273,1.0860122442245483,1.0857763290405273,1.085894227027893,0
2024-10-30 21:55:00+00:00,1.085894227027893,1.085894227027893,1.086130142211914,1.0857763290405273,1.0857763290405273,0
2024-10-30 22:00:00+00:00,1.0860122442245483,1.0860122442245483,1.0860122442245483,1.0860122442245483,1.0860122442245483,0
2024-10-30 22:05:00+00:00,1.0860122442245483,1.0860122442245483,1.0860122442245483,1.0860122442245483,1.0860122442245483,0
2024-10-30 22:10:00+00:00,1.0857763290405273,1.0857763290405273,1.0860122442245483,1.0857763290405273,1.0860122442245483,0
2024-10-30 22:15:00+00:00,1.0860122442245483,1.0860122442245483,1.086130142211914,1.085894227027893,1.085894227027893,0
2024-10-30 22:20:00+00:00,1.085894227027893,1.085894227027893,1.0860122442245483,1.085894227027893,1.0860122442245483,0
2024-10-30 22:25:00+00:00,1.085894227027893,1.085894227027893,1.085894227027893,1.085894227027893,1.085894227027893,0
2024-10-30 22:30:00+00:00,1.085894227027893,1.085894227027893,1.0860122442245483,1.085894227027893,1.085894227027893,0
2024-10-30 22:35:00+00:00,1.085894227027893,1.085894227027893,1.085894227027893,1.085894227027893,1.085894227027893,0
2024-10-30 22:40:00+00:00,1.0860122442245483,1.0860122442245483,1.0860122442245483,1.085894227027893,1.085894227027893,0
2024-10-30 22:45:00+00:00,1.0860122442245483,1.0860122442245483,1.0860122442245483,1.085894227027893,1.085894227027893,0
2024-10-30 22:50:00+00:00,1.086130142211914,1.086130142211914,1.086130142211914,1.0860122442245483,1.0860122442245483,0
2024-10-30 22:55:00+00:00,1.086130142211914,1.086130142211914,1.086130142211914,1.0860122442245483,1.086130142211914,0
2024-10-30 23:00:00+00:00,1.0862481594085693,1.0862481594085693,1.0862481594085693,1.086130142211914,1.086130142211914,0
2024-10-30 23:05:00+00:00,1.0862481594085693,1.0862481594085693,1.0862481594085693,1.0862481594085693,1.0862481594085693,0
2024-10-30 23:10:00+00:00,1.0862481594085693,1.0862481594085693,1.0862481594085693,1.086130142211914,1.0862481594085693,0
2024-10-30 23:15:00+00:00,1.0862481594085693,1.0862481594085693,1.0862481594085693,1.086130142211914,1.0862481594085693,0
2024-10-30 23:20:00+00:00,1.086130142211914,1.086130142211914,1.0862481594085693,1.086130142211914,1.086130142211914,0
2024-10-30 23:25:00+00:00,1.0862481594085693,1.0862481594085693,1.0862481594085693,1.086130142211914,1.086130142211914,0
2024-10-30 23:30:00+00:00,1.0862481594085693,1.0862481594085693,1.0862481594085693,1.0862481594085693,1.0862481594085693,0
2024-10-30 23:35:00+00:00,1.0862481594085693,1.0862481594085693,1.0862481594085693,1.0862481594085693,1.0862481594085693,0
2024-10-30 23:40:00+00:00,1.0862481594085693,1.0862481594085693,1.0862481594085693,1.086130142211914,1.0862481594085693,0
2024-10-30 23:45:00+00:00,1.0862481594085693,1.0862481594085693,1.0862481594085693,1.0862481594085693,1.0862481594085693,0
2024-10-30 23:50:00+00:00,1.086130142211914,1.086130142211914,1.0862481594085693,1.086130142211914,1.086130142211914,0
2024-10-30 23:55:00+00:00,1.086130142211914,1.086130142211914,1.086130142211914,1.086130142211914,1.086130142211914,0
2024-10-31 00:00:00+00:00,1.0860122442245483,1.0860122442245483,1.086130142211914,1.085894227027893,1.086130142211914,0
2024-10-31 00:05:00+00:00,1.0860122442245483,1.0860122442245483,1.0860122442245483,1.085894227027893,1.0860122442245483,0
2024-10-31 00:10:00+00:00,1.086130142211914,1.086130142211914,1.086130142211914,1.086130142211914,1.086130142211914,0
2024-10-31 00:15:00+00:00,1.086130142211914,1.086130142211914,1.0862481594085693,1.086130142211914,1.0862481594085693,0
2024-10-31 00:20:00+00:00,1.0860122442245483,1.0860122442245483,1.086130142211914,1.085894227027893,1.086130142211914,0
2024-10-31 00:25:00+00:00,1.085894227027893,1.085894227027893,1.0860122442245483,1.085894227027893,1.0860122442245483,0
2024-10-31 00:30:00+00:00,1.0857763290405273,1.0857763290405273,1.0857763290405273,1.0857763290405273,1.0857763290405273,0
2024-10-31 00:35:00+00:00,1.0857763290405273,1.0857763290405273,1.0857763290405273,1.0857763290405273,1.0857763290405273,0
2024-10-31 00:40:00+00:00,1.085894227027893,1.085894227027893,1.085894227027893,1.0857763290405273,1.0857763290405273,0
2024-10-31 00:45:00+00:00,1.0857763290405273,1.0857763290405273,1.085894227027893,1.0857763290405273,1.085894227027893,0
2024-10-31 00:50:00+00:00,1.0856584310531616,1.0856584310531616,1.0857763290405273,1.0856584310531616,1.0857763290405273,0
2024-10-31 00:55:00+00:00,1.0856584310531616,1.0856584310531616,1.0856584310531616,1.0856584310531616,1.0856584310531616,0
2024-10-31 01:00:00+00:00,1.0857763290405273,1.0857763290405273,1.0857763290405273,1.0856584310531616,1.0856584310531616,0
2024-10-31 01:05:00+00:00,1.0860122442245483,1.0860122442245483,1.0860122442245483,1.0857763290405273,1.085894227027893,0
2024-10-31 01:10:00+00:00,1.0860122442245483,1.0860122442245483,1.086130142211914,1.0860122442245483,1.086130142211914,0
2024-10-31 01:15:00+00:00,1.0857763290405273,1.0857763290405273,1.0860122442245483,1.0857763290405273,1.0860122442245483,0
2024-10-31 01:20:00+00:00,1.0856584310531616,1.0856584310531616,1.0857763290405273,1.0856584310531616,1.0857763290405273,0
2024-10-31 01:25:00+00:00,1.0856584310531616,1.0856584310531616,1.0856584310531616,1.0856584310531616,1.0856584310531616,0
2024-10-31 01:30:00+00:00,1.0855406522750854,1.0855406522750854,1.0856584310531616,1.0855406522750854,1.0856584310531616,0
2024-10-31 01:35:00+00:00,1.0854227542877197,1.0854227542877197,1.0856584310531616,1.0854227542877197,1.0856584310531616,0
2024-10-31 01:40:00+00:00,1.0854227542877197,1.0854227542877197,1.0855406522750854,1.0854227542877197,1.0855406522750854,0
2024-10-31 01:45:00+00:00,1.0853049755096436,1.0853049755096436,1.0853049755096436,1.0853049755096436,1.0853049755096436,0
2024-10-31 01:50:00+00:00,1.0849517583847046,1.0849517583847046,1.0851871967315674,1.0849517583847046,1.0851871967315674,0
2024-10-31 01:55:00+00:00,1.0847163200378418,1.0847163200378418,1.0849517583847046,1.0847163200378418,1.0849517583847046,0
2024-10-31 02:00:00+00:00,1.0849517583847046,1.0849517583847046,1.0849517583847046,1.0848339796066284,1.0848339796066284,0
2024-10-31 02:05:00+00:00,1.0850694179534912,1.0850694179534912,1.0850694179534912,1.0849517583847046,1.0849517583847046,0
2024-10-31 02:10:00+00:00,1.0850694179534912,1.0850694179534912,1.0850694179534912,1.0849517583847046,1.0850694179534912,0
2024-10-31 02:15:00+00:00,1.0851871967315674,1.0851871967315674,1.0851871967315674,1.0850694179534912,1.0850694179534912,0
2024-10-31 02:20:00+00:00,1.0851871967315674,1.0851871967315674,1.0853049755096436,1.0851871967315674,1.0851871967315674,0
2024-10-31 02:25:00+00:00,1.0851871967315674,1.0851871967315674,1.0851871967315674,1.0851871967315674,1.0851871967315674,0
2024-10-31 02:30:00+00:00,1.0851871967315674,1.0851871967315674,1.0851871967315674,1.0850694179534912,1.0851871967315674,0
2024-10-31 02:35:00+00:00,1.0854227542877197,1.0854227542877197,1.0854227542877197,1.0853049755096436,1.0853049755096436,0
2024-10-31 02:40:00+00:00,1.0853049755096436,1.0853049755096436,1.0854227542877197,1.0853049755096436,1.0854227542877197,0
2024-10-31 02:45:00+00:00,1.0851871967315674,1.0851871967315674,1.0851871967315674,1.0851871967315674,1.0851871967315674,0
2024-10-31 02:50:00+00:00,1.0851871967315674,1.0851871967315674,1.0851871967315674,1.0850694179534912,1.0851871967315674,0
2024-10-31 02:55:00+00:00,1.0851871967315674,1.0851871967315674,1.0851871967315674,1.0850694179534912,1.0850694179534912,0
2024-10-31 03:00:00+00:00,1.0853049755096436,1.0853049755096436,1.0853049755096436,1.0851871967315674,1.0851871967315674,0
2024-10-31 03:05:00+00:00,1.0854227542877197,1.0854227542877197,1.0854227542877197,1.0851871967315674,1.0851871967315674,0
2024-10-31 03:10:00+00:00,1.0854227542877197,1.0854227542877197,1.0854227542877197,1.0853049755096436,1.0853049755096436,0
2024-10-31 03:15:00+00:00,1.0854227542877197,1.0854227542877197,1.0855406522750854,1.0854227542877197,1.0854227542877197,0
2024-10-31 03:20:00+00:00,1.0854227542877197,1.0854227542877197,1.0854227542877197,1.0853049755096436,1.0853049755096436,0
2024-10-31 03:25:00+00:00,1.0855406522750854,1.0855406522750854,1.0855406522750854,1.0853049755096436,1.0853049755096436,0
2024-10-31 03:30:00+00:00,1.0855406522750854,1.0855406522750854,1.0855406522750854,1.0855406522750854,1.0855406522750854,0
2024-10-31 03:35:00+00:00,1.0855406522750854,1.0855406522750854,1.0855406522750854,1.0855406522750854,1.0855406522750854,0
2024-10-31 03:40:00+00:00,1.0854227542877197,1.0854227542877197,1.0855406522750854,1.0854227542877197,1.0855406522750854,0
2024-10-31 03:45:00+00:00,1.0853049755096436,1.0853049755096436,1.0853049755096436,1.0853049755096436,1.0853049755096436,0
2024-10-31 03:50:00+00:00,1.0851871967315674,1.0851871967315674,1.0853049755096436,1.0851871967315674,1.0851871967315674,0
2024-10-31 03:55:00+00:00,1.0853049755096436,1.0853049755096436,1.0853049755096436,1.0851871967315674,1.0851871967315674,0
2024-10-31 04:00:00+00:00,1.0850694179534912,1.0850694179534912,1.0853049755096436,1.0850694179534912,1.0851871967315674,0
2024-10-31 04:05:00+00:00,1.0851871967315674,1.0851871967315674,1.0851871967315674,1.0850694179534912,1.0850694179534912,0
2024-10-31 04:10:00+00:00,1.0851871967315674,1.0851871967315674,1.0851871967315674,1.0851871967315674,1.0851871967315674,0
2024-10-31 04:15:00+00:00,1.0850694179534912,1.0850694179534912,1.0851871967315674,1.0850694179534912,1.0851871967315674,0
2024-10-31 04:20:00+00:00,1.0850694179534912,1.0850694179534912,1.0851871967315674,1.0850694179534912,1.0851871967315674,0
2024-10-31 04:25:00+00:00,1.0848339796066284,1.0848339796066284,1.0849517583847046,1.0848339796066284,1.0849517583847046,0
2024-10-31 04:30:00+00:00,1.0849517583847046,1.0849517583847046,1.0850694179534912,1.0849517583847046,1.0849517583847046,0
2024-10-31 04:35:00+00:00,1.0851871967315674,1.0851871967315674,1.0851871967315674,1.0850694179534912,1.0850694179534912,0
2024-10-31 04:40:00+00:00,1.0851871967315674,1.0851871967315674,1.0851871967315674,1.0851871967315674,1.0851871967315674,0
2024-10-31 04:45:00+00:00,1.0851871967315674,1.0851871967315674,1.0853049755096436,1.0850694179534912,1.0850694179534912,0
2024-10-31 04:50:00+00:00,1.0851871967315674,1.0851871967315674,1.0853049755096436,1.0851871967315674,1.0851871967315674,0
2024-10-31 04:55:00+00:00,1.0850694179534912,1.0850694179534912,1.0851871967315674,1.0850694179534912,1.0851871967315674,0
2024-10-31 05:00:00+00:00,1.0850694179534912,1.0850694179534912,1.0850694179534912,1.0849517583847046,1.0850694179534912,0
2024-10-31 05:05:00+00:00,1.0850694179534912,1.0850694179534912,1.0850694179534912,1.0849517583847046,1.0849517583847046,0
2024-10-31 05:10:00+00:00,1.0850694179534912,1.0850694179534912,1.0850694179534912,1.0850694179534912,1.0850694179534912,0
2024-10-31 05:15:00+00:00,1.0850694179534912,1.0850694179534912,1.0850694179534912,1.0850694179534912,1.0850694179534912,0
2024-10-31 05:20:00+00:00,1.0851871967315674,1.0851871967315674,1.0851871967315674,1.0851871967315674,1.0851871967315674,0
2024-10-31 05:25:00+00:00,1.0851871967315674,1.0851871967315674,1.0851871967315674,1.0851871967315674,1.0851871967315674,0
2024-10-31 05:30:00+00:00,1.0853049755096436,1.0853049755096436,1.0853049755096436,1.0851871967315674,1.0851871967315674,0
2024-10-31 05:35:00+00:00,1.0853049755096436,1.0853049755096436,1.0854227542877197,1.0853049755096436,1.0854227542877197,0
2024-10-31 05:40:00+00:00,1.0853049755096436,1.0853049755096436,1.0853049755096436,1.0853049755096436,1.0853049755096436,0
2024-10-31 05:45:00+00:00,1.0853049755096436,1.0853049755096436,1.0853049755096436,1.0853049755096436,1.0853049755096436,0
2024-10-31 05:50:00+00:00,1.0854227542877197,1.0854227542877197,1.0854227542877197,1.0854227542877197,1.0854227542877197,0
2024-10-31 05:55:00+00:00,1.0854227542877197,1.0854227542877197,1.0855406522750854,1.0854227542877197,1.0854227542877197,0
2024-10-31 06:00:00+00:00,1.0854227542877197,1.0854227542877197,1.0854227542877197,1.0854227542877197,1.0854227542877197,0
2024-10-31 06:05:00+00:00,1.0854227542877197,1.0854227542877197,1.0854227542877197,1.0854227542877197,1.0854227542877197,0
2024-10-31 06:10:00+00:00,1.0854227542877197,1.0854227542877197,1.0854227542877197,1.0854227542877197,1.0854227542877197,0
2024-10-31 06:15:00+00:00,1.0854227542877197,1.0854227542877197,1.0854227542877197,1.0854227542877197,1.0854227542877197,0
2024-10-31 06:20:00+00:00,1.0853049755096436,1.0853049755096436,1.0854227542877197,1.0853049755096436,1.0854227542877197,0
2024-10-31 06:25:00+00:00,1.0853049755096436,1.0853049755096436,1.0853049755096436,1.0853049755096436,1.0853049755096436,0
2024-10-31 06:30:00+00:00,1.0851871967315674,1.0851871967315674,1.0853049755096436,1.0851871967315674,1.0853049755096436,0
2024-10-31 06:35:00+00:00,1.0851871967315674,1.0851871967315674,1.0851871967315674,1.0850694179534912,1.0851871967315674,0
2024-10-31 06:40:00+00:00,1.0851871967315674,1.0851871967315674,1.0851871967315674,1.0850694179534912,1.0851871967315674,0
2024-10-31 06:45:00+00:00,1.0856584310531616,1.0856584310531616,1.0857763290405273,1.0853049755096436,1.0853049755096436,0
2024-10-31 06:50:00+00:00,1.0857763290405273,1.0857763290405273,1.0857763290405273,1.0857763290405273,1.0857763290405273,0
2024-10-31 06:55:00+00:00,1.0854227542877197,1.0854227542877197,1.0856584310531616,1.0854227542877197,1.0856584310531616,0
2024-10-31 07:00:00+00:00,1.0856584310531616,1.0856584310531616,1.0856584310531616,1.0854227542877197,1.0854227542877197,0
2024-10-31 07:05:00+00:00,1.0856584310531616,1.0856584310531616,1.0857763290405273,1.0856584310531616,1.0857763290405273,0
2024-10-31 07:10:00+00:00,1.0854227542877197,1.0854227542877197,1.0856584310531616,1.0854227542877197,1.0856584310531616,0
2024-10-31 07:15:00+00:00,1.0854227542877197,1.0854227542877197,1.0854227542877197,1.0851871967315674,1.0853049755096436,0
2024-10-31 07:20:00+00:00,1.0855406522750854,1.0855406522750854,1.0857763290405273,1.0855406522750854,1.0855406522750854,0
2024-10-31 07:25:00+00:00,1.0856584310531616,1.0856584310531616,1.0856584310531616,1.0855406522750854,1.0855406522750854,0
2024-10-31 07:30:00+00:00,1.085894227027893,1.085894227027893,1.085894227027893,1.0857763290405273,1.0857763290405273,0
2024-10-31 07:35:00+00:00,1.086130142211914,1.086130142211914,1.086130142211914,1.085894227027893,1.085894227027893,0
2024-10-31 07:40:00+00:00,1.0866022109985352,1.0866022109985352,1.0866022109985352,1.0862481594085693,1.0862481594085693,0
2024-10-31 07:45:00+00:00,1.0862481594085693,1.0862481594085693,1.0862481594085693,1.0862481594085693,1.0862481594085693,0
2024-10-31 07:50:00+00:00,1.0860122442245483,1.0860122442245483,1.0862481594085693,1.0860122442245483,1.0862481594085693,0
2024-10-31 07:55:00+00:00,1.0862481594085693,1.0862481594085693,1.0863661766052246,1.0860122442245483,1.0860122442245483,0
2024-10-31 08:00:00+00:00,1.085894227027893,1.085894227027893,1.0863661766052246,1.085894227027893,1.0863661766052246,0
2024-10-31 08:05:00+00:00,1.085894227027893,1.085894227027893,1.0860122442245483,1.0856584310531616,1.085894227027893,0
2024-10-31 08:10:00+00:00,1.0860122442245483,1.0860122442245483,1.0860122442245483,1.0857763290405273,1.085894227027893,0
2024-10-31 08:15:00+00:00,1.0860122442245483,1.0860122442245483,1.0860122442245483,1.0856584310531616,1.0857763290405273,0
2024-10-31 08:20:00+00:00,1.086130142211914,1.086130142211914,1.0862481594085693,1.0860122442245483,1.0860122442245483,0
2024-10-31 08:25:00+00:00,1.0860122442245483,1.0860122442245483,1.0860122442245483,1.085894227027893,1.085894227027893,0
2024-10-31 08:30:00+00:00,1.0860122442245483,1.0860122442245483,1.086130142211914,1.085894227027893,1.0860122442245483,0
2024-10-31 08:35:00+00:00,1.0860122442245483,1.0860122442245483,1.086130142211914,1.0857763290405273,1.086130142211914,0
2024-10-31 08:40:00+00:00,1.085894227027893,1.085894227027893,1.0860122442245483,1.085894227027893,1.085894227027893,0
2024-10-31 08:45:00+00:00,1.0856584310531616,1.0856584310531616,1.0856584310531616,1.0854227542877197,1.0856584310531616,0
2024-10-31 08:50:00+00:00,1.0856584310531616,1.0856584310531616,1.0857763290405273,1.0856584310531616,1.0856584310531616,0
2024-10-31 08:55:00+00:00,1.085894227027893,1.085894227027893,1.085894227027893,1.085894227027893,1.085894227027893,0
2024-10-31 09:00:00+00:00,1.0860122442245483,1.0860122442245483,1.0860122442245483,1.0857763290405273,1.0860122442245483,0
2024-10-31 09:05:00+00:00,1.085894227027893,1.085894227027893,1.0862481594085693,1.0857763290405273,1.0862481594085693,0
2024-10-31 09:10:00+00:00,1.086130142211914,1.086130142211914,1.086130142211914,1.085894227027893,1.0860122442245483,0
2024-10-31 09:15:00+00:00,1.086130142211914,1.086130142211914,1.0862481594085693,1.0860122442245483,1.0862481594085693,0
2024-10-31 09:20:00+00:00,1.086130142211914,1.086130142211914,1.0862481594085693,1.086130142211914,1.086130142211914,0
2024-10-31 09:25:00+00:00,1.0860122442245483,1.0860122442245483,1.086130142211914,1.085894227027893,1.086130142211914,0
2024-10-31 09:30:00+00:00,1.085894227027893,1.085894227027893,1.0860122442245483,1.085894227027893,1.0860122442245483,0
2024-10-31 09:35:00+00:00,1.085894227027893,1.085894227027893,1.086130142211914,1.085894227027893,1.0860122442245483,0
2024-10-31 09:40:00+00:00,1.0864840745925903,1.0864840745925903,1.0866022109985352,1.0860122442245483,1.0860122442245483,0
2024-10-31 09:45:00+00:00,1.0863661766052246,1.0863661766052246,1.0864840745925903,1.086130142211914,1.0863661766052246,0
2024-10-31 09:50:00+00:00,1.08672034740448,1.08672034740448,1.08672034740448,1.0862481594085693,1.0862481594085693,0
2024-10-31 09:55:00+00:00,1.08695650100708,1.08695650100708,1.08695650100708,1.0868383646011353,1.0868383646011353,0
2024-10-31 10:00:00+00:00,1.087074637413025,1.087074637413025,1.0871928930282593,1.0868383646011353,1.0868383646011353,0
2024-10-31 10:05:00+00:00,1.087074637413025,1.087074637413025,1.0871928930282593,1.087074637413025,1.0871928930282593,0
2024-10-31 10:10:00+00:00,1.0871928930282593,1.0871928930282593,1.0871928930282593,1.08695650100708,1.08695650100708,0
2024-10-31 10:15:00+00:00,1.0875475406646729,1.0875475406646729,1.0875475406646729,1.0871928930282593,1.087311029434204,0
2024-10-31 10:20:00+00:00,1.0875475406646729,1.0875475406646729,1.0877841711044312,1.0875475406646729,1.0877841711044312,0
2024-10-31 10:25:00+00:00,1.0876659154891968,1.0876659154891968,1.0876659154891968,1.0876659154891968,1.0876659154891968,0
2024-10-31 10:30:00+00:00,1.0871928930282593,1.0871928930282593,1.0876659154891968,1.087074637413025,1.0876659154891968,0
2024-10-31 10:35:00+00:00,1.0871928930282593,1.0871928930282593,1.0871928930282593,1.08695650100708,1.087074637413025,0
2024-10-31 10:40:00+00:00,1.0871928930282593,1.0871928930282593,1.0871928930282593,1.08695650100708,1.0871928930282593,0
2024-10-31 10:45:00+00:00,1.0874292850494385,1.0874292850494385,1.0874292850494385,1.087311029434204,1.087311029434204,0
2024-10-31 10:50:00+00:00,1.0874292850494385,1.0874292850494385,1.0875475406646729,1.087311029434204,1.087311029434204,0
2024-10-31 10:55:00+00:00,1.087074637413025,1.087074637413025,1.087311029434204,1.087074637413025,1.087311029434204,0
2024-10-31 11:00:00+00:00,1.08695650100708,1.08695650100708,1.08695650100708,1.08695650100708,1.08695650100708,0
2024-10-31 11:05:00+00:00,1.0868383646011353,1.0868383646011353,1.08695650100708,1.0868383646011353,1.0868383646011353,0
2024-10-31 11:10:00+00:00,1.08672034740448,1.08672034740448,1.0868383646011353,1.08672034740448,1.08672034740448,0
2024-10-31 11:15:00+00:00,1.0868383646011353,1.0868383646011353,1.0868383646011353,1.08672034740448,1.0868383646011353,0
2024-10-31 11:20:00+00:00,1.08672034740448,1.08672034740448,1.08695650100708,1.08672034740448,1.08695650100708,0
2024-10-31 11:25:00+00:00,1.0866022109985352,1.0866022109985352,1.0868383646011353,1.0866022109985352,1.0868383646011353,0
2024-10-31 11:30:00+00:00,1.0862481594085693,1.0862481594085693,1.08672034740448,1.0862481594085693,1.0866022109985352,0
2024-10-31 11:35:00+00:00,1.0864840745925903,1.0864840745925903,1.0864840745925903,1.0863661766052246,1.0863661766052246,0
2024-10-31 11:40:00+00:00,1.0868383646011353,1.0868383646011353,1.0868383646011353,1.0866022109985352,1.0866022109985352,0
2024-10-31 11:45:00+00:00,1.08695650100708,1.08695650100708,1.087074637413025,1.0868383646011353,1.0868383646011353,0
2024-10-31 11:50:00+00:00,1.0871928930282593,1.0871928930282593,1.0871928930282593,1.08695650100708,1.08695650100708,0
2024-10-31 11:55:00+00:00,1.087074637413025,1.087074637413025,1.0871928930282593,1.087074637413025,1.0871928930282593,0
2024-10-31 12:00:00+00:00,1.0871928930282593,1.0871928930282593,1.0871928930282593,1.08695650100708,1.08695650100708,0
2024-10-31 12:05:00+00:00,1.087311029434204,1.087311029434204,1.0874292850494385,1.0871928930282593,1.087311029434204,0
2024-10-31 12:10:00+00:00,1.0874292850494385,1.0874292850494385,1.0874292850494385,1.087074637413025,1.087074637413025,0
2024-10-31 12:15:00+00:00,1.0877841711044312,1.0877841711044312,1.0877841711044312,1.0874292850494385,1.0874292850494385,0
2024-10-31 12:20:00+00:00,1.087902545928955,1.087902545928955,1.087902545928955,1.0876659154891968,1.0876659154891968,0
2024-10-31 12:25:00+00:00,1.0874292850494385,1.0874292850494385,1.0876659154891968,1.0874292850494385,1.0876659154891968,0
2024-10-31 12:30:00+00:00,1.0884946584701538,1.0884946584701538,1.0886130332946777,1.087074637413025,1.087074637413025,0
2024-10-31 12:35:00+00:00,1.088139295578003,1.088139295578003,1.0884946584701538,1.088139295578003,1.0884946584701538,0
2024-10-31 12:40:00+00:00,1.0882576704025269,1.0882576704025269,1.0886130332946777,1.0882576704025269,1.0886130332946777,0
2024-10-31 12:45:00+00:00,1.0886130332946777,1.0886130332946777,1.0886130332946777,1.088139295578003,1.0882576704025269,0
2024-10-31 12:50:00+00:00,1.0887316465377808,1.0887316465377808,1.0889687538146973,1.0886130332946777,1.0889687538146973,0
2024-10-31 12:55:00+00:00,1.0882576704025269,1.0882576704025269,1.0883761644363403,1.088020920753479,1.0883761644363403,0
2024-10-31 13:00:00+00:00,1.0882576704025269,1.0882576704025269,1.0884946584701538,1.087902545928955,1.087902545928955,0
2024-10-31 13:05:00+00:00,1.0884946584701538,1.0884946584701538,1.0886130332946777,1.0883761644363403,1.0883761644363403,0
2024-10-31 13:10:00+00:00,1.0883761644363403,1.0883761644363403,1.0883761644363403,1.088139295578003,1.0883761644363403,0
2024-10-31 13:15:00+00:00,1.0877841711044312,1.0877841711044312,1.088139295578003,1.0877841711044312,1.088139295578003,0
2024-10-31 13:20:00+00:00,1.0876659154891968,1.0876659154891968,1.0877841711044312,1.0876659154891968,1.0877841711044312,0
2024-10-31 13:25:00+00:00,1.0882576704025269,1.0882576704025269,1.0882576704025269,1.0877841711044312,1.0877841711044312,0
2024-10-31 13:30:00+00:00,1.0890873670578003,1.0890873670578003,1.0890873670578003,1.0883761644363403,1.0883761644363403,0
2024-10-31 13:35:00+00:00,1.0886130332946777,1.0886130332946777,1.0888501405715942,1.0883761644363403,1.0888501405715942,0
2024-10-31 13:40:00+00:00,1.0883761644363403,1.0883761644363403,1.0887316465377808,1.0882576704025269,1.0887316465377808,0
2024-10-31 13:45:00+00:00,1.0875475406646729,1.0875475406646729,1.0882576704025269,1.0875475406646729,1.0882576704025269,0
2024-10-31 13:50:00+00:00,1.0863661766052246,1.0863661766052246,1.0868383646011353,1.0863661766052246,1.0868383646011353,0
2024-10-31 13:55:00+00:00,1.0862481594085693,1.0862481594085693,1.0863661766052246,1.085894227027893,1.0863661766052246,0
2024-10-31 14:00:00+00:00,1.0860122442245483,1.0860122442245483,1.0864840745925903,1.0860122442245483,1.0863661766052246,0
2024-10-31 14:05:00+00:00,1.0860122442245483,1.0860122442245483,1.0860122442245483,1.0854227542877197,1.0854227542877197,0
2024-10-31 14:10:00+00:00,1.0862481594085693,1.0862481594085693,1.0862481594085693,1.0860122442245483,1.0862481594085693,0
2024-10-31 14:15:00+00:00,1.0863661766052246,1.0863661766052246,1.0863661766052246,1.0857763290405273,1.0860122442245483,0
2024-10-31 14:20:00+00:00,1.0868383646011353,1.0868383646011353,1.0868383646011353,1.0862481594085693,1.0862481594085693,0
2024-10-31 14:25:00+00:00,1.0874292850494385,1.0874292850494385,1.0874292850494385,1.087074637413025,1.087074637413025,0
2024-10-31 14:30:00+00:00,1.0875475406646729,1.0875475406646729,1.087902545928955,1.0874292850494385,1.0874292850494385,0
2024-10-31 14:35:00+00:00,1.087074637413025,1.087074637413025,1.087311029434204,1.087074637413025,1.0871928930282593,0
2024-10-31 14:40:00+00:00,1.0868383646011353,1.0868383646011353,1.0868383646011353,1.08672034740448,1.0868383646011353,0
2024-10-31 14:45:00+00:00,1.087074637413025,1.087074637413025,1.087074637413025,1.0866022109985352,1.087074637413025,0
2024-10-31 14:50:00+00:00,1.08695650100708,1.08695650100708,1.0871928930282593,1.08695650100708,1.087074637413025,0
2024-10-31 14:55:00+00:00,1.0868383646011353,1.0868383646011353,1.0874292850494385,1.0868383646011353,1.087311029434204,0
2024-10-31 15:00:00+00:00,1.0855406522750854,1.0855406522750854,1.0863661766052246,1.0855406522750854,1.0863661766052246,0
2024-10-31 15:05:00+00:00,1.0860122442245483,1.0860122442245483,1.086130142211914,1.0855406522750854,1.0855406522750854,0
2024-10-31 15:10:00+00:00,1.0860122442245483,1.0860122442245483,1.0860122442245483,1.0857763290405273,1.085894227027893,0
2024-10-31 15:15:00+00:00,1.085894227027893,1.085894227027893,1.0862481594085693,1.085894227027893,1.0862481594085693,0
2024-10-31 15:20:00+00:00,1.086130142211914,1.086130142211914,1.0862481594085693,1.0856584310531616,1.0860122442245483,0
2024-10-31 15:25:00+00:00,1.0856584310531616,1.0856584310531616,1.085894227027893,1.0856584310531616,1.085894227027893,0
2024-10-31 15:30:00+00:00,1.0860122442245483,1.0860122442245483,1.0860122442245483,1.0856584310531616,1.0860122442245483,0
2024-10-31 15:35:00+00:00,1.0855406522750854,1.0855406522750854,1.0863661766052246,1.0855406522750854,1.086130142211914,0
2024-10-31 15:40:00+00:00,1.0855406522750854,1.0855406522750854,1.0857763290405273,1.0855406522750854,1.0855406522750854,0
2024-10-31 15:45:00+00:00,1.0856584310531616,1.0856584310531616,1.085894227027893,1.0854227542877197,1.0854227542877197,0
2024-10-31 15:50:00+00:00,1.0856584310531616,1.0856584310531616,1.0856584310531616,1.0850694179534912,1.0856584310531616,0
2024-10-31 15:55:00+00:00,1.0857763290405273,1.0857763290405273,1.0860122442245483,1.0857763290405273,1.0860122442245483,0
2024-10-31 16:00:00+00:00,1.0862481594085693,1.0862481594085693,1.0862481594085693,1.0857763290405273,1.0857763290405273,0
2024-10-31 16:05:00+00:00,1.0862481594085693,1.0862481594085693,1.0862481594085693,1.086130142211914,1.086130142211914,0
2024-10-31 16:10:00+00:00,1.0863661766052246,1.0863661766052246,1.0863661766052246,1.086130142211914,1.0862481594085693,0
2024-10-31 16:15:00+00:00,1.0860122442245483,1.0860122442245483,1.0862481594085693,1.085894227027893,1.0862481594085693,0
2024-10-31 16:20:00+00:00,1.086130142211914,1.086130142211914,1.0864840745925903,1.086130142211914,1.0864840745925903,0
2024-10-31 16:25:00+00:00,1.0860122442245483,1.0860122442245483,1.086130142211914,1.085894227027893,1.085894227027893,0
2024-10-31 16:30:00+00:00,1.0862481594085693,1.0862481594085693,1.0864840745925903,1.086130142211914,1.0862481594085693,0
2024-10-31 16:35:00+00:00,1.0863661766052246,1.0863661766052246,1.0863661766052246,1.086130142211914,1.086130142211914,0
2024-10-31 16:40:00+00:00,1.086130142211914,1.086130142211914,1.0863661766052246,1.086130142211914,1.0863661766052246,0
2024-10-31 16:45:00+00:00,1.0862481594085693,1.0862481594085693,1.0862481594085693,1.085894227027893,1.086130142211914,0
2024-10-31 16:50:00+00:00,1.086130142211914,1.086130142211914,1.0863661766052246,1.086130142211914,1.0863661766052246,0
2024-10-31 16:55:00+00:00,1.085894227027893,1.085894227027893,1.0862481594085693,1.085894227027893,1.0862481594085693,0
2024-10-31 17:00:00+00:00,1.0863661766052246,1.0863661766052246,1.0863661766052246,1.086130142211914,1.086130142211914,0
2024-10-31 17:05:00+00:00,1.0864840745925903,1.0864840745925903,1.0864840745925903,1.0862481594085693,1.0863661766052246,0
2024-10-31 17:10:00+00:00,1.0864840745925903,1.0864840745925903,1.0866022109985352,1.0864840745925903,1.0866022109985352,0
2024-10-31 17:15:00+00:00,1.0866022109985352,1.0866022109985352,1.0866022109985352,1.0863661766052246,1.0863661766052246,0
2024-10-31 17:20:00+00:00,1.0862481594085693,1.0862481594085693,1.0866022109985352,1.0862481594085693,1.0866022109985352,0
2024-10-31 17:25:00+00:00,1.086130142211914,1.086130142211914,1.0862481594085693,1.086130142211914,1.0862481594085693,0
2024-10-31 17:30:00+00:00,1.0860122442245483,1.0860122442245483,1.086130142211914,1.0860122442245483,1.0860122442245483,0
2024-10-31 17:35:00+00:00,1.0860122442245483,1.0860122442245483,1.0860122442245483,1.0860122442245483,1.0860122442245483,0
2024-10-31 17:40:00+00:00,1.086130142211914,1.086130142211914,1.0862481594085693,1.0860122442245483,1.0860122442245483,0
2024-10-31 17:45:00+00:00,1.086130142211914,1.086130142211914,1.0863661766052246,1.0860122442245483,1.086130142211914,0
2024-10-31 17:50:00+00:00,1.086130142211914,1.086130142211914,1.0862481594085693,1.0860122442245483,1.0862481594085693,0
2024-10-31 17:55:00+00:00,1.0864840745925903,1.0864840745925903,1.0864840745925903,1.086130142211914,1.086130142211914,0
2024-10-31 18:00:00+00:00,1.08695650100708,1.08695650100708,1.08695650100708,1.0863661766052246,1.0863661766052246,0
2024-10-31 18:05:00+00:00,1.0871928930282593,1.0871928930282593,1.0871928930282593,1.087074637413025,1.087074637413025,0
2024-10-31 18:10:00+00:00,1.087311029434204,1.087311029434204,1.087311029434204,1.087074637413025,1.087074637413025,0
2024-10-31 18:15:00+00:00,1.087311029434204,1.087311029434204,1.0874292850494385,1.087311029434204,1.087311029434204,0
2024-10-31 18:20:00+00:00,1.087311029434204,1.087311029434204,1.0876659154891968,1.087311029434204,1.0874292850494385,0
2024-10-31 18:25:00+00:00,1.08695650100708,1.08695650100708,1.087074637413025,1.0868383646011353,1.087074637413025,0
2024-10-31 18:30:00+00:00,1.0871928930282593,1.0871928930282593,1.087311029434204,1.08695650100708,1.08695650100708,0
2024-10-31 18:35:00+00:00,1.0874292850494385,1.0874292850494385,1.0874292850494385,1.08695650100708,1.087074637413025,0
2024-10-31 18:40:00+00:00,1.0875475406646729,1.0875475406646729,1.0875475406646729,1.087311029434204,1.0874292850494385,0
2024-10-31 18:45:00+00:00,1.0871928930282593,1.0871928930282593,1.0875475406646729,1.0871928930282593,1.0875475406646729,0
2024-10-31 18:50:00+00:00,1.087074637413025,1.087074637413025,1.087074637413025,1.0868383646011353,1.0868383646011353,0
2024-10-31 18:55:00+00:00,1.087311029434204,1.087311029434204,1.087311029434204,1.087074637413025,1.087074637413025,0
2024-10-31 19:00:00+00:00,1.0876659154891968,1.0876659154891968,1.0876659154891968,1.0874292850494385,1.0875475406646729,0
2024-10-31 19:05:00+00:00,1.0877841711044312,1.0877841711044312,1.0877841711044312,1.0876659154891968,1.0876659154891968,0
2024-10-31 19:10:00+00:00,1.0874292850494385,1.0874292850494385,1.0876659154891968,1.0874292850494385,1.0876659154891968,0
2024-10-31 19:15:00+00:00,1.0871928930282593,1.0871928930282593,1.087311029434204,1.0871928930282593,1.0871928930282593,0
2024-10-31 19:20:00+00:00,1.087311029434204,1.087311029434204,1.087311029434204,1.087074637413025,1.0871928930282593,0
2024-10-31 19:25:00+00:00,1.0874292850494385,1.0874292850494385,1.0874292850494385,1.087311029434204,1.087311029434204,0
2024-10-31 19:30:00+00:00,1.0875475406646729,1.0875475406646729,1.0875475406646729,1.0875475406646729,1.0875475406646729,0
2024-10-31 19:35:00+00:00,1.0875475406646729,1.0875475406646729,1.0875475406646729,1.0874292850494385,1.0874292850494385,0
2024-10-31 19:40:00+00:00,1.0877841711044312,1.0877841711044312,1.0877841711044312,1.0876659154891968,1.0876659154891968,0
2024-10-31 19:45:00+00:00,1.088139295578003,1.088139295578003,1.088139295578003,1.0877841711044312,1.0877841711044312,0
2024-10-31 19:50:00+00:00,1.088020920753479,1.088020920753479,1.088139295578003,1.088020920753479,1.088020920753479,0
2024-10-31 19:55:00+00:00,1.088020920753479,1.088020920753479,1.088139295578003,1.088020920753479,1.088139295578003,0
2024-10-31 20:00:00+00:00,1.0882576704025269,1.0882576704025269,1.0882576704025269,1.088139295578003,1.088139295578003,0
2024-10-31 20:05:00+00:00,1.0883761644363403,1.0883761644363403,1.0883761644363403,1.0882576704025269,1.0883761644363403,0
2024-10-31 20:10:00+00:00,1.0883761644363403,1.0883761644363403,1.0884946584701538,1.0883761644363403,1.0884946584701538,0
2024-10-31 20:15:00+00:00,1.0884946584701538,1.0884946584701538,1.0884946584701538,1.0883761644363403,1.0883761644363403,0
2024-10-31 20:20:00+00:00,1.0884946584701538,1.0884946584701538,1.0886130332946777,1.0884946584701538,1.0884946584701538,0
2024-10-31 20:25:00+00:00,1.0886130332946777,1.0886130332946777,1.0886130332946777,1.0884946584701538,1.0884946584701538,0
2024-10-31 20:30:00+00:00,1.0886130332946777,1.0886130332946777,1.0886130332946777,1.0884946584701538,1.0886130332946777,0
2024-10-31 20:35:00+00:00,1.0888501405715942,1.0888501405715942,1.0888501405715942,1.0884946584701538,1.0884946584701538,0
2024-10-31 20:40:00+00:00,1.0886130332946777,1.0886130332946777,1.0887316465377808,1.0886130332946777,1.0887316465377808,0
2024-10-31 20:45:00+00:00,1.0884946584701538,1.0884946584701538,1.0886130332946777,1.0884946584701538,1.0886130332946777,0
2024-10-31 20:50:00+00:00,1.0886130332946777,1.0886130332946777,1.0886130332946777,1.0884946584701538,1.0884946584701538,0
2024-10-31 20:55:00+00:00,1.0886130332946777,1.0886130332946777,1.0887316465377808,1.0886130332946777,1.0887316465377808,0
2024-10-31 21:00:00+00:00,1.0888501405715942,1.0888501405715942,1.0889687538146973,1.0886130332946777,1.0888501405715942,0
2024-10-31 21:05:00+00:00,1.0886130332946777,1.0886130332946777,1.0887316465377808,1.0886130332946777,1.0886130332946777,0
2024-10-31 21:10:00+00:00,1.0887316465377808,1.0887316465377808,1.0887316465377808,1.0887316465377808,1.0887316465377808,0
2024-10-31 21:15:00+00:00,1.0887316465377808,1.0887316465377808,1.0888501405715942,1.0887316465377808,1.0887316465377808,0
2024-10-31 21:20:00+00:00,1.0887316465377808,1.0887316465377808,1.0888501405715942,1.0887316465377808,1.0887316465377808,0
2024-10-31 21:25:00+00:00,1.0886130332946777,1.0886130332946777,1.0886130332946777,1.0886130332946777,1.0886130332946777,0
2024-10-31 21:30:00+00:00,1.0887316465377808,1.0887316465377808,1.0887316465377808,1.0886130332946777,1.0887316465377808,0
2024-10-31 21:35:00+00:00,1.0887316465377808,1.0887316465377808,1.0887316465377808,1.0887316465377808,1.0887316465377808,0
2024-10-31 21:40:00+00:00,1.0887316465377808,1.0887316465377808,1.0887316465377808,1.0886130332946777,1.0887316465377808,0
2024-10-31 21:45:00+00:00,1.0886130332946777,1.0886130332946777,1.0887316465377808,1.0886130332946777,1.0887316465377808,0
2024-10-31 21:50:00+00:00,1.0884946584701538,1.0884946584701538,1.0886130332946777,1.0884946584701538,1.0884946584701538,0
2024-10-31 21:55:00+00:00,1.0886130332946777,1.0886130332946777,1.0886130332946777,1.0884946584701538,1.0884946584701538,0
2024-10-31 22:00:00+00:00,1.0886130332946777,1.0886130332946777,1.0886130332946777,1.0884946584701538,1.0884946584701538,0
2024-10-31 22:05:00+00:00,1.0887316465377808,1.0887316465377808,1.0887316465377808,1.0887316465377808,1.0887316465377808,0
2024-10-31 22:10:00+00:00,1.0886130332946777,1.0886130332946777,1.0886130332946777,1.0886130332946777,1.0886130332946777,0
2024-10-31 22:15:00+00:00,1.0886130332946777,1.0886130332946777,1.0886130332946777,1.0886130332946777,1.0886130332946777,0
2024-10-31 22:20:00+00:00,1.0884946584701538,1.0884946584701538,1.0886130332946777,1.0884946584701538,1.0886130332946777,0
2024-10-31 22:25:00+00:00,1.0886130332946777,1.0886130332946777,1.0886130332946777,1.0884946584701538,1.0884946584701538,0
2024-10-31 22:30:00+00:00,1.0886130332946777,1.0886130332946777,1.0886130332946777,1.0886130332946777,1.0886130332946777,0
2024-10-31 22:35:00+00:00,1.0887316465377808,1.0887316465377808,1.0887316465377808,1.0887316465377808,1.0887316465377808,0
2024-10-31 22:40:00+00:00,1.0888501405715942,1.0888501405715942,1.0888501405715942,1.0887316465377808,1.0887316465377808,0
2024-10-31 22:45:00+00:00,1.0887316465377808,1.0887316465377808,1.0888501405715942,1.0887316465377808,1.0888501405715942,0
2024-10-31 22:50:00+00:00,1.0888501405715942,1.0888501405715942,1.0888501405715942,1.0887316465377808,1.0887316465377808,0
2024-10-31 22:55:00+00:00,1.0888501405715942,1.0888501405715942,1.0889687538146973,1.0888501405715942,1.0888501405715942,0
2024-10-31 23:00:00+00:00,1.0887316465377808,1.0887316465377808,1.0888501405715942,1.0887316465377808,1.0888501405715942,0
2024-10-31 23:05:00+00:00,1.0887316465377808,1.0887316465377808,1.0888501405715942,1.0887316465377808,1.0887316465377808,0
2024-10-31 23:10:00+00:00,1.0887316465377808,1.0887316465377808,1.0888501405715942,1.0887316465377808,1.0888501405715942,0
2024-10-31 23:15:00+00:00,1.0887316465377808,1.0887316465377808,1.0888501405715942,1.0887316465377808,1.0888501405715942,0
2024-10-31 23:20:00+00:00,1.0887316465377808,1.0887316465377808,1.0888501405715942,1.0887316465377808,1.0887316465377808,0
2024-10-31 23:25:00+00:00,1.0887316465377808,1.0887316465377808,1.0887316465377808,1.0887316465377808,1.0887316465377808,0
2024-10-31 23:30:00+00:00,1.0887316465377808,1.0887316465377808,1.0887316465377808,1.0886130332946777,1.0886130332946777,0
2024-10-31 23:35:00+00:00,1.0887316465377808,1.0887316465377808,1.0888501405715942,1.0887316465377808,1.0887316465377808,0
2024-10-31 23:40:00+00:00,1.0888501405715942,1.0888501405715942,1.0888501405715942,1.0888501405715942,1.0888501405715942,0
2024-10-31 23:45:00+00:00,1.0887316465377808,1.0887316465377808,1.0888501405715942,1.0887316465377808,1.0887316465377808,0
2024-10-31 23:50:00+00:00,1.0888501405715942,1.0888501405715942,1.0888501405715942,1.0887316465377808,1.0888501405715942,0
2024-10-31 23:55:00+00:00,1.0887316465377808,1.0887316465377808,1.0887316465377808,1.0886130332946777,1.0887316465377808,0
2024-11-01 00:00:00+00:00,1.0886130332946777,1.0886130332946777,1.0887316465377808,1.0886130332946777,1.0887316465377808,0
2024-11-01 00:05:00+00:00,1.0886130332946777,1.0886130332946777,1.0886130332946777,1.0883761644363403,1.0886130332946777,0
2024-11-01 00:10:00+00:00,1.0884946584701538,1.0884946584701538,1.0886130332946777,1.0884946584701538,1.0886130332946777,0
2024-11-01 00:15:00+00:00,1.0884946584701538,1.0884946584701538,1.0884946584701538,1.0883761644363403,1.0883761644363403,0
2024-11-01 00:20:00+00:00,1.0882576704025269,1.0882576704025269,1.0884946584701538,1.0882576704025269,1.0884946584701538,0
2024-11-01 00:25:00+00:00,1.0883761644363403,1.0883761644363403,1.0886130332946777,1.0883761644363403,1.0883761644363403,0
2024-11-01 00:30:00+00:00,1.0883761644363403,1.0883761644363403,1.0884946584701538,1.0883761644363403,1.0883761644363403,0
2024-11-01 00:35:00+00:00,1.0884946584701538,1.0884946584701538,1.0884946584701538,1.0883761644363403,1.0883761644363403,0
2024-11-01 00:40:00+00:00,1.0887316465377808,1.0887316465377808,1.0887316465377808,1.0884946584701538,1.0884946584701538,0
2024-11-01 00:45:00+00:00,1.0888501405715942,1.0888501405715942,1.0888501405715942,1.0887316465377808,1.0887316465377808,0
2024-11-01 00:50:00+00:00,1.0889687538146973,1.0889687538146973,1.0889687538146973,1.0888501405715942,1.0888501405715942,0
2024-11-01 00:55:00+00:00,1.0889687538146973,1.0889687538146973,1.0889687538146973,1.0889687538146973,1.0889687538146973,0
2024-11-01 01:00:00+00:00,1.0890873670578003,1.0890873670578003,1.0890873670578003,1.0889687538146973,1.0889687538146973,0
2024-11-01 01:05:00+00:00,1.0889687538146973,1.0889687538146973,1.0890873670578003,1.0889687538146973,1.0889687538146973,0
2024-11-01 01:10:00+00:00,1.0890873670578003,1.0890873670578003,1.0890873670578003,1.0889687538146973,1.0890873670578003,0
2024-11-01 01:15:00+00:00,1.0890873670578003,1.0890873670578003,1.0890873670578003,1.0890873670578003,1.0890873670578003,0
2024-11-01 01:20:00+00:00,1.0889687538146973,1.0889687538146973,1.0892059803009033,1.0889687538146973,1.0892059803009033,0
2024-11-01 01:25:00+00:00,1.0888501405715942,1.0888501405715942,1.0889687538146973,1.0888501405715942,1.0889687538146973,0
2024-11-01 01:30:00+00:00,1.0887316465377808,1.0887316465377808,1.0887316465377808,1.0887316465377808,1.0887316465377808,0
2024-11-01 01:35:00+00:00,1.0883761644363403,1.0883761644363403,1.0887316465377808,1.0883761644363403,1.0887316465377808,0
2024-11-01 01:40:00+00:00,1.0882576704025269,1.0882576704025269,1.0883761644363403,1.088139295578003,1.0883761644363403,0
2024-11-01 01:45:00+00:00,1.0882576704025269,1.0882576704025269,1.0883761644363403,1.088139295578003,1.0882576704025269,0
2024-11-01 01:50:00+00:00,1.0883761644363403,1.0883761644363403,1.0883761644363403,1.0883761644363403,1.0883761644363403,0
2024-11-01 01:55:00+00:00,1.0882576704025269,1.0882576704025269,1.0882576704025269,1.0882576704025269,1.0882576704025269,0
2024-11-01 02:00:00+00:00,1.088139295578003,1.088139295578003,1.0882576704025269,1.088139295578003,1.088139295578003,0
2024-11-01 02:05:00+00:00,1.088139295578003,1.088139295578003,1.0882576704025269,1.088139295578003,1.0882576704025269,0
2024-11-01 02:10:00+00:00,1.088139295578003,1.088139295578003,1.088139295578003,1.088020920753479,1.088020920753479,0
2024-11-01 02:15:00+00:00,1.0882576704025269,1.0882576704025269,1.0882576704025269,1.088139295578003,1.088139295578003,0
2024-11-01 02:20:00+00:00,1.0883761644363403,1.0883761644363403,1.0883761644363403,1.0882576704025269,1.0882576704025269,0
2024-11-01 02:25:00+00:00,1.0883761644363403,1.0883761644363403,1.0883761644363403,1.0883761644363403,1.0883761644363403,0
2024-11-01 02:30:00+00:00,1.088139295578003,1.088139295578003,1.0883761644363403,1.088139295578003,1.0883761644363403,0
2024-11-01 02:35:00+00:00,1.088139295578003,1.088139295578003,1.088139295578003,1.088139295578003,1.088139295578003,0
2024-11-01 02:40:00+00:00,1.088020920753479,1.088020920753479,1.088139295578003,1.088020920753479,1.088139295578003,0
2024-11-01 02:45:00+00:00,1.088020920753479,1.088020920753479,1.088139295578003,1.088020920753479,1.088020920753479,0
2024-11-01 02:50:00+00:00,1.088139295578003,1.088139295578003,1.088139295578003,1.088020920753479,1.088020920753479,0
2024-11-01 02:55:00+00:00,1.088139295578003,1.088139295578003,1.088139295578003,1.088020920753479,1.088020920753479,0
2024-11-01 03:00:00+00:00,1.088139295578003,1.088139295578003,1.088139295578003,1.088020920753479,1.088139295578003,0
2024-11-01 03:05:00+00:00,1.087902545928955,1.087902545928955,1.087902545928955,1.087902545928955,1.087902545928955,0
2024-11-01 03:10:00+00:00,1.087902545928955,1.087902545928955,1.087902545928955,1.087902545928955,1.087902545928955,0
2024-11-01 03:15:00+00:00,1.087902545928955,1.087902545928955,1.087902545928955,1.0877841711044312,1.087902545928955,0
2024-11-01 03:20:00+00:00,1.087902545928955,1.087902545928955,1.087902545928955,1.0877841711044312,1.087902545928955,0
2024-11-01 03:25:00+00:00,1.087902545928955,1.087902545928955,1.087902545928955,1.087902545928955,1.087902545928955,0
2024-11-01 03:30:00+00:00,1.088139295578003,1.088139295578003,1.088139295578003,1.088020920753479,1.088020920753479,0
2024-11-01 03:35:00+00:00,1.088020920753479,1.088020920753479,1.088139295578003,1.088020920753479,1.088139295578003,0
2024-11-01 03:40:00+00:00,1.0882576704025269,1.0882576704025269,1.0882576704025269,1.088139295578003,1.088139295578003,0
2024-11-01 03:45:00+00:00,1.088139295578003,1.088139295578003,1.088139295578003,1.088139295578003,1.088139295578003,0
2024-11-01 03:50:00+00:00,1.088020920753479,1.088020920753479,1.088020920753479,1.088020920753479,1.088020920753479,0
2024-11-01 03:55:00+00:00,1.087902545928955,1.087902545928955,1.088020920753479,1.087902545928955,1.088020920753479,0
2024-11-01 04:00:00+00:00,1.087902545928955,1.087902545928955,1.088020920753479,1.087902545928955,1.087902545928955,0
2024-11-01 04:05:00+00:00,1.088020920753479,1.088020920753479,1.088020920753479,1.088020920753479,1.088020920753479,0
2024-11-01 04:10:00+00:00,1.088139295578003,1.088139295578003,1.088139295578003,1.088020920753479,1.088020920753479,0
2024-11-01 04:15:00+00:00,1.088139295578003,1.088139295578003,1.088139295578003,1.088020920753479,1.088020920753479,0
2024-11-01 04:20:00+00:00,1.0883761644363403,1.0883761644363403,1.0883761644363403,1.088139295578003,1.088139295578003,0
2024-11-01 04:25:00+00:00,1.088139295578003,1.088139295578003,1.0882576704025269,1.088139295578003,1.088139295578003,0
2024-11-01 04:30:00+00:00,1.088139295578003,1.088139295578003,1.0882576704025269,1.088139295578003,1.0882576704025269,0
2024-11-01 04:35:00+00:00,1.088020920753479,1.088020920753479,1.088139295578003,1.088020920753479,1.088139295578003,0
2024-11-01 04:40:00+00:00,1.088020920753479,1.088020920753479,1.088139295578003,1.088020920753479,1.088139295578003,0
2024-11-01 04:45:00+00:00,1.088020920753479,1.088020920753479,1.088139295578003,1.088020920753479,1.088020920753479,0
2024-11-01 04:50:00+00:00,1.087902545928955,1.087902545928955,1.088020920753479,1.087902545928955,1.088020920753479,0
2024-11-01 04:55:00+00:00,1.088020920753479,1.088020920753479,1.088020920753479,1.088020920753479,1.088020920753479,0
2024-11-01 05:00:00+00:00,1.088020920753479,1.088020920753479,1.088139295578003,1.088020920753479,1.088139295578003,0
2024-11-01 05:05:00+00:00,1.087902545928955,1.087902545928955,1.087902545928955,1.087902545928955,1.087902545928955,0
2024-11-01 05:10:00+00:00,1.087902545928955,1.087902545928955,1.087902545928955,1.0877841711044312,1.0877841711044312,0
2024-11-01 05:15:00+00:00,1.087902545928955,1.087902545928955,1.087902545928955,1.087902545928955,1.087902545928955,0
2024-11-01 05:20:00+00:00,1.0877841711044312,1.0877841711044312,1.087902545928955,1.0877841711044312,1.087902545928955,0
2024-11-01 05:25:00+00:00,1.0876659154891968,1.0876659154891968,1.0876659154891968,1.0876659154891968,1.0876659154891968,0
2024-11-01 05:30:00+00:00,1.0876659154891968,1.0876659154891968,1.0876659154891968,1.0876659154891968,1.0876659154891968,0
2024-11-01 05:35:00+00:00,1.0875475406646729,1.0875475406646729,1.0876659154891968,1.0875475406646729,1.0875475406646729,0
2024-11-01 05:40:00+00:00,1.0874292850494385,1.0874292850494385,1.0875475406646729,1.0874292850494385,1.0875475406646729,0
2024-11-01 05:45:00+00:00,1.0874292850494385,1.0874292850494385,1.0874292850494385,1.0874292850494385,1.0874292850494385,0
2024-11-01 05:50:00+00:00,1.0875475406646729,1.0875475406646729,1.0875475406646729,1.0874292850494385,1.0874292850494385,0
2024-11-01 05:55:00+00:00,1.0874292850494385,1.0874292850494385,1.0875475406646729,1.0874292850494385,1.0875475406646729,0
2024-11-01 06:00:00+00:00,1.0876659154891968,1.0876659154891968,1.0876659154891968,1.0874292850494385,1.0874292850494385,0
2024-11-01 06:05:00+00:00,1.0876659154891968,1.0876659154891968,1.0876659154891968,1.0876659154891968,1.0876659154891968,0
2024-11-01 06:10:00+00:00,1.0877841711044312,1.0877841711044312,1.0877841711044312,1.0876659154891968,1.0876659154891968,0
2024-11-01 06:15:00+00:00,1.0877841711044312,1.0877841711044312,1.0877841711044312,1.0877841711044312,1.0877841711044312,0
2024-11-01 06:20:00+00:00,1.0877841711044312,1.0877841711044312,1.0877841711044312,1.0876659154891968,1.0876659154891968,0
2024-11-01 06:25:00+00:00,1.0876659154891968,1.0876659154891968,1.0877841711044312,1.0876659154891968,1.0876659154891968,0
2024-11-01 06:30:00+00:00,1.0876659154891968,1.0876659154891968,1.0877841711044312,1.0876659154891968,1.0877841711044312,0
2024-11-01 06:35:00+00:00,1.0876659154891968,1.0876659154891968,1.0876659154891968,1.0876659154891968,1.0876659154891968,0
2024-11-01 06:40:00+00:00,1.0874292850494385,1.0874292850494385,1.0876659154891968,1.0874292850494385,1.0876659154891968,0
2024-11-01 06:45:00+00:00,1.0875475406646729,1.0875475406646729,1.0875475406646729,1.0875475406646729,1.0875475406646729,0
2024-11-01 06:50:00+00:00,1.0874292850494385,1.0874292850494385,1.0875475406646729,1.0874292850494385,1.0875475406646729,0
2024-11-01 06:55:00+00:00,1.0876659154891968,1.0876659154891968,1.0876659154891968,1.0874292850494385,1.0874292850494385,0
2024-11-01 07:00:00+00:00,1.0877841711044312,1.0877841711044312,1.0877841711044312,1.0877841711044312,1.0877841711044312,0
2024-11-01 07:05:00+00:00,1.087902545928955,1.087902545928955,1.088020920753479,1.0877841711044312,1.0877841711044312,0
2024-11-01 07:10:00+00:00,1.0877841711044312,1.0877841711044312,1.087902545928955,1.0877841711044312,1.0877841711044312,0
2024-11-01 07:15:00+00:00,1.0876659154891968,1.0876659154891968,1.0877841711044312,1.0876659154891968,1.0877841711044312,0
2024-11-01 07:20:00+00:00,1.088020920753479,1.088020920753479,1.088139295578003,1.0877841711044312,1.0877841711044312,0
2024-11-01 07:25:00+00:00,1.087902545928955,1.087902545928955,1.088020920753479,1.087902545928955,1.088020920753479,0
2024-11-01 07:30:00+00:00,1.0877841711044312,1.0877841711044312,1.087902545928955,1.0877841711044312,1.0877841711044312,0
2024-11-01 07:35:00+00:00,1.0875475406646729,1.0875475406646729,1.087902545928955,1.0875475406646729,1.087902545928955,0
2024-11-01 07:40:00+00:00,1.0875475406646729,1.0875475406646729,1.0876659154891968,1.0875475406646729,1.0875475406646729,0
2024-11-01 07:45:00+00:00,1.0875475406646729,1.0875475406646729,1.0875475406646729,1.0875475406646729,1.0875475406646729,0
2024-11-01 07:50:00+00:00,1.0874292850494385,1.0874292850494385,1.0875475406646729,1.0874292850494385,1.0875475406646729,0
2024-11-01 07:55:00+00:00,1.0871928930282593,1.0871928930282593,1.0874292850494385,1.0871928930282593,1.0874292850494385,0
2024-11-01 08:00:00+00:00,1.08695650100708,1.08695650100708,1.087074637413025,1.08695650100708,1.08695650100708,0
2024-11-01 08:05:00+00:00,1.0866022109985352,1.0866022109985352,1.0868383646011353,1.0866022109985352,1.0868383646011353,0
2024-11-01 08:10:00+00:00,1.0863661766052246,1.0863661766052246,1.0864840745925903,1.0863661766052246,1.0864840745925903,0
2024-11-01 08:15:00+00:00,1.086130142211914,1.086130142211914,1.0862481594085693,1.086130142211914,1.0862481594085693,0
2024-11-01 08:20:00+00:00,1.0863661766052246,1.0863661766052246,1.0863661766052246,1.086130142211914,1.086130142211914,0
2024-11-01 08:25:00+00:00,1.0863661766052246,1.0863661766052246,1.0863661766052246,1.086130142211914,1.086130142211914,0
2024-11-01 08:30:00+00:00,1.0862481594085693,1.0862481594085693,1.0863661766052246,1.086130142211914,1.0862481594085693,0
2024-11-01 08:35:00+00:00,1.0863661766052246,1.0863661766052246,1.0863661766052246,1.0862481594085693,1.0863661766052246,0
2024-11-01 08:40:00+00:00,1.0866022109985352,1.0866022109985352,1.0866022109985352,1.0862481594085693,1.0862481594085693,0
2024-11-01 08:45:00+00:00,1.08672034740448,1.08672034740448,1.08672034740448,1.0866022109985352,1.0866022109985352,0
2024-11-01 08:50:00+00:00,1.08672034740448,1.08672034740448,1.08672034740448,1.0866022109985352,1.0866022109985352,0
2024-11-01 08:55:00+00:00,1.0864840745925903,1.0864840745925903,1.0868383646011353,1.0864840745925903,1.0868383646011353,0
2024-11-01 09:00:00+00:00,1.08672034740448,1.08672034740448,1.0868383646011353,1.0866022109985352,1.0866022109985352,0
2024-11-01 09:05:00+00:00,1.087074637413025,1.087074637413025,1.087074637413025,1.08672034740448,1.08672034740448,0
2024-11-01 09:10:00+00:00,1.087074637413025,1.087074637413025,1.0871928930282593,1.087074637413025,1.0871928930282593,0
2024-11-01 09:15:00+00:00,1.0868383646011353,1.0868383646011353,1.08695650100708,1.0868383646011353,1.08695650100708,0
2024-11-01 09:20:00+00:00,1.0866022109985352,1.0866022109985352,1.0868383646011353,1.0866022109985352,1.08672034740448,0
2024-11-01 09:25:00+00:00,1.086130142211914,1.086130142211914,1.0863661766052246,1.086130142211914,1.0863661766052246,0
2024-11-01 09:30:00+00:00,1.0863661766052246,1.0863661766052246,1.0863661766052246,1.0862481594085693,1.0862481594085693,0
2024-11-01 09:35:00+00:00,1.0863661766052246,1.0863661766052246,1.0864840745925903,1.0863661766052246,1.0864840745925903,0
2024-11-01 09:40:00+00:00,1.086130142211914,1.086130142211914,1.0863661766052246,1.086130142211914,1.0863661766052246,0
2024-11-01 09:45:00+00:00,1.0862481594085693,1.0862481594085693,1.0862481594085693,1.086130142211914,1.086130142211914,0
2024-11-01 09:50:00+00:00,1.0862481594085693,1.0862481594085693,1.0863661766052246,1.0862481594085693,1.0862481594085693,0
2024-11-01 09:55:00+00:00,1.086130142211914,1.086130142211914,1.0862481594085693,1.086130142211914,1.0862481594085693,0
2024-11-01 10:00:00+00:00,1.0860122442245483,1.0860122442245483,1.086130142211914,1.085894227027893,1.085894227027893,0
2024-11-01 10:05:00+00:00,1.0860122442245483,1.0860122442245483,1.0860122442245483,1.0860122442245483,1.0860122442245483,0
2024-11-01 10:10:00+00:00,1.0860122442245483,1.0860122442245483,1.0860122442245483,1.085894227027893,1.0860122442245483,0
2024-11-01 10:15:00+00:00,1.0857763290405273,1.0857763290405273,1.0862481594085693,1.0857763290405273,1.086130142211914,0
2024-11-01 10:20:00+00:00,1.085894227027893,1.085894227027893,1.0860122442245483,1.0857763290405273,1.0857763290405273,0
2024-11-01 10:25:00+00:00,1.085894227027893,1.085894227027893,1.0860122442245483,1.085894227027893,1.0860122442245483,0
2024-11-01 10:30:00+00:00,1.085894227027893,1.085894227027893,1.0860122442245483,1.085894227027893,1.0860122442245483,0
2024-11-01 10:35:00+00:00,1.0856584310531616,1.0856584310531616,1.085894227027893,1.0856584310531616,1.0857763290405273,0
2024-11-01 10:40:00+00:00,1.0856584310531616,1.0856584310531616,1.0856584310531616,1.0855406522750854,1.0855406522750854,0
2024-11-01 10:45:00+00:00,1.0860122442245483,1.0860122442245483,1.0860122442245483,1.0857763290405273,1.0857763290405273,0
2024-11-01 10:50:00+00:00,1.0860122442245483,1.0860122442245483,1.086130142211914,1.0860122442245483,1.086130142211914,0
2024-11-01 10:55:00+00:00,1.0863661766052246,1.0863661766052246,1.0863661766052246,1.086130142211914,1.086130142211914,0
2024-11-01 11:00:00+00:00,1.0866022109985352,1.0866022109985352,1.0866022109985352,1.0863661766052246,1.0864840745925903,0
2024-11-01 11:05:00+00:00,1.0864840745925903,1.0864840745925903,1.08672034740448,1.0864840745925903,1.08672034740448,0
2024-11-01 11:10:00+00:00,1.0868383646011353,1.0868383646011353,1.0868383646011353,1.0866022109985352,1.0866022109985352,0
2024-11-01 11:15:00+00:00,1.08672034740448,1.08672034740448,1.08672034740448,1.08672034740448,1.08672034740448,0
2024-11-01 11:20:00+00:00,1.0864840745925903,1.0864840745925903,1.08672034740448,1.0864840745925903,1.08672034740448,0
2024-11-01 11:25:00+00:00,1.0862481594085693,1.0862481594085693,1.0864840745925903,1.0862481594085693,1.0864840745925903,0
2024-11-01 11:30:00+00:00,1.0864840745925903,1.0864840745925903,1.0864840745925903,1.0862481594085693,1.0862481594085693,0
2024-11-01 11:35:00+00:00,1.0866022109985352,1.0866022109985352,1.08672034740448,1.0864840745925903,1.08672034740448,0
2024-11-01 11:40:00+00:00,1.0868383646011353,1.0868383646011353,1.0868383646011353,1.0866022109985352,1.0866022109985352,0
2024-11-01 11:45:00+00:00,1.0868383646011353,1.0868383646011353,1.08695650100708,1.0868383646011353,1.0868383646011353,0
2024-11-01 11:50:00+00:00,1.087074637413025,1.087074637413025,1.087074637413025,1.08695650100708,1.087074637413025,0
2024-11-01 11:55:00+00:00,1.087074637413025,1.087074637413025,1.087074637413025,1.08695650100708,1.08695650100708,0
2024-11-01 12:00:00+00:00,1.087311029434204,1.087311029434204,1.087311029434204,1.087074637413025,1.087074637413025,0
2024-11-01 12:05:00+00:00,1.0871928930282593,1.0871928930282593,1.087311029434204,1.0871928930282593,1.087311029434204,0
2024-11-01 12:10:00+00:00,1.08695650100708,1.08695650100708,1.08695650100708,1.0868383646011353,1.08695650100708,0
2024-11-01 12:15:00+00:00,1.08695650100708,1.08695650100708,1.08695650100708,1.0868383646011353,1.08695650100708,0
2024-11-01 12:20:00+00:00,1.087074637413025,1.087074637413025,1.087311029434204,1.087074637413025,1.0871928930282593,0
2024-11-01 12:25:00+00:00,1.0868383646011353,1.0868383646011353,1.08695650100708,1.0866022109985352,1.0868383646011353,0
2024-11-01 12:30:00+00:00,1.0893245935440063,1.0893245935440063,1.089561939239502,1.0887316465377808,1.0889687538146973,0
2024-11-01 12:35:00+00:00,1.0907504558563232,1.0907504558563232,1.0907504558563232,1.089680790901184,1.089680790901184,0
2024-11-01 12:40:00+00:00,1.0901559591293335,1.0901559591293335,1.0903936624526978,1.0899182558059692,1.0903936624526978,0
2024-11-01 12:45:00+00:00,1.0899182558059692,1.0899182558059692,1.0903936624526978,1.0899182558059692,1.0903936624526978,0
2024-11-01 12:50:00+00:00,1.0900371074676514,1.0900371074676514,1.090274691581726,1.089680790901184,1.089680790901184,0
2024-11-01 12:55:00+00:00,1.0889687538146973,1.0889687538146973,1.0900371074676514,1.0888501405715942,1.0900371074676514,0
2024-11-01 13:00:00+00:00,1.0882576704025269,1.0882576704025269,1.0889687538146973,1.0882576704025269,1.0889687538146973,0
2024-11-01 13:05:00+00:00,1.0887316465377808,1.0887316465377808,1.0887316465377808,1.0882576704025269,1.0882576704025269,0
2024-11-01 13:10:00+00:00,1.088139295578003,1.088139295578003,1.088139295578003,1.087902545928955,1.088139295578003,0
2024-11-01 13:15:00+00:00,1.087902545928955,1.087902545928955,1.088139295578003,1.0877841711044312,1.087902545928955,0
2024-11-01 13:20:00+00:00,1.0876659154891968,1.0876659154891968,1.0877841711044312,1.087311029434204,1.0877841711044312,0
2024-11-01 13:25:00+00:00,1.087311029434204,1.087311029434204,1.0875475406646729,1.087311029434204,1.0875475406646729,0
2024-11-01 13:30:00+00:00,1.0875475406646729,1.0875475406646729,1.0875475406646729,1.0871928930282593,1.0874292850494385,0
2024-11-01 13:35:00+00:00,1.0877841711044312,1.0877841711044312,1.0877841711044312,1.0876659154891968,1.0877841711044312,0
2024-11-01 13:40:00+00:00,1.087902545928955,1.087902545928955,1.087902545928955,1.0876659154891968,1.0877841711044312,0
2024-11-01 13:45:00+00:00,1.0874292850494385,1.0874292850494385,1.087902545928955,1.0874292850494385,1.087902545928955,0
2024-11-01 13:50:00+00:00,1.0874292850494385,1.0874292850494385,1.0875475406646729,1.0874292850494385,1.0875475406646729,0
2024-11-01 13:55:00+00:00,1.0871928930282593,1.0871928930282593,1.0871928930282593,1.0868383646011353,1.0871928930282593,0
2024-11-01 14:00:00+00:00,1.0862481594085693,1.0862481594085693,1.0874292850494385,1.0862481594085693,1.0874292850494385,0
2024-11-01 14:05:00+00:00,1.08672034740448,1.08672034740448,1.08672034740448,1.0863661766052246,1.0864840745925903,0
2024-11-01 14:10:00+00:00,1.08695650100708,1.08695650100708,1.08695650100708,1.0866022109985352,1.0866022109985352,0
2024-11-01 14:15:00+00:00,1.0863661766052246,1.0863661766052246,1.0868383646011353,1.0863661766052246,1.0868383646011353,0
2024-11-01 14:20:00+00:00,1.0862481594085693,1.0862481594085693,1.0862481594085693,1.0860122442245483,1.0860122442245483,0
2024-11-01 14:25:00+00:00,1.086130142211914,1.086130142211914,1.086130142211914,1.0860122442245483,1.086130142211914,0
2024-11-01 14:30:00+00:00,1.0862481594085693,1.0862481594085693,1.0863661766052246,1.086130142211914,1.0863661766052246,0
2024-11-01 14:35:00+00:00,1.0856584310531616,1.0856584310531616,1.0862481594085693,1.0856584310531616,1.0862481594085693,0
2024-11-01 14:40:00+00:00,1.0855406522750854,1.0855406522750854,1.0856584310531616,1.0853049755096436,1.0853049755096436,0
2024-11-01 14:45:00+00:00,1.0856584310531616,1.0856584310531616,1.0857763290405273,1.0855406522750854,1.0855406522750854,0
2024-11-01 14:50:00+00:00,1.0854227542877197,1.0854227542877197,1.085894227027893,1.0854227542877197,1.0857763290405273,0
2024-11-01 14:55:00+00:00,1.0857763290405273,1.0857763290405273,1.0857763290405273,1.0855406522750854,1.0855406522750854,0
2024-11-01 15:00:00+00:00,1.0856584310531616,1.0856584310531616,1.0857763290405273,1.0854227542877197,1.0857763290405273,0
2024-11-01 15:05:00+00:00,1.0855406522750854,1.0855406522750854,1.0856584310531616,1.0854227542877197,1.0856584310531616,0
2024-11-01 15:10:00+00:00,1.0857763290405273,1.0857763290405273,1.0860122442245483,1.0857763290405273,1.0857763290405273,0
2024-11-01 15:15:00+00:00,1.0860122442245483,1.0860122442245483,1.086130142211914,1.0857763290405273,1.085894227027893,0
2024-11-01 15:20:00+00:00,1.085894227027893,1.085894227027893,1.0860122442245483,1.085894227027893,1.0860122442245483,0
2024-11-01 15:25:00+00:00,1.0856584310531616,1.0856584310531616,1.0857763290405273,1.0856584310531616,1.0857763290405273,0
2024-11-01 15:30:00+00:00,1.0855406522750854,1.0855406522750854,1.085894227027893,1.0854227542877197,1.085894227027893,0
2024-11-01 15:35:00+00:00,1.0854227542877197,1.0854227542877197,1.0855406522750854,1.0854227542877197,1.0855406522750854,0
2024-11-01 15:40:00+00:00,1.0854227542877197,1.0854227542877197,1.0855406522750854,1.0853049755096436,1.0854227542877197,0
2024-11-01 15:45:00+00:00,1.0851871967315674,1.0851871967315674,1.0856584310531616,1.0851871967315674,1.0856584310531616,0
2024-11-01 15:50:00+00:00,1.0855406522750854,1.0855406522750854,1.0856584310531616,1.0854227542877197,1.0854227542877197,0
2024-11-01 15:55:00+00:00,1.0851871967315674,1.0851871967315674,1.0855406522750854,1.0850694179534912,1.0854227542877197,0
2024-11-01 16:00:00+00:00,1.0854227542877197,1.0854227542877197,1.0855406522750854,1.0850694179534912,1.0850694179534912,0
2024-11-01 16:05:00+00:00,1.0855406522750854,1.0855406522750854,1.0856584310531616,1.0854227542877197,1.0855406522750854,0
2024-11-01 16:10:00+00:00,1.0855406522750854,1.0855406522750854,1.0855406522750854,1.0854227542877197,1.0854227542877197,0
2024-11-01 16:15:00+00:00,1.0853049755096436,1.0853049755096436,1.0855406522750854,1.0851871967315674,1.0855406522750854,0
2024-11-01 16:20:00+00:00,1.0851871967315674,1.0851871967315674,1.0853049755096436,1.0850694179534912,1.0853049755096436,0
2024-11-01 16:25:00+00:00,1.0851871967315674,1.0851871967315674,1.0853049755096436,1.0851871967315674,1.0851871967315674,0
2024-11-01 16:30:00+00:00,1.0850694179534912,1.0850694179534912,1.0853049755096436,1.0850694179534912,1.0853049755096436,0
2024-11-01 16:35:00+00:00,1.0850694179534912,1.0850694179534912,1.0851871967315674,1.0850694179534912,1.0851871967315674,0
2024-11-01 16:40:00+00:00,1.0850694179534912,1.0850694179534912,1.0850694179534912,1.0849517583847046,1.0850694179534912,0
2024-11-01 16:45:00+00:00,1.0853049755096436,1.0853049755096436,1.0853049755096436,1.0853049755096436,1.0853049755096436,0
2024-11-01 16:50:00+00:00,1.0855406522750854,1.0855406522750854,1.0855406522750854,1.0853049755096436,1.0853049755096436,0
2024-11-01 16:55:00+00:00,1.0855406522750854,1.0855406522750854,1.0857763290405273,1.0855406522750854,1.0857763290405273,0
2024-11-01 17:00:00+00:00,1.0851871967315674,1.0851871967315674,1.0853049755096436,1.0851871967315674,1.0853049755096436,0
2024-11-01 17:05:00+00:00,1.0853049755096436,1.0853049755096436,1.0853049755096436,1.0851871967315674,1.0853049755096436,0
2024-11-01 17:10:00+00:00,1.0851871967315674,1.0851871967315674,1.0851871967315674,1.0851871967315674,1.0851871967315674,0
2024-11-01 17:15:00+00:00,1.0849517583847046,1.0849517583847046,1.0850694179534912,1.0849517583847046,1.0850694179534912,0
2024-11-01 17:20:00+00:00,1.0849517583847046,1.0849517583847046,1.0849517583847046,1.0849517583847046,1.0849517583847046,0
2024-11-01 17:25:00+00:00,1.0849517583847046,1.0849517583847046,1.0849517583847046,1.0849517583847046,1.0849517583847046,0
2024-11-01 17:30:00+00:00,1.0848339796066284,1.0848339796066284,1.0848339796066284,1.0848339796066284,1.0848339796066284,0
2024-11-01 17:35:00+00:00,1.0842459201812744,1.0842459201812744,1.0847163200378418,1.0842459201812744,1.0847163200378418,0
2024-11-01 17:40:00+00:00,1.0838934183120728,1.0838934183120728,1.0841283798217773,1.0837758779525757,1.0841283798217773,0
2024-11-01 17:45:00+00:00,1.0837758779525757,1.0837758779525757,1.0840108394622803,1.0837758779525757,1.0840108394622803,0
2024-11-01 17:50:00+00:00,1.0840108394622803,1.0840108394622803,1.0840108394622803,1.0838934183120728,1.0838934183120728,0
2024-11-01 17:55:00+00:00,1.0838934183120728,1.0838934183120728,1.0840108394622803,1.0838934183120728,1.0840108394622803,0
2024-11-01 18:00:00+00:00,1.0843634605407715,1.0843634605407715,1.0843634605407715,1.0840108394622803,1.0840108394622803,0
2024-11-01 18:05:00+00:00,1.0842459201812744,1.0842459201812744,1.0843634605407715,1.0842459201812744,1.0843634605407715,0
2024-11-01 18:10:00+00:00,1.0841283798217773,1.0841283798217773,1.0842459201812744,1.0840108394622803,1.0842459201812744,0
2024-11-01 18:15:00+00:00,1.0840108394622803,1.0840108394622803,1.0842459201812744,1.0840108394622803,1.0842459201812744,0
2024-11-01 18:20:00+00:00,1.0843634605407715,1.0843634605407715,1.0843634605407715,1.0841283798217773,1.0841283798217773,0
2024-11-01 18:25:00+00:00,1.0843634605407715,1.0843634605407715,1.0843634605407715,1.0843634605407715,1.0843634605407715,0
2024-11-01 18:30:00+00:00,1.0845986604690552,1.0845986604690552,1.0845986604690552,1.0843634605407715,1.0843634605407715,0
2024-11-01 18:35:00+00:00,1.0847163200378418,1.0847163200378418,1.0848339796066284,1.0845986604690552,1.0845986604690552,0
2024-11-01 18:40:00+00:00,1.0843634605407715,1.0843634605407715,1.0847163200378418,1.0843634605407715,1.0847163200378418,0
2024-11-01 18:45:00+00:00,1.0841283798217773,1.0841283798217773,1.0843634605407715,1.0841283798217773,1.0843634605407715,0
2024-11-01 18:50:00+00:00,1.0842459201812744,1.0842459201812744,1.0842459201812744,1.0841283798217773,1.0842459201812744,0
2024-11-01 18:55:00+00:00,1.0842459201812744,1.0842459201812744,1.0842459201812744,1.0841283798217773,1.0841283798217773,0
2024-11-01 19:00:00+00:00,1.0841283798217773,1.0841283798217773,1.0841283798217773,1.0840108394622803,1.0841283798217773,0
2024-11-01 19:05:00+00:00,1.0843634605407715,1.0843634605407715,1.0843634605407715,1.0840108394622803,1.0840108394622803,0
2024-11-01 19:10:00+00:00,1.0842459201812744,1.0842459201812744,1.084481120109558,1.0842459201812744,1.084481120109558,0
2024-11-01 19:15:00+00:00,1.0841283798217773,1.0841283798217773,1.0842459201812744,1.0841283798217773,1.0842459201812744,0
2024-11-01 19:20:00+00:00,1.0840108394622803,1.0840108394622803,1.0842459201812744,1.0840108394622803,1.0841283798217773,0
2024-11-01 19:25:00+00:00,1.0840108394622803,1.0840108394622803,1.0840108394622803,1.0840108394622803,1.0840108394622803,0
2024-11-01 19:30:00+00:00,1.0840108394622803,1.0840108394622803,1.0840108394622803,1.0838934183120728,1.0840108394622803,0
2024-11-01 19:35:00+00:00,1.0837758779525757,1.0837758779525757,1.0838934183120728,1.0837758779525757,1.0838934183120728,0
2024-11-01 19:40:00+00:00,1.0838934183120728,1.0838934183120728,1.0838934183120728,1.0837758779525757,1.0837758779525757,0
2024-11-01 19:45:00+00:00,1.0838934183120728,1.0838934183120728,1.0838934183120728,1.0837758779525757,1.0837758779525757,0
2024-11-01 19:50:00+00:00,1.0838934183120728,1.0838934183120728,1.0838934183120728,1.0837758779525757,1.0837758779525757,0
2024-11-01 19:55:00+00:00,1.0837758779525757,1.0837758779525757,1.0838934183120728,1.0837758779525757,1.0838934183120728,0
2024-11-01 20:00:00+00:00,1.0838934183120728,1.0838934183120728,1.0838934183120728,1.0837758779525757,1.0838934183120728,0
2024-11-01 20:05:00+00:00,1.0835410356521606,1.0835410356521606,1.0838934183120728,1.0835410356521606,1.0838934183120728,0
2024-11-01 20:10:00+00:00,1.0835410356521606,1.0835410356521606,1.0836584568023682,1.0835410356521606,1.0835410356521606,0
2024-11-01 20:15:00+00:00,1.0835410356521606,1.0835410356521606,1.0835410356521606,1.0835410356521606,1.0835410356521606,0
2024-11-01 20:20:00+00:00,1.0835410356521606,1.0835410356521606,1.0835410356521606,1.0834236145019531,1.0834236145019531,0
2024-11-01 20:25:00+00:00,1.0835410356521606,1.0835410356521606,1.0835410356521606,1.0835410356521606,1.0835410356521606,0
2024-11-01 20:30:00+00:00,1.0836584568023682,1.0836584568023682,1.0836584568023682,1.0835410356521606,1.0835410356521606,0
2024-11-01 20:35:00+00:00,1.0836584568023682,1.0836584568023682,1.0836584568023682,1.0835410356521606,1.0835410356521606,0
2024-11-01 20:40:00+00:00,1.0837758779525757,1.0837758779525757,1.0837758779525757,1.0836584568023682,1.0836584568023682,0
2024-11-01 20:45:00+00:00,1.0837758779525757,1.0837758779525757,1.0837758779525757,1.0836584568023682,1.0837758779525757,0
2024-11-01 20:50:00+00:00,1.0836584568023682,1.0836584568023682,1.0837758779525757,1.0836584568023682,1.0837758779525757,0
2024-11-01 20:55:00+00:00,1.0836584568023682,1.0836584568023682,1.0838934183120728,1.0836584568023682,1.0836584568023682,0
2024-11-01 21:00:00+00:00,1.0837758779525757,1.0837758779525757,1.0837758779525757,1.0837758779525757,1.0837758779525757,0
2024-11-01 21:05:00+00:00,1.0837758779525757,1.0837758779525757,1.0837758779525757,1.0837758779525757,1.0837758779525757,0
2024-11-01 21:10:00+00:00,1.0843634605407715,1.0843634605407715,1.0843634605407715,1.0837758779525757,1.0837758779525757,0
2024-11-01 21:15:00+00:00,1.0843634605407715,1.0843634605407715,1.0843634605407715,1.0843634605407715,1.0843634605407715,0
2024-11-01 21:20:00+00:00,1.0843634605407715,1.0843634605407715,1.0843634605407715,1.0843634605407715,1.0843634605407715,0
2024-11-01 21:25:00+00:00,1.0843634605407715,1.0843634605407715,1.0843634605407715,1.0843634605407715,1.0843634605407715,0
2024-11-01 21:30:00+00:00,1.0843634605407715,1.0843634605407715,1.0843634605407715,1.0843634605407715,1.0843634605407715,0
2024-11-01 21:35:00+00:00,1.0843634605407715,1.0843634605407715,1.0843634605407715,1.0843634605407715,1.0843634605407715,0
2024-11-01 21:40:00+00:00,1.0843634605407715,1.0843634605407715,1.0843634605407715,1.0843634605407715,1.0843634605407715,0
2024-11-01 21:45:00+00:00,1.0843634605407715,1.0843634605407715,1.0843634605407715,1.0843634605407715,1.0843634605407715,0
2024-11-01 21:50:00+00:00,1.0843634605407715,1.0843634605407715,1.0843634605407715,1.0843634605407715,1.0843634605407715,0
2024-11-01 21:55:00+00:00,1.0843634605407715,1.0843634605407715,1.0843634605407715,1.0843634605407715,1.0843634605407715,0
2024-11-01 22:00:00+00:00,1.0843634605407715,1.0843634605407715,1.0843634605407715,1.0843634605407715,1.0843634605407715,0
2024-11-01 22:05:00+00:00,1.0843634605407715,1.0843634605407715,1.0843634605407715,1.0843634605407715,1.0843634605407715,0
2024-11-01 22:10:00+00:00,1.0843634605407715,1.0843634605407715,1.0843634605407715,1.0843634605407715,1.0843634605407715,0
2024-11-01 22:15:00+00:00,1.0843634605407715,1.0843634605407715,1.0843634605407715,1.0843634605407715,1.0843634605407715,0
2024-11-01 22:20:00+00:00,1.0843634605407715,1.0843634605407715,1.0843634605407715,1.0843634605407715,1.0843634605407715,0
2024-11-01 22:25:00+00:00,1.0843634605407715,1.0843634605407715,1.0843634605407715,1.0843634605407715,1.0843634605407715,0
2024-11-04 00:00:00+00:00,1.0875475406646729,1.0875475406646729,1.0877841711044312,1.0875475406646729,1.0875475406646729,0
2024-11-04 00:05:00+00:00,1.0876659154891968,1.0876659154891968,1.0876659154891968,1.0874292850494385,1.0875475406646729,0
2024-11-04 00:10:00+00:00,1.087311029434204,1.087311029434204,1.0875475406646729,1.087311029434204,1.0875475406646729,0
2024-11-04 00:15:00+00:00,1.087311029434204,1.087311029434204,1.087311029434204,1.087311029434204,1.087311029434204,0
2024-11-04 00:20:00+00:00,1.0874292850494385,1.0874292850494385,1.0874292850494385,1.087311029434204,1.0874292850494385,0
2024-11-04 00:25:00+00:00,1.0875475406646729,1.0875475406646729,1.0875475406646729,1.0874292850494385,1.0874292850494385,0
2024-11-04 00:30:00+00:00,1.0874292850494385,1.0874292850494385,1.0874292850494385,1.0874292850494385,1.0874292850494385,0
2024-11-04 00:35:00+00:00,1.0875475406646729,1.0875475406646729,1.0876659154891968,1.0875475406646729,1.0876659154891968,0
2024-11-04 00:40:00+00:00,1.0875475406646729,1.0875475406646729,1.0876659154891968,1.0875475406646729,1.0875475406646729,0
2024-11-04 00:45:00+00:00,1.0877841711044312,1.0877841711044312,1.0877841711044312,1.0876659154891968,1.0876659154891968,0
2024-11-04 00:50:00+00:00,1.088139295578003,1.088139295578003,1.088139295578003,1.0877841711044312,1.0877841711044312,0
2024-11-04 00:55:00+00:00,1.088020920753479,1.088020920753479,1.088139295578003,1.088020920753479,1.088139295578003,0
2024-11-04 01:00:00+00:00,1.088020920753479,1.088020920753479,1.088139295578003,1.088020920753479,1.088020920753479,0
2024-11-04 01:05:00+00:00,1.088020920753479,1.088020920753479,1.0882576704025269,1.088020920753479,1.088139295578003,0
2024-11-04 01:10:00+00:00,1.0882576704025269,1.0882576704025269,1.0882576704025269,1.088020920753479,1.088020920753479,0
2024-11-04 01:15:00+00:00,1.0884946584701538,1.0884946584701538,1.0886130332946777,1.0883761644363403,1.0883761644363403,0
2024-11-04 01:20:00+00:00,1.0889687538146973,1.0889687538146973,1.0889687538146973,1.0886130332946777,1.0886130332946777,0
2024-11-04 01:25:00+00:00,1.0887316465377808,1.0887316465377808,1.0889687538146973,1.0887316465377808,1.0889687538146973,0
2024-11-04 01:30:00+00:00,1.0889687538146973,1.0889687538146973,1.0889687538146973,1.0887316465377808,1.0889687538146973,0
2024-11-04 01:35:00+00:00,1.0887316465377808,1.0887316465377808,1.0889687538146973,1.0887316465377808,1.0889687538146973,0
2024-11-04 01:40:00+00:00,1.0887316465377808,1.0887316465377808,1.0887316465377808,1.0886130332946777,1.0886130332946777,0
2024-11-04 01:45:00+00:00,1.0889687538146973,1.0889687538146973,1.0889687538146973,1.0887316465377808,1.0887316465377808,0
2024-11-04 01:50:00+00:00,1.0892059803009033,1.0892059803009033,1.0893245935440063,1.0892059803009033,1.0892059803009033,0
2024-11-04 01:55:00+00:00,1.0890873670578003,1.0890873670578003,1.0892059803009033,1.0890873670578003,1.0892059803009033,0
2024-11-04 02:00:00+00:00,1.0890873670578003,1.0890873670578003,1.0890873670578003,1.0889687538146973,1.0890873670578003,0
2024-11-04 02:05:00+00:00,1.0893245935440063,1.0893245935440063,1.0893245935440063,1.0890873670578003,1.0890873670578003,0
2024-11-04 02:10:00+00:00,1.0890873670578003,1.0890873670578003,1.0893245935440063,1.0890873670578003,1.0893245935440063,0
2024-11-04 02:15:00+00:00,1.0888501405715942,1.0888501405715942,1.0890873670578003,1.0888501405715942,1.0890873670578003,0
2024-11-04 02:20:00+00:00,1.0892059803009033,1.0892059803009033,1.0892059803009033,1.0888501405715942,1.0888501405715942,0
2024-11-04 02:25:00+00:00,1.0892059803009033,1.0892059803009033,1.0892059803009033,1.0892059803009033,1.0892059803009033,0
2024-11-04 02:30:00+00:00,1.0890873670578003,1.0890873670578003,1.0890873670578003,1.0890873670578003,1.0890873670578003,0
2024-11-04 02:35:00+00:00,1.0892059803009033,1.0892059803009033,1.0892059803009033,1.0890873670578003,1.0890873670578003,0
2024-11-04 02:40:00+00:00,1.0894432067871094,1.0894432067871094,1.0894432067871094,1.0893245935440063,1.0893245935440063,0
2024-11-04 02:45:00+00:00,1.089561939239502,1.089561939239502,1.089561939239502,1.0894432067871094,1.0894432067871094,0
2024-11-04 02:50:00+00:00,1.089561939239502,1.089561939239502,1.089561939239502,1.089561939239502,1.089561939239502,0
2024-11-04 02:55:00+00:00,1.089680790901184,1.089680790901184,1.089680790901184,1.089680790901184,1.089680790901184,0
2024-11-04 03:00:00+00:00,1.0900371074676514,1.0900371074676514,1.0900371074676514,1.0897995233535767,1.0897995233535767,0
2024-11-04 03:05:00+00:00,1.090274691581726,1.090274691581726,1.090274691581726,1.0900371074676514,1.0900371074676514,0
2024-11-04 03:10:00+00:00,1.090274691581726,1.090274691581726,1.0903936624526978,1.090274691581726,1.090274691581726,0
2024-11-04 03:15:00+00:00,1.090274691581726,1.090274691581726,1.090274691581726,1.090274691581726,1.090274691581726,0
2024-11-04 03:20:00+00:00,1.0903936624526978,1.0903936624526978,1.0903936624526978,1.0901559591293335,1.0901559591293335,0
2024-11-04 03:25:00+00:00,1.0901559591293335,1.0901559591293335,1.0903936624526978,1.0901559591293335,1.0903936624526978,0
2024-11-04 03:30:00+00:00,1.0901559591293335,1.0901559591293335,1.090274691581726,1.0900371074676514,1.090274691581726,0
2024-11-04 03:35:00+00:00,1.0903936624526978,1.0903936624526978,1.0903936624526978,1.0901559591293335,1.0901559591293335,0
2024-11-04 03:40:00+00:00,1.0905125141143799,1.0905125141143799,1.0905125141143799,1.0905125141143799,1.0905125141143799,0
2024-11-04 03:45:00+00:00,1.0906314849853516,1.0906314849853516,1.0906314849853516,1.0903936624526978,1.0905125141143799,0
2024-11-04 03:50:00+00:00,1.0906314849853516,1.0906314849853516,1.0907504558563232,1.0906314849853516,1.0906314849853516,0
2024-11-04 03:55:00+00:00,1.0903936624526978,1.0903936624526978,1.0905125141143799,1.090274691581726,1.0905125141143799,0
2024-11-04 04:00:00+00:00,1.0905125141143799,1.0905125141143799,1.0905125141143799,1.0903936624526978,1.0903936624526978,0
2024-11-04 04:05:00+00:00,1.0905125141143799,1.0905125141143799,1.0905125141143799,1.0905125141143799,1.0905125141143799,0
2024-11-04 04:10:00+00:00,1.090274691581726,1.090274691581726,1.0903936624526978,1.090274691581726,1.0903936624526978,0
2024-11-04 04:15:00+00:00,1.0901559591293335,1.0901559591293335,1.090274691581726,1.0901559591293335,1.090274691581726,0
2024-11-04 04:20:00+00:00,1.090274691581726,1.090274691581726,1.090274691581726,1.0901559591293335,1.090274691581726,0
2024-11-04 04:25:00+00:00,1.0901559591293335,1.0901559591293335,1.090274691581726,1.0901559591293335,1.090274691581726,0
2024-11-04 04:30:00+00:00,1.0901559591293335,1.0901559591293335,1.0901559591293335,1.0900371074676514,1.0901559591293335,0
2024-11-04 04:35:00+00:00,1.090274691581726,1.090274691581726,1.090274691581726,1.0901559591293335,1.0901559591293335,0
2024-11-04 04:40:00+00:00,1.0905125141143799,1.0905125141143799,1.0905125141143799,1.090274691581726,1.090274691581726,0
2024-11-04 04:45:00+00:00,1.0903936624526978,1.0903936624526978,1.0905125141143799,1.0903936624526978,1.0905125141143799,0
2024-11-04 04:50:00+00:00,1.090274691581726,1.090274691581726,1.090274691581726,1.0901559591293335,1.090274691581726,0
2024-11-04 04:55:00+00:00,1.0900371074676514,1.0900371074676514,1.090274691581726,1.0900371074676514,1.090274691581726,0
2024-11-04 05:00:00+00:00,1.0900371074676514,1.0900371074676514,1.0900371074676514,1.0897995233535767,1.0900371074676514,0
2024-11-04 05:05:00+00:00,1.0897995233535767,1.0897995233535767,1.0900371074676514,1.0897995233535767,1.0899182558059692,0
2024-11-04 05:10:00+00:00,1.0897995233535767,1.0897995233535767,1.0897995233535767,1.0897995233535767,1.0897995233535767,0
2024-11-04 05:15:00+00:00,1.0899182558059692,1.0899182558059692,1.0899182558059692,1.0897995233535767,1.0897995233535767,0
2024-11-04 05:20:00+00:00,1.0899182558059692,1.0899182558059692,1.0899182558059692,1.0899182558059692,1.0899182558059692,0
2024-11-04 05:25:00+00:00,1.0899182558059692,1.0899182558059692,1.0899182558059692,1.0897995233535767,1.0899182558059692,0
2024-11-04 05:30:00+00:00,1.0897995233535767,1.0897995233535767,1.0899182558059692,1.0897995233535767,1.0897995233535767,0
2024-11-04 05:35:00+00:00,1.0899182558059692,1.0899182558059692,1.0900371074676514,1.0897995233535767,1.0899182558059692,0
2024-11-04 05:40:00+00:00,1.0899182558059692,1.0899182558059692,1.0900371074676514,1.0899182558059692,1.0899182558059692,0
2024-11-04 05:45:00+00:00,1.0899182558059692,1.0899182558059692,1.0900371074676514,1.0899182558059692,1.0900371074676514,0
2024-11-04 05:50:00+00:00,1.0899182558059692,1.0899182558059692,1.0900371074676514,1.0899182558059692,1.0899182558059692,0
2024-11-04 05:55:00+00:00,1.0901559591293335,1.0901559591293335,1.090274691581726,1.0900371074676514,1.0900371074676514,0
2024-11-04 06:00:00+00:00,1.0905125141143799,1.0905125141143799,1.0905125141143799,1.090274691581726,1.090274691581726,0
2024-11-04 06:05:00+00:00,1.0900371074676514,1.0900371074676514,1.0903936624526978,1.0900371074676514,1.0903936624526978,0
2024-11-04 06:10:00+00:00,1.0899182558059692,1.0899182558059692,1.0901559591293335,1.0899182558059692,1.0901559591293335,0
2024-11-04 06:15:00+00:00,1.0900371074676514,1.0900371074676514,1.0900371074676514,1.0897995233535767,1.0897995233535767,0
2024-11-04 06:20:00+00:00,1.0901559591293335,1.0901559591293335,1.0901559591293335,1.0899182558059692,1.0899182558059692,0
2024-11-04 06:25:00+00:00,1.0899182558059692,1.0899182558059692,1.0900371074676514,1.0899182558059692,1.0900371074676514,0
2024-11-04 06:30:00+00:00,1.0899182558059692,1.0899182558059692,1.0900371074676514,1.0899182558059692,1.0900371074676514,0
2024-11-04 06:35:00+00:00,1.0899182558059692,1.0899182558059692,1.0899182558059692,1.0899182558059692,1.0899182558059692,0
2024-11-04 06:40:00+00:00,1.0899182558059692,1.0899182558059692,1.0899182558059692,1.0899182558059692,1.0899182558059692,0
2024-11-04 06:45:00+00:00,1.0897995233535767,1.0897995233535767,1.0897995233535767,1.089680790901184,1.0897995233535767,0
2024-11-04 06:50:00+00:00,1.089680790901184,1.089680790901184,1.089680790901184,1.089561939239502,1.089680790901184,0
2024-11-04 06:55:00+00:00,1.089561939239502,1.089561939239502,1.089561939239502,1.0894432067871094,1.089561939239502,0
2024-11-04 07:00:00+00:00,1.0893245935440063,1.0893245935440063,1.0894432067871094,1.0892059803009033,1.0893245935440063,0
2024-11-04 07:05:00+00:00,1.0893245935440063,1.0893245935440063,1.0894432067871094,1.0892059803009033,1.0893245935440063,0
2024-11-04 07:10:00+00:00,1.0893245935440063,1.0893245935440063,1.0893245935440063,1.0893245935440063,1.0893245935440063,0
2024-11-04 07:15:00+00:00,1.089680790901184,1.089680790901184,1.089680790901184,1.0894432067871094,1.0894432067871094,0
2024-11-04 07:20:00+00:00,1.0890873670578003,1.0890873670578003,1.089561939239502,1.0890873670578003,1.089561939239502,0
2024-11-04 07:25:00+00:00,1.0893245935440063,1.0893245935440063,1.0893245935440063,1.0890873670578003,1.0890873670578003,0
2024-11-04 07:30:00+00:00,1.089561939239502,1.089561939239502,1.089680790901184,1.0893245935440063,1.0893245935440063,0
2024-11-04 07:35:00+00:00,1.089680790901184,1.089680790901184,1.0897995233535767,1.089680790901184,1.089680790901184,0
2024-11-04 07:40:00+00:00,1.089561939239502,1.089561939239502,1.089680790901184,1.089561939239502,1.089680790901184,0
2024-11-04 07:45:00+00:00,1.0893245935440063,1.0893245935440063,1.0894432067871094,1.0893245935440063,1.0893245935440063,0
2024-11-04 07:50:00+00:00,1.0893245935440063,1.0893245935440063,1.0894432067871094,1.0893245935440063,1.0894432067871094,0
2024-11-04 07:55:00+00:00,1.0893245935440063,1.0893245935440063,1.0894432067871094,1.0893245935440063,1.0894432067871094,0
2024-11-04 08:00:00+00:00,1.089561939239502,1.089561939239502,1.089561939239502,1.0893245935440063,1.0893245935440063,0
2024-11-04 08:05:00+00:00,1.0899182558059692,1.0899182558059692,1.0900371074676514,1.089561939239502,1.089561939239502,0
2024-11-04 08:10:00+00:00,1.0901559591293335,1.0901559591293335,1.090274691581726,1.0900371074676514,1.0900371074676514,0
2024-11-04 08:15:00+00:00,1.0900371074676514,1.0900371074676514,1.090274691581726,1.0900371074676514,1.090274691581726,0
2024-11-04 08:20:00+00:00,1.0899182558059692,1.0899182558059692,1.0900371074676514,1.0897995233535767,1.0899182558059692,0
2024-11-04 08:25:00+00:00,1.089680790901184,1.089680790901184,1.0897995233535767,1.089680790901184,1.0897995233535767,0
2024-11-04 08:30:00+00:00,1.089680790901184,1.089680790901184,1.0897995233535767,1.0894432067871094,1.0897995233535767,0
2024-11-04 08:35:00+00:00,1.0897995233535767,1.0897995233535767,1.0897995233535767,1.089680790901184,1.089680790901184,0
2024-11-04 08:40:00+00:00,1.089561939239502,1.089561939239502,1.089561939239502,1.0893245935440063,1.089561939239502,0
2024-11-04 08:45:00+00:00,1.0893245935440063,1.0893245935440063,1.0894432067871094,1.0892059803009033,1.0894432067871094,0
2024-11-04 08:50:00+00:00,1.089561939239502,1.089561939239502,1.089561939239502,1.0894432067871094,1.0894432067871094,0
2024-11-04 08:55:00+00:00,1.089680790901184,1.089680790901184,1.089680790901184,1.089561939239502,1.089561939239502,0
2024-11-04 09:00:00+00:00,1.0899182558059692,1.0899182558059692,1.0899182558059692,1.0894432067871094,1.0894432067871094,0
2024-11-04 09:05:00+00:00,1.089680790901184,1.089680790901184,1.0899182558059692,1.0894432067871094,1.0899182558059692,0
2024-11-04 09:10:00+00:00,1.0897995233535767,1.0897995233535767,1.0897995233535767,1.0894432067871094,1.0894432067871094,0
2024-11-04 09:15:00+00:00,1.0900371074676514,1.0900371074676514,1.0901559591293335,1.0900371074676514,1.0900371074676514,0
2024-11-04 09:20:00+00:00,1.089680790901184,1.089680790901184,1.0899182558059692,1.089680790901184,1.0897995233535767,0
2024-11-04 09:25:00+00:00,1.0900371074676514,1.0900371074676514,1.0901559591293335,1.0900371074676514,1.0900371074676514,0
2024-11-04 09:30:00+00:00,1.0901559591293335,1.0901559591293335,1.0901559591293335,1.0900371074676514,1.0901559591293335,0
2024-11-04 09:35:00+00:00,1.0903936624526978,1.0903936624526978,1.0905125141143799,1.0901559591293335,1.0901559591293335,0
2024-11-04 09:40:00+00:00,1.0903936624526978,1.0903936624526978,1.0905125141143799,1.0903936624526978,1.0905125141143799,0
2024-11-04 09:45:00+00:00,1.0901559591293335,1.0901559591293335,1.0903936624526978,1.0901559591293335,1.0903936624526978,0
2024-11-04 09:50:00+00:00,1.0901559591293335,1.0901559591293335,1.0901559591293335,1.0897995233535767,1.0900371074676514,0
2024-11-04 09:55:00+00:00,1.0899182558059692,1.0899182558059692,1.0900371074676514,1.0899182558059692,1.0900371074676514,0
2024-11-04 10:00:00+00:00,1.0900371074676514,1.0900371074676514,1.0900371074676514,1.0897995233535767,1.0897995233535767,0
2024-11-04 10:05:00+00:00,1.0900371074676514,1.0900371074676514,1.0901559591293335,1.0900371074676514,1.0900371074676514,0
2024-11-04 10:10:00+00:00,1.0900371074676514,1.0900371074676514,1.0901559591293335,1.0900371074676514,1.0901559591293335,0
2024-11-04 10:15:00+00:00,1.0899182558059692,1.0899182558059692,1.0901559591293335,1.0899182558059692,1.0901559591293335,0
2024-11-04 10:20:00+00:00,1.0897995233535767,1.0897995233535767,1.0899182558059692,1.089680790901184,1.0899182558059692,0
2024-11-04 10:25:00+00:00,1.0899182558059692,1.0899182558059692,1.0900371074676514,1.0899182558059692,1.0899182558059692,0
2024-11-04 10:30:00+00:00,1.0901559591293335,1.0901559591293335,1.090274691581726,1.0900371074676514,1.0900371074676514,0
2024-11-04 10:35:00+00:00,1.0903936624526978,1.0903936624526978,1.0903936624526978,1.0900371074676514,1.0900371074676514,0
2024-11-04 10:40:00+00:00,1.0905125141143799,1.0905125141143799,1.0905125141143799,1.090274691581726,1.0903936624526978,0
2024-11-04 10:45:00+00:00,1.090274691581726,1.090274691581726,1.0903936624526978,1.090274691581726,1.0903936624526978,0
2024-11-04 10:50:00+00:00,1.0903936624526978,1.0903936624526978,1.0903936624526978,1.0901559591293335,1.090274691581726,0
2024-11-04 10:55:00+00:00,1.0905125141143799,1.0905125141143799,1.0906314849853516,1.0903936624526978,1.0906314849853516,0
2024-11-04 11:00:00+00:00,1.0905125141143799,1.0905125141143799,1.0907504558563232,1.0903936624526978,1.0903936624526978,0
2024-11-04 11:05:00+00:00,1.0906314849853516,1.0906314849853516,1.0907504558563232,1.0906314849853516,1.0906314849853516,0
2024-11-04 11:10:00+00:00,1.0906314849853516,1.0906314849853516,1.0907504558563232,1.0905125141143799,1.0907504558563232,0
2024-11-04 11:15:00+00:00,1.0905125141143799,1.0905125141143799,1.0906314849853516,1.0905125141143799,1.0906314849853516,0
2024-11-04 11:20:00+00:00,1.090274691581726,1.090274691581726,1.0905125141143799,1.090274691581726,1.0905125141143799,0
2024-11-04 11:25:00+00:00,1.0903936624526978,1.0903936624526978,1.0906314849853516,1.0903936624526978,1.0906314849853516,0
2024-11-04 11:30:00+00:00,1.0906314849853516,1.0906314849853516,1.0906314849853516,1.090274691581726,1.0905125141143799,0
2024-11-04 11:35:00+00:00,1.090869426727295,1.090869426727295,1.0909883975982666,1.0907504558563232,1.0907504558563232,0
2024-11-04 11:40:00+00:00,1.0911074876785278,1.0911074876785278,1.0911074876785278,1.0909883975982666,1.0909883975982666,0
2024-11-04 11:45:00+00:00,1.0913456678390503,1.0913456678390503,1.0913456678390503,1.0909883975982666,1.0909883975982666,0
2024-11-04 11:50:00+00:00,1.0915838479995728,1.0915838479995728,1.0915838479995728,1.091226577758789,1.091226577758789,0
2024-11-04 11:55:00+00:00,1.0917030572891235,1.0917030572891235,1.0917030572891235,1.0915838479995728,1.0915838479995728,0
2024-11-04 12:00:00+00:00,1.091226577758789,1.091226577758789,1.0917030572891235,1.091226577758789,1.0915838479995728,0
2024-11-04 12:05:00+00:00,1.0909883975982666,1.0909883975982666,1.0913456678390503,1.0909883975982666,1.091226577758789,0
2024-11-04 12:10:00+00:00,1.0907504558563232,1.0907504558563232,1.0909883975982666,1.0907504558563232,1.0909883975982666,0
2024-11-04 12:15:00+00:00,1.090869426727295,1.090869426727295,1.0909883975982666,1.0906314849853516,1.0906314849853516,0
2024-11-04 12:20:00+00:00,1.0909883975982666,1.0909883975982666,1.0909883975982666,1.090869426727295,1.090869426727295,0
2024-11-04 12:25:00+00:00,1.0911074876785278,1.0911074876785278,1.091226577758789,1.0911074876785278,1.091226577758789,0
2024-11-04 12:30:00+00:00,1.0909883975982666,1.0909883975982666,1.091226577758789,1.0909883975982666,1.0911074876785278,0
2024-11-04 12:35:00+00:00,1.0909883975982666,1.0909883975982666,1.0911074876785278,1.0909883975982666,1.0909883975982666,0
2024-11-04 12:40:00+00:00,1.0907504558563232,1.0907504558563232,1.090869426727295,1.0906314849853516,1.090869426727295,0
2024-11-04 12:45:00+00:00,1.0906314849853516,1.0906314849853516,1.0906314849853516,1.0905125141143799,1.0906314849853516,0
2024-11-04 12:50:00+00:00,1.0907504558563232,1.0907504558563232,1.0907504558563232,1.0905125141143799,1.0907504558563232,0
2024-11-04 12:55:00+00:00,1.0906314849853516,1.0906314849853516,1.0906314849853516,1.0906314849853516,1.0906314849853516,0
